time,Pc,F_thrust,T_logger
5.66,1.29,5.64847,4
5.67,1.29,-2.46428,4
5.68,1.29,4.3723,4
5.69,1.29,1.61006,4
5.7,1.29,16.5543,4
5.71,1.29,5.20359,4
5.72,1.29,0.841779,4
5.73,1.29,-0.663548,4
5.74,1.29,5.28933,4
5.75,1.29,14.9299,4
5.76,1.29,8.78761,4
5.77,1.29,15.1455,4
5.78,1.29,5.76839,4
5.79,1.29,-3.20442,4
5.8,1.29,-1.38913,4
5.81,1.29,-3.52005,4
5.82,1.29,17.1483,4
5.83,1.29,-2.30118,4
5.84,1.29,7.86584,4
5.85,1.29,4.74969,4
5.86,1.29,2.47315,4
5.87,1.29,17.8527,4
5.88,1.29,16.8397,4
5.89,1.29,12.9446,4
5.9,1.29,-3.30489,4
5.91,1.29,1.55124,4
5.92,1.29,-5.99071,4
5.93,1.29,-0.594129,4
5.94,1.29,6.96039,4
5.95,1.29,0.73052,4
5.96,1.29,8.11249,4
5.97,1.29,4.72972,4
5.98,1.29,13.8506,4
5.99,1.29,6.13192,4
6,1.29,10.216,4
6.01,1.29,10.71,4
6.02,1.29,11.6339,4
6.03,1.29,11.2468,4
6.04,1.29,7.1936,4
6.05,1.29,-4.99067,4
6.06,1.29,-2.19236,4
6.07,1.29,-4.91543,4
6.08,1.29,-3.5232,4
6.09,1.29,6.42035,4
6.1,1.29,11.3411,4
6.11,1.29,2.63431,4
6.12,1.29,1.96322,4
6.13,1.29,3.20992,4
6.14,1.29,11.4505,4
6.15,1.29,10.7741,4
6.16,1.29,13.4708,4
6.17,1.29,16.1676,4
6.18,1.29,18.8483,4
6.19,1.29,-0.557194,4
6.2,1.29,8.88359,4
6.21,1.29,5.34365,4
6.22,1.29,0.866209,4
6.23,1.29,-0.440022,4
6.24,1.29,-3.71594,4
6.25,1.29,-3.71594,4
6.26,1.29,-3.31728,4
6.27,1.29,-3.80737,4
6.28,1.29,10.6976,4
6.29,1.29,15.1566,4
6.3,1.29,17.6807,4
6.31,1.29,-2.37408,4
6.32,1.29,16.1964,4
6.33,1.29,13.255,4
6.34,1.29,3.61007,4
6.35,1.29,9.24978,4
6.36,1.29,4.46056,4
6.37,1.29,-0.316257,4
6.38,1.29,2.62398,4
6.39,1.29,7.97892,4
6.4,1.29,4.42272,4
6.41,1.29,-1.72279,4
6.42,1.29,-5.42847,4
6.43,1.29,6.36446,4
6.44,1.29,16.6725,4
6.45,1.29,15.0315,4
6.46,1.29,8.63647,4
6.47,1.29,3.58161,4
6.48,1.29,1.67622,4
6.49,1.29,15.7364,4
6.5,1.29,-0.0123209,4
6.51,1.29,1.67622,4
6.52,1.29,0.0130663,4
6.53,1.29,15.5431,4
6.54,1.29,13.0467,4
6.55,1.29,0.425106,4
6.56,1.29,-3.94346,4
6.57,1.29,14.0222,4
6.58,1.29,2.76996,4
6.59,1.29,13.8757,4
6.6,1.29,15.2819,4
6.61,1.29,8.95974,4
6.62,1.29,16.6375,4
6.63,1.29,16.3352,4
6.64,1.29,0.346581,4
6.65,1.29,5.71512,4
6.66,1.29,-2.83577,4
6.67,1.29,-1.21731,4
6.68,1.29,12.0893,4
6.69,1.29,-1.51185,4
6.7,1.29,13.4433,4
6.71,1.29,-0.679773,4
6.72,1.29,12.0786,4
6.73,1.29,12.334,4
6.74,1.29,11.3621,4
6.75,1.29,11.7374,4
6.76,1.29,4.00128,4
6.77,1.29,4.31019,4
6.78,1.29,4.36845,4
6.79,1.29,-1.01986,4
6.8,1.29,6.96856,4
6.81,1.29,-4.82372,4
6.82,1.29,-4.37123,4
6.83,1.29,-3.91874,4
6.84,1.29,8.46872,4
6.85,1.29,7.93932,4
6.86,1.29,-0.551854,4
6.87,1.29,-0.197997,4
6.88,1.29,-0.454762,4
6.89,1.29,-0.225966,4
6.9,1.29,1.20003,4
6.91,1.29,17.4925,4
6.92,1.29,11.5957,4
6.93,1.29,-3.28652,4
6.94,1.29,9.96731,4
6.95,1.29,7.94085,4
6.96,1.29,-5.06104,4
6.97,1.29,-5.92156,4
6.98,1.29,8.12825,4
6.99,1.29,12.5311,4
7,1.29,14.9464,4
7.01,1.29,-0.134208,4
7.02,1.29,4.28142,4
7.03,1.29,9.52387,4
7.04,1.29,2.52692,4
7.05,1.29,-0.955109,4
7.06,1.29,-3.71594,4
7.07,1.29,-5.51908,4
7.08,1.29,8.90046,4
7.09,1.29,3.59131,4
7.1,1.29,2.88468,4
7.11,1.29,8.49025,4
7.12,1.29,-3.52481,4
7.13,1.29,3.88329,4
7.14,1.29,8.17788,4
7.15,1.29,2.09437,4
7.16,1.29,3.82847,4
7.17,1.29,-0.179723,4
7.18,1.29,2.43428,4
7.19,1.29,3.02812,4
7.2,1.29,3.60748,4
7.21,1.29,2.39776,4
7.22,1.29,11.5396,4
7.23,1.29,5.1156,4
7.24,1.29,12.0622,4
7.25,1.29,5.74295,4
7.26,1.29,5.5986,4
7.27,1.29,17.1737,4
7.28,1.29,11.6022,4
7.29,1.29,3.09898,4
7.3,1.29,-3.22215,4
7.31,1.29,-0.890202,4
7.32,1.29,0.202228,4
7.33,1.29,3.9786,4
7.34,1.29,-5.95761,4
7.35,1.29,-0.326726,4
7.36,1.29,-1.2508,4
7.37,1.29,9.29251,4
7.38,1.29,-2.59584,4
7.39,1.29,-4.41895,4
7.4,1.29,-6.24205,4
7.41,1.29,-3.22064,4
7.42,1.29,13.0587,4
7.43,1.29,4.02416,4
7.44,1.29,-3.86105,4
7.45,1.29,2.18112,4
7.46,1.29,1.67622,4
7.47,1.29,-3.85818,4
7.48,1.29,4.3894,4
7.49,1.29,10.0463,4
7.5,1.29,2.83915,4
7.51,1.29,-3.0136,4
7.52,1.29,3.91495,4
7.53,1.29,3.72926,4
7.54,1.29,9.89574,4
7.55,1.29,-2.56626,4
7.56,1.29,2.4353,4
7.57,1.29,7.54094,4
7.58,1.29,13.1344,4
7.59,1.29,5.25158,4
7.6,1.29,-1.01986,4
7.61,1.29,0.768753,4
7.62,1.29,5.70119,4
7.63,1.29,3.72774,4
7.64,1.29,9.82563,4
7.65,1.29,3.51925,4
7.66,1.29,-0.957281,4
7.67,1.29,8.5092,4
7.68,1.29,-4.86743,4
7.69,1.29,15.8258,4
7.7,1.29,5.89087,4
7.71,1.29,6.7832,4
7.72,1.29,9.23011,4
7.73,1.29,8.50366,4
7.74,1.29,15.1277,4
7.75,1.29,4.33438,4
7.76,1.29,9.24913,4
7.77,1.29,3.8131,4
7.78,1.29,-4.28631,4
7.79,1.29,-4.36639,4
7.8,1.29,-5.87019,4
7.81,1.29,-0.0172347,4
7.82,1.29,2.52369,4
7.83,1.29,3.65077,4
7.84,1.29,9.76446,4
7.85,1.29,2.97303,4
7.86,1.29,6.15574,4
7.87,1.29,-0.351651,4
7.88,1.29,9.92879,4
7.89,1.29,7.86683,4
7.9,1.29,-2.10638,4
7.91,1.29,1.54279,4
7.92,1.29,2.53908,4
7.93,1.29,8.44538,4
7.94,1.29,13.1025,4
7.95,1.29,2.6858,4
7.96,1.29,-4.84687,4
7.97,1.29,-0.575146,4
7.98,1.29,4.77476,4
7.99,1.29,-0.73209,4
8,1.29,-0.169638,4
8.01,1.29,1.29001,4
8.02,1.29,-1.01986,4
8.03,1.29,1.66254,4
8.04,1.29,7.85176,4
8.05,1.29,11.1624,4
8.06,1.29,6.76836,4
8.07,1.29,-1.98269,4
8.08,1.29,-5.31666,4
8.09,1.29,-1.16622,4
8.1,1.29,3.57692,4
8.11,1.29,8.65074,4
8.12,1.29,5.85122,4
8.13,1.29,1.64006,4
8.14,1.29,4.55422,4
8.15,1.29,9.08558,4
8.16,1.29,-1.86932,4
8.17,1.29,12.0355,4
8.18,1.29,2.11639,4
8.19,1.29,1.67622,4
8.2,1.29,2.78446,4
8.21,1.29,1.58802,4
8.22,1.29,4.62825,4
8.23,1.29,-2.65102,4
8.24,1.29,5.27043,4
8.25,1.29,2.76537,4
8.26,1.29,10.2677,4
8.27,1.29,-2.33517,4
8.28,1.29,7.31143,4
8.29,1.29,15.9867,4
8.3,1.29,1.40496,4
8.31,1.29,-0.54249,4
8.32,1.29,15.9039,4
8.33,1.29,-3.71594,4
8.34,1.29,-1.41347,4
8.35,1.29,-4.38951,4
8.36,1.29,-3.71594,4
8.37,1.29,13.4133,4
8.38,1.29,2.94271,4
8.39,1.29,10.3613,4
8.4,1.29,9.61424,4
8.41,1.29,4.92658,4
8.42,1.29,8.18866,4
8.43,1.29,12.9111,4
8.44,1.29,11.8162,4
8.45,1.29,10.4141,4
8.46,1.29,6.06781,4
8.47,1.29,4.73674,4
8.48,1.29,1.68746,4
8.49,1.29,0.653583,4
8.5,1.29,9.50013,4
8.51,1.29,12.5303,4
8.52,1.29,-2.35675,4
8.53,1.29,5.60911,4
8.54,1.29,7.92988,4
8.55,1.29,-4.47845,4
8.56,1.29,5.95749,4
8.57,1.29,-0.994347,4
8.58,1.29,-0.511673,4
8.59,1.29,-0.0289991,4
8.6,1.29,,4
8.61,1.29,,4
8.62,1.29,,4
8.63,1.29,,4
8.64,1.29,,4
8.65,1.29,,4
8.66,1.29,3.34972,4
8.67,1.29,3.83239,4
8.68,1.29,4.31506,4
8.69,1.29,1.99991,4
8.7,1.29,-0.659866,4
8.71,1.29,17.2852,4
8.72,1.29,13.8856,4
8.73,1.29,7.06838,4
8.74,1.29,3.57176,4
8.75,1.29,-1.0141,4
8.76,1.29,3.95503,4
8.77,1.29,1.6596,4
8.78,1.29,11.4395,4
8.79,1.29,17.8527,4
8.8,1.29,4.68995,4
8.81,1.29,-2.15927,4
8.82,1.29,2.72323,4
8.83,1.29,7.29031,4
8.84,1.29,0.217652,4
8.85,1.29,2.34634,4
8.86,1.29,7.07954,4
8.87,1.29,-1.23268,4
8.88,1.29,-1.92365,4
8.89,1.29,5.95398,4
8.9,1.29,13.0091,4
8.91,1.29,18.2221,4
8.92,1.29,20.5488,4
8.93,1.29,-1.89262,4
8.94,1.29,14.6403,4
8.95,1.29,0.053833,4
8.96,1.29,6.71982,4
8.97,1.29,15.0741,4
8.98,1.29,1.38131,4
8.99,1.29,-3.00349,4
9,1.29,1.53973,4
9.01,1.29,-6.11565,4
9.02,1.29,-3.48036,4
9.03,1.29,-2.23284,4
9.04,1.29,-3.71594,4
9.05,1.29,-3.71594,4
9.06,1.29,0.196938,4
9.07,1.29,4.21261,4
9.08,1.29,4.49919,4
9.09,1.29,9.22283,4
9.1,1.29,6.31422,4
9.11,1.29,3.41993,4
9.12,1.29,14.621,4
9.13,1.29,0.231102,4
9.14,1.29,4.88303,4
9.15,1.29,0.757867,4
9.16,1.29,18.3539,4
9.17,1.29,-0.865027,4
9.18,1.29,-6.41202,4
9.19,1.29,-4.37468,4
9.2,1.29,5.27377,4
9.21,1.29,8.15385,4
9.22,1.29,16.4584,4
9.23,1.29,4.78882,4
9.24,1.29,-0.297967,4
9.25,1.29,-1.96644,4
9.26,1.29,-1.3226,4
9.27,1.29,7.94857,4
9.28,1.29,6.84919,4
9.29,1.29,5.74981,4
9.3,1.29,,4
9.31,1.29,,4
9.32,1.29,,4
9.33,1.29,,4
9.34,1.29,,4
9.35,1.29,,4
9.36,1.29,-1.94585,4
9.37,1.29,-3.04523,4
9.38,1.29,0.381072,4
9.39,1.29,6.11018,4
9.4,1.29,4.3723,4
9.41,1.29,2.85326,4
9.42,1.29,-0.708967,4
9.43,1.29,-1.83754,4
9.44,1.29,3.4512,4
9.45,1.29,6.0337,4
9.46,1.29,8.92216,4
9.47,1.29,6.24704,4
9.48,1.29,3.27631,4
9.49,1.29,0.638167,4
9.5,1.29,4.19002,4
9.51,1.29,11.6081,4
9.52,1.29,8.08383,4
9.53,1.29,17.0789,4
9.54,1.29,2.42124,4
9.55,1.29,-4.30729,4
9.56,1.29,0.947848,4
9.57,1.29,1.43721,4
9.58,1.29,8.06495,4
9.59,1.29,9.97753,4
9.6,1.29,17.8527,4
9.61,1.29,12.4172,4
9.62,1.29,-2.64982,4
9.63,1.29,-3.53411,4
9.64,1.29,6.45852,4
9.65,1.29,16.1333,4
9.66,1.29,18.8611,4
9.67,1.29,11.1125,4
9.68,1.29,11.061,4
9.69,1.29,3.28449,4
9.7,1.29,-3.00939,4
9.71,1.29,3.54933,4
9.72,1.29,5.10786,4
9.73,1.29,13.679,4
9.74,1.29,-1.07297,4
9.75,1.29,-2.29399,4
9.76,1.29,2.17694,4
9.77,1.29,17.7329,4
9.78,1.29,-4.06556,4
9.79,1.29,11.1836,4
9.8,1.29,8.00626,4
9.81,1.29,0.334609,4
9.82,1.29,3.80212,4
9.83,1.29,12.4171,4
9.84,1.29,7.32951,4
9.85,1.29,13.7798,4
9.86,1.29,6.67723,4
9.87,1.29,8.23203,4
9.88,1.29,2.35137,4
9.89,1.29,5.74692,4
9.9,1.29,-0.874096,4
9.91,1.29,1.9033,4
9.92,1.29,8.79081,4
9.93,1.29,17.8527,4
9.94,1.29,1.45411,4
9.95,1.29,0.975028,4
9.96,1.29,0.495944,4
9.97,1.29,,4
9.98,1.29,,4
9.99,1.29,,4
10,1.29,,4
10.01,1.29,,4
10.02,1.29,,4
10.03,1.29,-2.85765,4
10.04,1.29,-3.33674,4
10.05,1.29,-1.51184,4
10.06,1.29,5.47053,4
10.07,1.29,-1.01986,4
10.08,1.29,9.37205,4
10.09,1.29,-1.61277,4
10.1,1.29,4.08189,4
10.11,1.29,13.3915,4
10.12,1.29,6.76552,4
10.13,1.29,-2.18994,4
10.14,1.29,3.14095,4
10.15,1.29,5.4866,4
10.16,1.29,13.1414,4
10.17,1.29,-4.49386,4
10.18,1.29,-3.74759,4
10.19,1.29,13.0797,4
10.2,1.29,-2.77143,4
10.21,1.29,2.17715,4
10.22,1.29,4.70923,4
10.23,1.29,1.92097,4
10.24,1.29,3.64217,4
10.25,1.29,2.60832,4
10.26,1.29,7.05053,4
10.27,1.29,12.5044,4
10.28,1.29,6.77174,4
10.29,1.29,8.04425,4
10.3,1.29,9.05399,4
10.31,1.29,10.0091,4
10.32,1.29,7.73805,4
10.33,1.29,-2.63797,4
10.34,1.29,9.03253,4
10.35,1.29,10.1097,4
10.36,1.29,4.58976,4
10.37,1.29,9.98384,4
10.38,1.29,14.4624,4
10.39,1.29,7.06838,4
10.4,1.29,10.9967,4
10.41,1.29,10.1389,4
10.42,1.29,0.0478114,4
10.43,1.29,-2.85119,4
10.44,1.29,2.47271,4
10.45,1.29,-2.79357,4
10.46,1.29,0.912394,4
10.47,1.29,2.54771,4
10.48,1.29,-2.73008,4
10.49,1.29,9.89109,4
10.5,1.29,3.66969,4
10.51,1.29,-0.471569,4
10.52,1.29,2.72873,4
10.53,1.29,-2.20788,4
10.54,1.29,-3.07504,4
10.55,1.29,-2.37519,4
10.56,1.29,,4
10.57,1.29,,4
10.58,1.29,,4
10.59,1.29,,4
10.6,1.29,,4
10.61,1.29,,4
10.62,1.29,,4
10.63,1.29,,4
10.64,1.29,3.92346,4
10.65,1.29,4.62331,4
10.66,1.29,5.40064,4
10.67,1.29,6.91885,4
10.68,1.29,3.28465,4
10.69,1.29,5.649,4
10.7,1.29,-6.07556,4
10.71,1.29,-6.41202,4
10.72,1.29,-1.01986,4
10.73,1.29,13.7269,4
10.74,1.29,7.11033,4
10.75,1.29,8.17684,4
10.76,1.29,2.39631,4
10.77,1.29,-5.65045,4
10.78,1.29,12.3729,4
10.79,1.29,-0.499041,4
10.8,1.29,-2.67533,4
10.81,1.29,9.30507,4
10.82,1.29,14.5667,4
10.83,1.29,8.01663,4
10.84,1.29,5.13202,4
10.85,1.29,6.24388,4
10.86,1.29,13.2445,4
10.87,1.29,9.58973,4
10.88,1.29,8.34368,4
10.89,1.29,7.95763,4
10.9,1.29,-1.14227,4
10.91,1.29,-5.13666,4
10.92,1.29,1.35137,4
10.93,1.29,5.30976,4
10.94,1.29,0.111934,4
10.95,1.29,0.49244,4
10.96,1.29,-1.01986,4
10.97,1.29,0.697092,4
10.98,1.29,4.63607,4
10.99,1.29,2.7764,4
11,1.29,-0.639391,4
11.01,1.29,1.39333,4
11.02,1.29,-3.36544,4
11.03,1.29,1.21224,4
11.04,1.29,-4.91897,4
11.05,1.29,-1.01986,4
11.06,1.29,0.836472,4
11.07,1.29,3.93296,4
11.08,1.29,1.17744,4
11.09,1.29,3.43361,4
11.1,1.29,7.53051,4
11.11,1.29,-0.2251,4
11.12,1.29,5.372,4
11.13,1.29,7.08402,4
11.14,1.29,5.50652,4
11.15,1.29,5.66671,4
11.16,1.29,6.38933,4
11.17,1.29,9.72016,4
11.18,1.29,-6.18224,4
11.19,1.29,-5.75535,4
11.2,1.29,,4
11.21,1.29,,4
11.22,1.29,,4
11.23,1.29,,4
11.24,1.29,,4
11.25,1.29,,4
11.26,1.29211,,4
11.27,1.29481,,4
11.28,1.29751,-1.91325,4
11.29,1.30021,-1.48635,4
11.3,1.30291,-1.05945,4
11.31,1.30561,5.91986,4
11.32,1.30831,0.206362,4
11.33,1.31101,3.11957,4
11.34,1.31371,9.67188,4
11.35,1.31641,-2.31502,4
11.36,1.31489,-2.03107,4
11.37,1.31219,2.02291,4
11.38,1.30949,3.77206,4
11.39,1.30679,-1.51948,4
11.4,1.30409,0.0913595,4
11.41,1.30139,4.37916,4
11.42,1.29869,2.57238,4
11.43,1.29599,-2.30735,4
11.44,1.29329,10.3023,4
11.45,1.29059,2.82853,4
11.46,1.29,4.46748,4
11.47,1.29,9.52461,4
11.48,1.29,6.39037,4
11.49,1.29,5.91374,4
11.5,1.29,-3.53396,4
11.51,1.29,10.1579,4
11.52,1.29,9.15774,4
11.53,1.29,-1.01986,4
11.54,1.29,-0.0898192,4
11.55,1.29,0.850577,4
11.56,1.29,0.291276,4
11.57,1.29,5.37761,4
11.58,1.29,10.5403,4
11.59,1.29,16.6106,4
11.6,1.29,1.92815,4
11.61,1.29,14.5797,4
11.62,1.29,5.29714,4
11.63,1.29,-2.88071,4
11.64,1.29,7.89896,4
11.65,1.29,-6.17773,4
11.66,1.29,-3.21097,4
11.67,1.29,19.8946,4
11.68,1.29,8.79018,4
11.69,1.29,17.8527,4
11.7,1.29,17.8527,4
11.71,1.29,0.20704,4
11.72,1.29,6.81136,4
11.73,1.29,12.5052,4
11.74,1.29,-1.57443,4
11.75,1.29,13.2748,4
11.76,1.29,5.68687,4
11.77,1.29,0.171742,4
11.78,1.29,12.0675,4
11.79,1.29,9.09186,4
11.8,1.29,-1.02284,4
11.81,1.29,8.76625,4
11.82,1.29,3.10543,4
11.83,1.29,-4.25315,4
11.84,1.29,8.46162,4
11.85,1.29,3.86351,4
11.86,1.29,-2.22647,4
11.87,1.29,0.348943,4
11.88,1.29,-0.419044,4
11.89,1.29,1.05763,4
11.9,1.29,2.5343,4
11.91,1.29,,4
11.92,1.29,,4
11.93,1.29,,4
11.94,1.29,,4
11.95,1.29,,4
11.96,1.29,,4
11.97,1.29,12.871,4
11.98,1.29,14.3477,4
11.99,1.29,8.54615,4
12,1.29,0.128953,4
12.01,1.29,-1.73651,4
12.02,1.29,2.31903,4
12.03,1.29,2.38265,4
12.04,1.29,6.63246,4
12.05,1.29,10.159,4
12.06,1.29,13.0534,4
12.07,1.29,1.89501,4
12.08,1.29,2.56139,4
12.09,1.29,13.178,4
12.1,1.29,13.2952,4
12.11,1.29,5.99626,4
12.12,1.29,2.53257,4
12.13,1.29,16.9266,4
12.14,1.29,-3.31816,4
12.15,1.29,-3.4128,4
12.16,1.29,-0.96246,4
12.17,1.29,1.56225,4
12.18,1.29,-3.70596,4
12.19,1.29,-0.0569644,4
12.2,1.29,-1.01986,4
12.21,1.29,1.49933,4
12.22,1.29,6.59395,4
12.23,1.29,1.19877,4
12.24,1.29,3.89285,4
12.25,1.29,2.69047,4
12.26,1.29,15.1265,4
12.27,1.29,8.05891,4
12.28,1.29,6.08562,4
12.29,1.29,-0.464134,4
12.3,1.29,-7.69595,4
12.31,1.29,0.823676,4
12.32,1.29,6.36514,4
12.33,1.29,10.041,4
12.34,1.29,10.4092,4
12.35,1.29,10.2191,4
12.36,1.29,6.17272,4
12.37,1.29,-1.01986,4
12.38,1.29,4.05128,4
12.39,1.29,14.0309,4
12.4,1.29,-2.91915,4
12.41,1.29,10.7781,4
12.42,1.29,14.3185,4
12.43,1.29,11.9194,4
12.44,1.29,4.70312,4
12.45,1.29,8.63443,4
12.46,1.29,6.74957,4
12.47,1.29,-2.27137,4
12.48,1.29,1.36161,4
12.49,1.29,1.39746,4
12.5,1.29,-4.44828,4
12.51,1.29,3.61962,4
12.52,1.29,14.6526,4
12.53,1.29,2.3618,4
12.54,1.29,3.16479,4
12.55,1.29,-1.01986,4
12.56,1.29,1.58982,4
12.57,1.29,17.633,4
12.58,1.29,16.2963,4
12.59,1.29,14.9596,4
12.6,1.29,,4
12.61,1.29,,4
12.62,1.29,,4
12.63,1.29,,4
12.64,1.29,,4
12.65,1.29,,4
12.66,1.29,5.60288,4
12.67,1.29,4.2662,4
12.68,1.29,3.41734,4
12.69,1.29,8.85745,4
12.7,1.29,8.50472,4
12.71,1.29,9.09081,4
12.72,1.29,-1.09996,4
12.73,1.29,-2.71361,4
12.74,1.29,-3.71594,4
12.75,1.29,13.7023,4
12.76,1.29,17.8527,4
12.77,1.29,13.2946,4
12.78,1.29,14.5644,4
12.79,1.29,17.2419,4
12.8,1.29,17.8527,4
12.81,1.29,4.9974,4
12.82,1.29,5.25022,4
12.83,1.29,-4.7723,4
12.84,1.29,11.0122,4
12.85,1.29,5.47547,4
12.86,1.29,2.38833,4
12.87,1.29,0.147961,4
12.88,1.29,0.852149,4
12.89,1.29,3.59709,4
12.9,1.29,7.2035,4
12.91,1.29,12.0464,4
12.92,1.29,5.42492,4
12.93,1.29,13.6788,4
12.94,1.29,3.74474,4
12.95,1.29,14.399,4
12.96,1.29,13.6165,4
12.97,1.29,17.7438,4
12.98,1.29,5.10265,4
12.99,1.29,4.43742,4
13,1.29,10.5331,4
13.01,1.29,0.0587089,4
13.02,1.29,1.67622,4
13.03,1.29,-1.01213,4
13.04,1.29,11.7076,4
13.05,1.29,0.32474,4
13.06,1.29,-1.01867,4
13.07,1.29,5.05995,4
13.08,1.29,-0.517071,4
13.09,1.29,0.408427,4
13.1,1.29,3.18066,4
13.11,1.29,-1.98658,4
13.12,1.29,3.69188,4
13.13,1.29,-0.97844,4
13.14,1.29,-6.41202,4
13.15,1.29,4.17642,4
13.16,1.29,2.88228,4
13.17,1.29,-1.11502,4
13.18,1.29,-4.75136,4
13.19,1.29,-1.92501,4
13.2,1.29,-0.24753,4
13.21,1.29,3.31212,4
13.22,1.29,8.33891,4
13.23,1.29,-3.11091,4
13.24,1.29,-5.7156,4
13.25,1.29,-0.201069,4
13.26,1.29,2.92797,4
13.27,1.29,2.38784,4
13.28,1.29,10.9171,4
13.29,1.29,9.71474,4
13.3,1.29,6.15699,4
13.31,1.29,9.62358,4
13.32,1.29,-0.99831,4
13.33,1.29,-0.518307,4
13.34,1.29,-0.038304,4
13.35,1.29,,4
13.36,1.29,,4
13.37,1.29,,4
13.38,1.29,,4
13.39,1.29,,4
13.4,1.29,,4
13.41,1.29,3.32172,4
13.42,1.29,3.80172,4
13.43,1.29,4.28172,4
13.44,1.29,-0.289865,4
13.45,1.29,3.45906,4
13.46,1.29,8.28039,4
13.47,1.29,7.6753,4
13.48,1.29,8.0911,4
13.49,1.29,3.41604,4
13.5,1.29,-0.209923,4
13.51,1.29,4.37783,4
13.52,1.29,2.77119,4
13.53,1.29,-1.09445,4
13.54,1.29,3.169,4
13.55,1.29,-0.392241,4
13.56,1.29,5.72997,4
13.57,1.29,-2.96402,4
13.58,1.29,1.68471,4
13.59,1.29,14.4638,4
13.6,1.29,-3.71594,4
13.61,1.29,0.0931351,4
13.62,1.29,-2.4766,4
13.63,1.29,-1.15161,4
13.64,1.29,1.19366,4
13.65,1.29,10.0724,4
13.66,1.29,8.66745,4
13.67,1.29,-0.156243,4
13.68,1.29,13.5807,4
13.69,1.29,2.57629,4
13.7,1.29,12.4341,4
13.71,1.29,4.54349,4
13.72,1.29,6.70124,4
13.73,1.29,10.0102,4
13.74,1.29,-0.504006,4
13.75,1.29,4.52428,4
13.76,1.29,1.60051,4
13.77,1.29,7.48974,4
13.78,1.29,15.9346,4
13.79,1.29,5.51521,4
13.8,1.29,-0.867301,4
13.81,1.29,1.15323,4
13.82,1.29,-0.513742,4
13.83,1.29,8.45472,4
13.84,1.29,5.93514,4
13.85,1.29,7.06838,4
13.86,1.29,8.57336,4
13.87,1.29,1.17073,4
13.88,1.29,8.92533,4
13.89,1.29,-2.73349,4
13.9,1.29,0.788162,4
13.91,1.29,1.60329,4
13.92,1.29,0.916289,4
13.93,1.29,0.229292,4
13.94,1.29,,4
13.95,1.29,,4
13.96,1.29,,4
13.97,1.29,,4
13.98,1.29,,4
13.99,1.29,,4
14,1.29,,4
14.01,1.29,-5.26668,4
14.02,1.29,-5.95368,4
14.03,1.29,0.648447,4
14.04,1.29,9.26748,4
14.05,1.29,12.8554,4
14.06,1.29,9.76446,4
14.07,1.29,11.183,4
14.08,1.29,5.47021,4
14.09,1.29,7.32556,4
14.1,1.29,8.66777,4
14.11,1.29,9.08519,4
14.12,1.29,5.21135,4
14.13,1.29,15.9978,4
14.14,1.29,14.1166,4
14.15,1.29,12.8252,4
14.16,1.29,0.781248,4
14.17,1.29,-3.60026,4
14.18,1.29,3.37739,4
14.19,1.29,12.9688,4
14.2,1.29,9.56017,4
14.21,1.29,6.19521,4
14.22,1.29,-2.79975,4
14.23,1.29,2.81692,4
14.24,1.29,12.4899,4
14.25,1.29,15.1566,4
14.26,1.29,10.3957,4
14.27,1.29,4.15957,4
14.28,1.29,10.3548,4
14.29,1.29,5.7527,4
14.3,1.29,-1.15419,4
14.31,1.29,5.7475,4
14.32,1.29,8.4572,4
14.33,1.29,4.59661,4
14.34,1.29,7.60474,4
14.35,1.29,14.9561,4
14.36,1.29,11.5151,4
14.37,1.29,1.73441,4
14.38,1.29,-3.31742,4
14.39,1.29,6.19788,4
14.4,1.29,7.50504,4
14.41,1.29,13.2268,4
14.42,1.29,-1.87662,4
14.43,1.29,-0.023807,4
14.44,1.29,2.06262,4
14.45,1.29,-2.99129,4
14.46,1.29,9.59572,4
14.47,1.29,8.41642,4
14.48,1.29,8.93286,4
14.49,1.29,5.0728,4
14.5,1.29,13.1859,4
14.51,1.29,3.99435,4
14.52,1.29,15.2685,4
14.53,1.29,6.02469,4
14.54,1.29,-3.16035,4
14.55,1.29,-1.14261,4
14.56,1.29,3.80997,4
14.57,1.29,11.5884,4
14.58,1.29,12.4605,4
14.59,1.29,11.5929,4
14.6,1.29,10.4604,4
14.61,1.29,,4
14.62,1.29,,4
14.63,1.29,,4
14.64,1.29,,4
14.65,1.29,,4
14.66,1.29,,4
14.67,1.29,2.53318,4
14.68,1.29,1.40072,4
14.69,1.29,0.268258,4
14.7,1.29,9.89502,4
14.71,1.29,7.26692,4
14.72,1.29,4.54628,4
14.73,1.29,3.20033,4
14.74,1.29,-2.70341,4
14.75,1.29,12.2544,4
14.76,1.29,11.7281,4
14.77,1.29,3.83859,4
14.78,1.29,5.45973,4
14.79,1.29,13.462,4
14.8,1.29,4.3723,4
14.81,1.29,-0.681355,4
14.82,1.29,3.95145,4
14.83,1.29,12.6219,4
14.84,1.29,2.44948,4
14.85,1.29,6.86365,4
14.86,1.29,1.75365,4
14.87,1.29,1.08118,4
14.88,1.29,-1.53112,4
14.89,1.29,7.70343,4
14.9,1.29,0.676228,4
14.91,1.29,7.65599,4
14.92,1.29,4.39997,4
14.93,1.29,14.8799,4
14.94,1.29,-2.54766,4
14.95,1.29,-1.48318,4
14.96,1.29,13.1911,4
14.97,1.29,12.9995,4
14.98,1.29,-0.427024,4
14.99,1.29,-4.1187,4
15,1.29,-1.80178,4
15.01,1.29,6.56609,4
15.02,1.29,1.32765,4
15.03,1.29,2.59291,4
15.04,1.29,-0.0356386,4
15.05,1.29,-1.01986,4
15.06,1.29,9.25423,4
15.07,1.29,14.8542,4
15.08,1.29,13.2058,4
15.09,1.29,8.70403,4
15.1,1.29,3.06312,4
15.11,1.29,14.9333,4
15.12,1.29,8.69127,4
15.13,1.29,-2.44783,4
15.14,1.29,0.578734,4
15.15,1.29,10.4831,4
15.16,1.29,10.1742,4
15.17,1.29,9.6871,4
15.18,1.29,13.0752,4
15.19,1.29,14.5335,4
15.2,1.29,12.3939,4
15.21,1.29,10.2543,4
15.22,1.29,,4
15.23,1.29,,4
15.24,1.29,,4
15.25,1.29,,4
15.26,1.29,,4
15.27,1.29,-2.58332,4
15.28,1.29,-4.72292,4
15.29,1.29,-5.02697,4
15.3,1.29,0.58088,4
15.31,1.29,-1.01986,4
15.32,1.29,-0.91052,4
15.33,1.29,4.03674,4
15.34,1.29,1.76388,4
15.35,1.29,12.0951,4
15.36,1.29,7.56884,4
15.37,1.29,-6.30952,4
15.38,1.29,-1.01145,4
15.39,1.29,4.37638,4
15.4,1.29,17.003,4
15.41,1.29,-2.94899,4
15.42,1.29,17.3683,4
15.43,1.29,13.4092,4
15.44,1.29,1.25038,4
15.45,1.29,4.84683,4
15.46,1.29,9.09517,4
15.47,1.29,4.45319,4
15.48,1.29,1.95731,4
15.49,1.29,-2.56498,4
15.5,1.29,4.21739,4
15.51,1.29,12.169,4
15.52,1.29,7.0235,4
15.53,1.29,4.4759,4
15.54,1.29,7.63755,4
15.55,1.29,7.92345,4
15.56,1.29,2.44242,4
15.57,1.29,0.0591707,4
15.58,1.29,2.72075,4
15.59,1.29,-0.710443,4
15.6,1.29,0.176478,4
15.61,1.29,2.65271,4
15.62,1.29,0.0902333,4
15.63,1.29,4.43626,4
15.64,1.29,2.95426,4
15.65,1.29,17.8527,4
15.66,1.29,15.1566,4
15.67,1.29,12.6767,4
15.68,1.29,-1.17311,4
15.69,1.29,-1.22569,4
15.7,1.29,7.43013,4
15.71,1.29,6.50593,4
15.72,1.29,-2.68827,4
15.73,1.29,5.20904,4
15.74,1.29,19.8868,4
15.75,1.29,0.164976,4
15.76,1.29,1.2973,4
15.77,1.29,4.02808,4
15.78,1.29,13.1458,4
15.79,1.29,7.10562,4
15.8,1.29,-2.5642,4
15.81,1.29,-2.25438,4
15.82,1.29,-2.78494,4
15.83,1.29,4.95817,4
15.84,1.29,-5.32488,4
15.85,1.29,7.81374,4
15.86,1.29,3.50425,4
15.87,1.29,7.06838,4
15.88,1.29,7.06838,4
15.89,1.29,,4
15.9,1.29,,4
15.91,1.29,,4
15.92,1.29,,4
15.93,1.29,,4
15.94,1.29,,4
15.95,1.29,,4
15.96,1.29,7.06838,4
15.97,1.29,7.06838,4
15.98,1.29,5.46119,4
15.99,1.29,3.04818,4
16,1.29,5.99134,4
16.01,1.29,-2.85432,4
16.02,1.29,-1.46759,4
16.03,1.29,-1.48371,4
16.04,1.29,-2.9134,4
16.05,1.29,7.60327,4
16.06,1.29,16.9917,4
16.07,1.29,1.67622,4
16.08,1.29,-0.664293,4
16.09,1.29,6.91951,4
16.1,1.29,4.58826,4
16.11,1.29,2.70043,4
16.12,1.29,5.66746,4
16.13,1.29,2.16382,4
16.14,1.29,17.7553,4
16.15,1.29,9.3279,4
16.16,1.29,-2.75865,4
16.17,1.29,11.9776,4
16.18,1.29,3.10723,4
16.19,1.29,8.12784,4
16.2,1.29,15.9054,4
16.21,1.29,4.17576,4
16.22,1.29,9.61609,4
16.23,1.29,15.1566,4
16.24,1.29,8.97285,4
16.25,1.29,2.37025,4
16.26,1.29,2.10356,4
16.27,1.29,1.15192,4
16.28,1.29,11.4117,4
16.29,1.29,7.58552,4
16.3,1.29,5.43772,4
16.31,1.29,2.8581,4
16.32,1.29,0.193929,4
16.33,1.29,10.5624,4
16.34,1.29,3.15216,4
16.35,1.29,-1.01986,4
16.36,1.29,-0.86911,4
16.37,1.29,6.50585,4
16.38,1.29,0.833462,4
16.39,1.29,11.6793,4
16.4,1.29,-0.563764,4
16.41,1.29,1.47709,4
16.42,1.29,5.95219,4
16.43,1.29,6.95527,4
16.44,1.29,-1.01986,4
16.45,1.29,9.32077,4
16.46,1.29,-4.83303,4
16.47,1.29,-6.41202,4
16.48,1.29,9.56955,4
16.49,1.29,6.72768,4
16.5,1.29,-3.29649,4
16.51,1.29,11.676,4
16.52,1.29,-0.492821,4
16.53,1.29,5.69639,4
16.54,1.29,16.5542,4
16.55,1.29,4.86654,4
16.56,1.29,6.30801,4
16.57,1.29,8.79715,4
16.58,1.29,7.5672,4
16.59,1.29,,4
16.6,1.29,,4
16.61,1.29,,4
16.62,1.29,,4
16.63,1.29,,4
16.64,1.29,,4
16.65,1.29,-1.04246,4
16.66,1.29,-2.27241,4
16.67,1.29,-3.50236,4
16.68,1.29,6.14995,4
16.69,1.29,13.8788,4
16.7,1.29,10.1232,4
16.71,1.29,0.568677,4
16.72,1.29,15.1566,4
16.73,1.29,7.10522,4
16.74,1.29,-1.14679,4
16.75,1.29,4.88508,4
16.76,1.29,-4.39686,4
16.77,1.29,2.68443,4
16.78,1.29,-1.17351,4
16.79,1.29,-5.78989,4
16.8,1.29,7.42467,4
16.81,1.29,6.36426,4
16.82,1.29,8.4609,4
16.83,1.29,5.87038,4
16.84,1.29,9.31647,4
16.85,1.29,11.5378,4
16.86,1.29,7.72084,4
16.87,1.29,1.39658,4
16.88,1.29,1.04864,4
16.89,1.29,-0.665908,4
16.9,1.29,6.18755,4
16.91,1.29,-1.55024,4
16.92,1.29,0.448586,4
16.93,1.29,16.3025,4
16.94,1.29,3.69401,4
16.95,1.29,-2.75346,4
16.96,1.29,12.0122,4
16.97,1.29,6.37271,4
16.98,1.29,2.73752,4
16.99,1.29,2.26369,4
17,1.29,17.6738,4
17.01,1.29,8.1403,4
17.02,1.29,17.485,4
17.03,1.29,15.1566,4
17.04,1.29,5.60761,4
17.05,1.29,6.53368,4
17.06,1.29203,11.4086,4
17.07,1.29463,-2.54272,4
17.08,1.29723,6.39932,4
17.09,1.29983,8.36445,4
17.1,1.30243,16.2834,4
17.11,1.30503,7.9778,4
17.12,1.30763,8.09752,4
17.13,1.31023,-4.18738,4
17.14,1.31283,3.02814,4
17.15,1.31543,-1.87925,4
17.16,1.31397,1.51619,4
17.17,1.31137,1.24933,4
17.18,1.30877,,4
17.19,1.30617,,4
17.2,1.30357,,4
17.21,1.30097,,4
17.22,1.29837,,4
17.23,1.29577,,4
17.24,1.29317,-0.61866,4
17.25,1.29057,-0.885516,4
17.26,1.29211,2.69156,4
17.27,1.29481,2.78421,4
17.28,1.29751,-2.69293,4
17.29,1.30021,8.80446,4
17.3,1.30291,13.8743,4
17.31,1.30561,-5.97384,4
17.32,1.30831,2.54922,4
17.33,1.31101,13.037,4
17.34,1.31371,3.75509,4
17.35,1.31641,1.86659,4
17.36,1.31489,13.8197,4
17.37,1.31219,0.288291,4
17.38,1.30949,-0.0644039,4
17.39,1.30679,1.67622,4
17.4,1.30409,13.6816,4
17.41,1.30139,-1.38165,4
17.42,1.29869,5.17616,4
17.43,1.29599,15.091,4
17.44,1.29329,-0.983337,4
17.45,1.29059,-1.01986,4
17.46,1.29,0.0912236,4
17.47,1.29,5.48237,4
17.48,1.29,11.1169,4
17.49,1.29,4.85043,4
17.5,1.29,-3.8687,4
17.51,1.29,-4.47559,4
17.52,1.29,8.61225,4
17.53,1.29,6.72193,4
17.54,1.29,5.76995,4
17.55,1.29,-1.23653,4
17.56,1.29,-4.6845,4
17.57,1.29,-4.31849,4
17.58,1.29,2.15524,4
17.59,1.29,0.381714,4
17.6,1.29,9.0191,4
17.61,1.29,8.40212,4
17.62,1.29,2.53865,4
17.63,1.29,3.6233,4
17.64,1.29,0.175793,4
17.65,1.29,13.9863,4
17.66,1.29,2.36053,4
17.67,1.29,-5.50575,4
17.68,1.29,-0.625506,4
17.69,1.29,7.76346,4
17.7,1.29,-0.255642,4
17.71,1.29,10.3623,4
17.72,1.29,-1.72722,4
17.73,1.29,8.59103,4
17.74,1.29,3.42086,4
17.75,1.29,11.2747,4
17.76,1.29,-1.01986,4
17.77,1.29,-1.01986,4
17.78,1.29,3.73137,4
17.79,1.29,1.8798,4
17.8,1.29,2.33106,4
17.81,1.29,-0.534174,4
17.82,1.29,-1.01986,4
17.83,1.29,10.8819,4
17.84,1.29,4.68792,4
17.85,1.29,6.87611,4
17.86,1.29,12.0507,4
17.87,1.29,4.3087,4
17.88,1.29,-3.97816,4
17.89,1.29,6.91086,4
17.9,1.29,16.6292,4
17.91,1.29,15.0353,4
17.92,1.29,,4
17.93,1.29,,4
17.94,1.29,,4
17.95,1.29,,4
17.96,1.29,,4
17.97,1.29,5.47199,4
17.98,1.29,3.87811,4
17.99,1.29,2.28424,4
18,1.29,-1.66617,4
18.01,1.29,-4.48364,4
18.02,1.29,-2.80838,4
18.03,1.29,3.56603,4
18.04,1.29,4.99717,4
18.05,1.29,0.55553,4
18.06,1.29,-6.41202,4
18.07,1.29,-5.42906,4
18.08,1.29,-4.1831,4
18.09,1.29,-4.67656,4
18.1,1.29,11.1125,4
18.11,1.29,7.43727,4
18.12,1.29,2.01575,4
18.13,1.29,13.1146,4
18.14,1.29,0.725232,4
18.15,1.29,-5.46775,4
18.16,1.29,12.0467,4
18.17,1.29,17.8527,4
18.18,1.29,2.1499,4
18.19,1.29,14.2028,4
18.2,1.29,6.99426,4
18.21,1.29,4.64246,4
18.22,1.29,2.50556,4
18.23,1.29,-3.27863,4
18.24,1.29,-1.14037,4
18.25,1.29,12.7903,4
18.26,1.29,3.48054,4
18.27,1.29,-4.62827,4
18.28,1.29,8.32767,4
18.29,1.29,16.3987,4
18.3,1.29,5.02,4
18.31,1.29,1.30854,4
18.32,1.29,4.76475,4
18.33,1.29,3.82763,4
18.34,1.29,7.19386,4
18.35,1.29,6.86483,4
18.36,1.29,-2.72007,4
18.37,1.29,-3.71594,4
18.38,1.29,-3.71594,4
18.39,1.29,-0.129056,4
18.4,1.29,-0.379969,4
18.41,1.29,2.62206,4
18.42,1.29,7.09638,4
18.43,1.29,-0.846633,4
18.44,1.29,3.63675,4
18.45,1.29,-6.38817,4
18.46,1.29,-1.8325,4
18.47,1.29,3.64042,4
18.48,1.29,7.06838,4
18.49,1.29,6.12706,4
18.5,1.29,1.57631,4
18.51,1.29,-2.85764,4
18.52,1.29,1.64186,4
18.53,1.29,6.90092,4
18.54,1.29,1.89234,4
18.55,1.29,14.7527,4
18.56,1.29,7.73871,4
18.57,1.29,-4.19101,4
18.58,1.29,1.10457,4
18.59,1.29,6.26961,4
18.6,1.29,-0.305552,4
18.61,1.29,-1.01986,4
18.62,1.29,14.5137,4
18.63,1.29,-2.54589,4
18.64,1.29,14.9015,4
18.65,1.29,13.8449,4
18.66,1.29,12.5046,4
18.67,1.29,,4
18.68,1.29,,4
18.69,1.29,,4
18.7,1.29,,4
18.71,1.29,,4
18.72,1.29,,4
18.73,1.29,,4
18.74,1.29,1.78199,4
18.75,1.29,0.441668,4
18.76,1.29,-0.898656,4
18.77,1.29,-3.28471,4
18.78,1.29,-3.71594,4
18.79,1.29,11.7661,4
18.8,1.29,2.49383,4
18.81,1.29,4.56458,4
18.82,1.29,13.012,4
18.83,1.29,-0.0982379,4
18.84,1.29,1.59825,4
18.85,1.29,9.15986,4
18.86,1.29,15.1566,4
18.87,1.29,4.58901,4
18.88,1.29,8.99792,4
18.89,1.29,-6.41202,4
18.9,1.29,-4.84621,4
18.91,1.29,-1.10318,4
18.92,1.29,5.61,4
18.93,1.29,13.5632,4
18.94,1.29,17.5276,4
18.95,1.29,2.33735,4
18.96,1.29,-1.86987,4
18.97,1.29,-4.87877,4
18.98,1.29,-2.76415,4
18.99,1.29,2.44944,4
19,1.29,7.46028,4
19.01,1.29,6.8992,4
19.02,1.29,17.8527,4
19.03,1.29,17.8527,4
19.04,1.29,12.4605,4
19.05,1.29,8.79639,4
19.06,1.29,-5.05804,4
19.07,1.29,7.13207,4
19.08,1.29,-3.71594,4
19.09,1.29,15.1566,4
19.1,1.29,13.2181,4
19.11,1.29,4.75399,4
19.12,1.29,-3.94907,4
19.13,1.29,13.5467,4
19.14,1.29,8.97157,4
19.15,1.29,-1.36592,4
19.16,1.29,-1.37146,4
19.17,1.29,-3.73586,4
19.18,1.29,0.814885,4
19.19,1.29,0.335278,4
19.2,1.29,-1.68169,4
19.21,1.29,15.9365,4
19.22,1.29,-0.4964,4
19.23,1.29,3.7979,4
19.24,1.29,6.20557,4
19.25,1.29,13.3221,4
19.26,1.29,17.4389,4
19.27,1.29,3.63251,4
19.28,1.29,-1.37025,4
19.29,1.29,12.6695,4
19.3,1.29,8.51993,4
19.31,1.29,2.39639,4
19.32,1.29,5.72034,4
19.33,1.29,8.78132,4
19.34,1.29,6.30273,4
19.35,1.29,-1.06164,4
19.36,1.29211,-1.17391,4
19.37,1.29481,-1.28619,4
19.38,1.29751,,4
19.39,1.30021,,4
19.4,1.30291,,4
19.41,1.30561,,4
19.42,1.30831,,4
19.43,1.31101,,4
19.44,1.31371,,4
19.45,1.31641,-2.18438,4
19.46,1.31489,-2.29666,4
19.47,1.31219,3.00474,4
19.48,1.30949,16.7474,4
19.49,1.30679,6.84913,4
19.5,1.30409,6.85228,4
19.51,1.30139,8.15021,4
19.52,1.29869,-4.50403,4
19.53,1.29599,1.98758,4
19.54,1.29329,15.47,4
19.55,1.29059,-0.864054,4
19.56,1.29,5.22065,4
19.57,1.29,19.1842,4
19.58,1.29,4.64531,4
19.59,1.29,6.98011,4
19.6,1.29,9.66047,4
19.61,1.29,2.86296,4
19.62,1.29,4.11394,4
19.63,1.29,-4.59705,4
19.64,1.29,10.4733,4
19.65,1.29,4.61133,4
19.66,1.29211,5.36461,4
19.67,1.29481,4.7932,4
19.68,1.29751,2.65702,4
19.69,1.30021,-1.29352,4
19.7,1.30291,0.0588263,4
19.71,1.30561,3.3958,4
19.72,1.30831,2.69565,4
19.73,1.31101,-1.66735,4
19.74,1.31371,-1.50231,4
19.75,1.31641,4.12981,4
19.76,1.31489,11.2199,4
19.77,1.31219,16.1658,4
19.78,1.30949,3.16113,4
19.79,1.30679,1.87546,4
19.8,1.30409,0.303171,4
19.81,1.30139,5.76519,4
19.82,1.29869,2.07403,4
19.83,1.29599,3.18832,4
19.84,1.29329,-3.33936,4
19.85,1.29059,-33.3222,4
19.86,1.29,-38.0366,4
19.87,1.29,-38.765,4
19.88,1.29,-28.9471,4
19.89,1.29,-4.82917,4
19.9,1.29,5.72758,4
19.91,1.29,1.18529,4
19.92,1.29,9.33212,4
19.93,1.29,1.65245,4
19.94,1.29,3.84409,4
19.95,1.29,3.91814,4
19.96,1.29,-0.758793,4
19.97,1.29,7.42698,4
19.98,1.29,-2.01468,4
19.99,1.29,4.4739,4
20,1.29,5.53691,4
20.01,1.29,6.59992,4
20.02,1.29,,4
20.03,1.29,,4
20.04,1.29,,4
20.05,1.29,,4
20.06,1.29,,4
20.07,1.29,12.978,4
20.08,1.29,14.041,4
20.09,1.29,15.104,4
20.1,1.29,12.7639,4
20.11,1.29,4.75503,4
20.12,1.29,9.58384,4
20.13,1.29,14.2481,4
20.14,1.29,17.1392,4
20.15,1.29,17.8527,4
20.16,1.29,6.75609,4
20.17,1.29,0.586907,4
20.18,1.29,-2.78224,4
20.19,1.29,3.47218,4
20.2,1.29,2.78826,4
20.21,1.29,3.21888,4
20.22,1.29,0.21204,4
20.23,1.29,17.8527,4
20.24,1.29,12.5582,4
20.25,1.29,-2.07759,4
20.26,1.29235,-5.02977,4
20.27,1.29503,6.6449,4
20.28,1.2977,3.11095,4
20.29,1.30037,18.5549,4
20.3,1.30305,12.438,4
20.31,1.30572,0.099676,4
20.32,1.30839,9.70883,4
20.33,1.31107,4.18063,4
20.34,1.31374,-2.31658,4
20.35,1.31641,11.8156,4
20.36,1.31489,6.7078,4
20.37,1.31219,-1.83253,4
20.38,1.30949,-1.66121,4
20.39,1.30679,12.282,4
20.4,1.30409,5.05466,4
20.41,1.30139,2.20551,4
20.42,1.29869,-4.42631,4
20.43,1.29599,-0.136965,4
20.44,1.29329,14.929,4
20.45,1.29059,12.3355,4
20.46,1.29,16.6682,4
20.47,1.29,2.594,4
20.48,1.29,8.09357,4
20.49,1.29,1.09901,4
20.5,1.29,-3.71594,4
20.51,1.29,3.19259,4
20.52,1.29,1.59261,4
20.53,1.29,0.294323,4
20.54,1.29,9.42992,4
20.55,1.29,12.3762,4
20.56,1.29211,-5.21034,4
20.57,1.29481,16.5181,4
20.58,1.29751,3.31665,4
20.59,1.30021,4.56815,4
20.6,1.30291,-3.6871,4
20.61,1.30561,-2.39503,4
20.62,1.30831,6.24119,4
20.63,1.31101,17.7115,4
20.64,1.31371,17.2863,4
20.65,1.31641,16.7127,4
20.66,1.31489,,4
20.67,1.31219,,4
20.68,1.30949,,4
20.69,1.30679,,4
20.7,1.30409,,4
20.71,1.30139,,4
20.72,1.29869,,4
20.73,1.29599,,4
20.74,1.29329,,4
20.75,1.29059,10.9777,4
20.76,1.29,10.4042,4
20.77,1.29,9.8307,4
20.78,1.29,9.55861,4
20.79,1.29,8.23692,4
20.8,1.29,-0.65764,4
20.81,1.29,-1.29002,4
20.82,1.29,6.56448,4
20.83,1.29,5.45738,4
20.84,1.29,14.1812,4
20.85,1.29,15.9342,4
20.86,1.29,1.59696,4
20.87,1.29,-1.01986,4
20.88,1.29,5.55947,4
20.89,1.29,6.50923,4
20.9,1.29,4.45722,4
20.91,1.29,4.85212,4
20.92,1.29,7.98225,4
20.93,1.29,6.08034,4
20.94,1.29,13.8303,4
20.95,1.29,1.40842,4
20.96,1.29,9.94481,4
20.97,1.29,0.97156,4
20.98,1.29,1.50107,4
20.99,1.29,0.122468,4
21,1.29,2.21547,4
21.01,1.29,-0.555834,4
21.02,1.29,11.6849,4
21.03,1.29,11.5357,4
21.04,1.29,7.43198,4
21.05,1.29,15.1566,4
21.06,1.29,5.93788,4
21.07,1.29,2.57713,4
21.08,1.29,2.82054,4
21.09,1.29,6.27117,4
21.1,1.29,8.27011,4
21.11,1.29,5.92163,4
21.12,1.29,2.81615,4
21.13,1.29,2.8488,4
21.14,1.29,-2.05148,4
21.15,1.29,5.19268,4
21.16,1.29,8.09186,4
21.17,1.29,-4.64678,4
21.18,1.29,-1.43803,4
21.19,1.29,5.4267,4
21.2,1.29,-2.65622,4
21.21,1.29,8.70684,4
21.22,1.29,12.7956,4
21.23,1.29,15.4135,4
21.24,1.29,-0.741754,4
21.25,1.29,12.4605,4
21.26,1.29,10.2041,4
21.27,1.29,3.16906,4
21.28,1.29,9.51578,4
21.29,1.29,7.13519,4
21.3,1.29,2.38752,4
21.31,1.29,14.164,4
21.32,1.29,11.4524,4
21.33,1.29,-2.45659,4
21.34,1.29,13.7448,4
21.35,1.29,2.84165,4
21.36,1.29,6.43639,4
21.37,1.29,13.3194,4
21.38,1.29,7.06791,4
21.39,1.29,3.84483,4
21.4,1.29,3.11105,4
21.41,1.29,,4
21.42,1.29,,4
21.43,1.29,,4
21.44,1.29,,4
21.45,1.29,,4
21.46,1.29,,4
21.47,1.29,-2.02537,4
21.48,1.29,-2.75915,4
21.49,1.29,-3.49292,4
21.5,1.29,2.97328,4
21.51,1.29,12.6659,4
21.52,1.29,6.47868,4
21.53,1.29,-0.662584,4
21.54,1.29,-2.61854,4
21.55,1.29,8.70167,4
21.56,1.29,17.8527,4
21.57,1.29,7.58601,4
21.58,1.29,-2.46101,4
21.59,1.29,-3.71594,4
21.6,1.29,7.66978,4
21.61,1.29,7.9115,4
21.62,1.29,7.61735,4
21.63,1.29,10.1203,4
21.64,1.29,0.754883,4
21.65,1.29,5.18224,4
21.66,1.29,11.6541,4
21.67,1.29,5.49095,4
21.68,1.29,15.0165,4
21.69,1.29,9.75095,4
21.7,1.29,5.85919,4
21.71,1.29,9.35618,4
21.72,1.29,5.08906,4
21.73,1.29,2.45069,4
21.74,1.29,6.06038,4
21.75,1.29,10.4147,4
21.76,1.29,5.43941,4
21.77,1.29,4.03969,4
21.78,1.29,6.67619,4
21.79,1.29,7.07364,4
21.8,1.29,7.11388,4
21.81,1.29,-1.2789,4
21.82,1.29,7.92913,4
21.83,1.29,7.29461,4
21.84,1.29,12.5507,4
21.85,1.29,10.9041,4
21.86,1.29,5.05253,4
21.87,1.29,9.69129,4
21.88,1.29,-3.71594,4
21.89,1.29,-3.71594,4
21.9,1.29,1.34848,4
21.91,1.29,-0.986332,4
21.92,1.29,-5.334,4
21.93,1.29,21.4317,4
21.94,1.29,4.76382,4
21.95,1.29,8.04567,4
21.96,1.29,9.38486,4
21.97,1.29,2.61795,4
21.98,1.29,0.192886,4
21.99,1.29,2.19073,4
22,1.29,16.9418,4
22.01,1.29,17.8527,4
22.02,1.29,0.758801,4
22.03,1.29,0.468457,4
22.04,1.29,1.67622,4
22.05,1.29,5.74826,4
22.06,1.29,15.6791,4
22.07,1.29,4.75051,4
22.08,1.29,-0.89118,4
22.09,1.29,3.99881,4
22.1,1.29,8.06014,4
22.11,1.29,7.44607,4
22.12,1.29,,4
22.13,1.29,,4
22.14,1.29,,4
22.15,1.29,,4
22.16,1.29,,4
22.17,1.29,,4
22.18,1.29,3.14763,4
22.19,1.29,2.53356,4
22.2,1.29,1.9195,4
22.21,1.29,4.88278,4
22.22,1.29,1.92674,4
22.23,1.29,-1.88235,4
22.24,1.29,5.08698,4
22.25,1.29,11.3122,4
22.26,1.29,11.2907,4
22.27,1.29,6.54582,4
22.28,1.29,3.50426,4
22.29,1.29,-1.58898,4
22.3,1.29,-1.02321,4
22.31,1.29,5.15407,4
22.32,1.29,4.63859,4
22.33,1.29,-3.53524,4
22.34,1.29,3.37572,4
22.35,1.29,15.1566,4
22.36,1.29,13.1243,4
22.37,1.29,1.67622,4
22.38,1.29,0.71616,4
22.39,1.29,-3.54609,4
22.4,1.29,7.40621,4
22.41,1.29,9.86268,4
22.42,1.29,16.3792,4
22.43,1.29,1.84506,4
22.44,1.29,4.19809,4
22.45,1.29,-2.37393,4
22.46,1.29,-3.67858,4
22.47,1.29,0.98143,4
22.48,1.29,7.92574,4
22.49,1.29,8.68867,4
22.5,1.29,13.5183,4
22.51,1.29,12.9712,4
22.52,1.29,4.13976,4
22.53,1.29,8.53451,4
22.54,1.29,5.91849,4
22.55,1.29,4.3723,4
22.56,1.29,0.308572,4
22.57,1.29,8.75352,4
22.58,1.29,8.55255,4
22.59,1.29,-1.01986,4
22.6,1.29,-3.71594,4
22.61,1.29,-3.71594,4
22.62,1.29,17.1308,4
22.63,1.29,-2.82182,4
22.64,1.29,2.89506,4
22.65,1.29,1.65477,4
22.66,1.29,8.80913,4
22.67,1.29,12.9844,4
22.68,1.29,14.94,4
22.69,1.29,10.1205,4
22.7,1.29,12.2241,4
22.71,1.29,18.247,4
22.72,1.29,20.0777,4
22.73,1.29,3.35827,4
22.74,1.29,7.0024,4
22.75,1.29,5.69413,4
22.76,1.29,4.41917,4
22.77,1.29,-5.34664,4
22.78,1.29,-3.92644,4
22.79,1.29,15.9834,4
22.8,1.29,11.307,4
22.81,1.29,3.73006,4
22.82,1.29,7.9286,4
22.83,1.29,7.2933,4
22.84,1.29,,4
22.85,1.29,,4
22.86,1.29,,4
22.87,1.29,,4
22.88,1.29,,4
22.89,1.29,,4
22.9,1.29,,4
22.91,1.29,2.21094,4
22.92,1.29,1.57565,4
22.93,1.29,0.940354,4
22.94,1.29,9.26319,4
22.95,1.29,4.10709,4
22.96,1.29,9.21178,4
22.97,1.29,5.42754,4
22.98,1.29,9.14596,4
22.99,1.29,11.4534,4
23,1.29,16.8484,4
23.01,1.29,5.72034,4
23.02,1.29,2.80375,4
23.03,1.29,10.1395,4
23.04,1.29,11.5382,4
23.05,1.29,9.66045,4
23.06,1.29,9.79485,4
23.07,1.29,1.19368,4
23.08,1.29,6.3524,4
23.09,1.29,11.8422,4
23.1,1.29,-4.60021,4
23.11,1.29,3.98704,4
23.12,1.29,7.9777,4
23.13,1.29,4.09446,4
23.14,1.29,-0.298958,4
23.15,1.29,1.71109,4
23.16,1.29,4.56093,4
23.17,1.29,7.69834,4
23.18,1.29,-5.90907,4
23.19,1.29,3.25114,4
23.2,1.29,11.5605,4
23.21,1.29,8.45343,4
23.22,1.29,15.1154,4
23.23,1.29,8.59893,4
23.24,1.29,9.275,4
23.25,1.29,-0.703028,4
23.26,1.29,4.3723,4
23.27,1.29,4.3723,4
23.28,1.29,-0.724952,4
23.29,1.29,11.224,4
23.3,1.29,2.81526,4
23.31,1.29,-2.28116,4
23.32,1.29,0.888508,4
23.33,1.29,12.0491,4
23.34,1.29,7.02598,4
23.35,1.29,-4.23223,4
23.36,1.29,-3.05226,4
23.37,1.29,1.59538,4
23.38,1.29,0.759032,4
23.39,1.29,0.113244,4
23.4,1.29,-0.15278,4
23.41,1.29,,4
23.42,1.29,,4
23.43,1.29,,4
23.44,1.29,,4
23.45,1.29,,4
23.46,1.29,-1.74893,4
23.47,1.29,-2.01495,4
23.48,1.29,-2.28098,4
23.49,1.29,4.34829,4
23.5,1.29,14.28,4
23.51,1.29,17.8527,4
23.52,1.29,-4.17951,4
23.53,1.29,2.06412,4
23.54,1.29,11.1592,4
23.55,1.29,10.6763,4
23.56,1.29,-2.76717,4
23.57,1.29,-2.3679,4
23.58,1.29,2.58312,4
23.59,1.29,9.46771,4
23.6,1.29,4.56137,4
23.61,1.29,-0.738566,4
23.62,1.29,3.18253,4
23.63,1.29,1.21713,4
23.64,1.29,3.39677,4
23.65,1.29,11.0351,4
23.66,1.29,22.8191,4
23.67,1.29,10.3322,4
23.68,1.29,2.12254,4
23.69,1.29,-0.647084,4
23.7,1.29,-5.86893,4
23.71,1.29,1.99809,4
23.72,1.29,4.13461,4
23.73,1.29,4.32513,4
23.74,1.29,14.4257,4
23.75,1.29,7.90787,4
23.76,1.29,17.4734,4
23.77,1.29,-0.806341,4
23.78,1.29,4.3723,4
23.79,1.29,4.21163,4
23.8,1.29,-3.37777,4
23.81,1.29,5.92471,4
23.82,1.29,14.9592,4
23.83,1.29,5.44719,4
23.84,1.29,8.28237,4
23.85,1.29,1.17777,4
23.86,1.29,8.08477,4
23.87,1.29,11.254,4
23.88,1.29,-0.352157,4
23.89,1.29,15.8301,4
23.9,1.29,5.63955,4
23.91,1.29,15.2452,4
23.92,1.29,6.50966,4
23.93,1.29,12.4605,4
23.94,1.29,7.39133,4
23.95,1.29,6.08012,4
23.96,1.29,5.33679,4
23.97,1.29,-0.913062,4
23.98,1.29,5.85932,4
23.99,1.29,6.84043,4
24,1.29,6.39105,4
24.01,1.29,,4
24.02,1.29,,4
24.03,1.29,,4
24.04,1.29,,4
24.05,1.29,,4
24.06,1.29,,4
24.07,1.29,,4
24.08,1.29,2.79595,4
24.09,1.29,2.34657,4
24.1,1.29,1.89718,4
24.11,1.29,13.5019,4
24.12,1.29,11.4164,4
24.13,1.29,3.00728,4
24.14,1.29,-2.42447,4
24.15,1.29,13.1943,4
24.16,1.29,3.21213,4
24.17,1.29,8.47261,4
24.18,1.29,3.35347,4
24.19,1.29,14.3986,4
24.2,1.29,-1.01986,4
24.21,1.29,2.60153,4
24.22,1.29,19.8651,4
24.23,1.29,2.70062,4
24.24,1.29,8.31769,4
24.25,1.29,-2.51142,4
24.26,1.29,-6.02342,4
24.27,1.29,9.61125,4
24.28,1.29,9.17123,4
24.29,1.29,0.412385,4
24.3,1.29,0.58498,4
24.31,1.29,2.61067,4
24.32,1.29,2.92227,4
24.33,1.29,2.16601,4
24.34,1.29,8.26661,4
24.35,1.29,3.41946,4
24.36,1.29,16.8281,4
24.37,1.29,12.4605,4
24.38,1.29,12.3954,4
24.39,1.29,5.52575,4
24.4,1.29,-3.36958,4
24.41,1.29,4.68116,4
24.42,1.29,7.64084,4
24.43,1.29,9.48171,4
24.44,1.29,1.2583,4
24.45,1.29,1.27788,4
24.46,1.29,14.9694,4
24.47,1.29,13.0607,4
24.48,1.29,6.38107,4
24.49,1.29,-3.19477,4
24.5,1.29,4.33722,4
24.51,1.29,13.3606,4
24.52,1.29,4.94309,4
24.53,1.29,2.37147,4
24.54,1.29,3.29706,4
24.55,1.29,,4
24.56,1.29,,4
24.57,1.29,,4
24.58,1.29,,4
24.59,1.29,,4
24.6,1.29,8.8506,4
24.61,1.29,9.77619,4
24.62,1.29,10.7018,4
24.63,1.29,5.93268,4
24.64,1.29,5.39824,4
24.65,1.29,7.06838,4
24.66,1.29,-0.558405,4
24.67,1.29,9.57043,4
24.68,1.29,0.565219,4
24.69,1.29,0.940798,4
24.7,1.29,-1.83201,4
24.71,1.29,1.1039,4
24.72,1.29,1.96248,4
24.73,1.29,6.21654,4
24.74,1.29,9.39535,4
24.75,1.29,14.2808,4
24.76,1.29,1.67622,4
24.77,1.29,13.7057,4
24.78,1.29,0.59631,4
24.79,1.29,15.6226,4
24.8,1.29,1.40975,4
24.81,1.29,-3.27215,4
24.82,1.29,-0.232219,4
24.83,1.29,14.6923,4
24.84,1.29,3.6536,4
24.85,1.29,-6.11652,4
24.86,1.29,12.4135,4
24.87,1.29,1.67622,4
24.88,1.29,-3.30196,4
24.89,1.29,17.1491,4
24.9,1.29,5.29873,4
24.91,1.29,-1.08168,4
24.92,1.29,9.73206,4
24.93,1.29,11.4715,4
24.94,1.29,5.6592,4
24.95,1.29,6.54748,4
24.96,1.29,6.08919,4
24.97,1.29,-0.0954544,4
24.98,1.29,-1.25062,4
24.99,1.29,2.97754,4
25,1.29,-0.507933,4
25.01,1.29,0.46947,4
25.02,1.29,-2.70951,4
25.03,1.29,-1.92207,4
25.04,1.29,2.94065,4
25.05,1.29,20.0145,4
25.06,1.29211,3.10502,4
25.07,1.29481,-1.14377,4
25.08,1.29751,0.255121,4
25.09,1.30021,13.0436,4
25.1,1.30291,0.268344,4
25.11,1.30561,-1.64771,4
25.12,1.30831,9.10302,4
25.13,1.31101,-3.33559,4
25.14,1.31371,7.09603,4
25.15,1.31641,7.23011,4
25.16,1.31489,7.36419,4
25.17,1.31219,,4
25.18,1.30949,,4
25.19,1.30679,,4
25.2,1.30409,,4
25.21,1.30139,,4
25.22,1.29869,8.16869,4
25.23,1.29599,8.30277,4
25.24,1.29329,9.87882,4
25.25,1.29059,19.4734,4
25.26,1.29,15.4015,4
25.27,1.29,4.3723,4
25.28,1.29,4.3723,4
25.29,1.29,2.77375,4
25.3,1.29,-1.01986,4
25.31,1.29,-1.01986,4
25.32,1.29,16.5843,4
25.33,1.29,-2.01624,4
25.34,1.29,3.96666,4
25.35,1.29,2.24186,4
25.36,1.29,-0.464254,4
25.37,1.29,8.4107,4
25.38,1.29,3.62523,4
25.39,1.29,-0.175412,4
25.4,1.29,-1.01986,4
25.41,1.29,2.89376,4
25.42,1.29,6.03382,4
25.43,1.29,12.9401,4
25.44,1.29,15.1566,4
25.45,1.29,7.01318,4
25.46,1.29,9.1934,4
25.47,1.29,17.64,4
25.48,1.29,10.5488,4
25.49,1.29,3.77866,4
25.5,1.29,14.6267,4
25.51,1.29,13.3519,4
25.52,1.29,14.1514,4
25.53,1.29,5.24882,4
25.54,1.29,7.06838,4
25.55,1.29,5.08255,4
25.56,1.29,0.117695,4
25.57,1.29,13.0458,4
25.58,1.29,-1.32993,4
25.59,1.29,-2.5229,4
25.6,1.29,-3.59832,4
25.61,1.29,-0.646453,4
25.62,1.29,0.0298478,4
25.63,1.29,11.7592,4
25.64,1.29,-0.401077,4
25.65,1.29,4.52574,4
25.66,1.29,11.9181,4
25.67,1.29,1.67622,4
25.68,1.29,1.64296,4
25.69,1.29,-2.71934,4
25.7,1.29,-1.36964,4
25.71,1.29,-5.9389,4
25.72,1.29,-1.17554,4
25.73,1.29,-6.41202,4
25.74,1.29,2.20794,4
25.75,1.29,4.00319,4
25.76,1.29,6.71,4
25.77,1.29,6.64156,4
25.78,1.29,5.04733,4
25.79,1.29,14.4153,4
25.8,1.29,8.67481,4
25.81,1.29,-5.55448,4
25.82,1.29,0.173499,4
25.83,1.29,10.7647,4
25.84,1.29,12.7282,4
25.85,1.29,3.70275,4
25.86,1.29,4.3723,4
25.87,1.29,-0.380318,4
25.88,1.29,1.67949,4
25.89,1.29,17.5238,4
25.9,1.29,16.1011,4
25.91,1.29,14.6784,4
25.92,1.29,,4
25.93,1.29,,4
25.94,1.29,,4
25.95,1.29,,4
25.96,1.29211,,4
25.97,1.29481,,4
25.98,1.29751,,4
25.99,1.30021,,4
26,1.30291,1.87408,4
26.01,1.30561,0.451375,4
26.02,1.30831,-0.971326,4
26.03,1.31101,13.6648,4
26.04,1.31371,4.44972,4
26.05,1.31641,7.35484,4
26.06,1.31489,17.5446,4
26.07,1.31219,1.87368,4
26.08,1.30949,6.42885,4
26.09,1.30679,14.5426,4
26.1,1.30409,0.199044,4
26.11,1.30139,8.38524,4
26.12,1.29869,-5.20974,4
26.13,1.29599,-1.4942,4
26.14,1.29329,-0.694601,4
26.15,1.29059,2.91488,4
26.16,1.29,4.21867,4
26.17,1.29,4.49575,4
26.18,1.29,17.8527,4
26.19,1.29,10.8716,4
26.2,1.29,15.4808,4
26.21,1.29,0.328177,4
26.22,1.29,8.55736,4
26.23,1.29,17.0703,4
26.24,1.29,11.4704,4
26.25,1.29,5.76928,4
26.26,1.29,10.7423,4
26.27,1.29,1.39801,4
26.28,1.29,1.78659,4
26.29,1.29,6.21973,4
26.3,1.29,12.4605,4
26.31,1.29,14.5706,4
26.32,1.29,13.0447,4
26.33,1.29,-1.01986,4
26.34,1.29,0.00369674,4
26.35,1.29,4.41013,4
26.36,1.29,12.037,4
26.37,1.29,14.8413,4
26.38,1.29,17.8527,4
26.39,1.29,-3.07273,4
26.4,1.29,0.398115,4
26.41,1.29,-1.44138,4
26.42,1.29,-0.791284,4
26.43,1.29,7.33134,4
26.44,1.29,13.9807,4
26.45,1.29,6.32356,4
26.46,1.29,-3.09447,4
26.47,1.29,7.15799,4
26.48,1.29,-6.41202,4
26.49,1.29,2.12687,4
26.5,1.29,0.00737425,4
26.51,1.29,17.1688,4
26.52,1.29,17.8527,4
26.53,1.29,17.8527,4
26.54,1.29,,4
26.55,1.29,,4
26.56,1.29008,,4
26.57,1.29018,,4
26.58,1.29028,,4
26.59,1.29038,17.8527,4
26.6,1.29048,17.8527,4
26.61,1.29058,17.8527,4
26.62,1.29068,9.0251,4
26.63,1.29078,8.65627,4
26.64,1.29088,3.94572,4
26.65,1.29098,2.30176,4
26.66,1.29092,2.01138,4
26.67,1.29082,12.2605,4
26.68,1.29072,0.0749294,4
26.69,1.29062,4.97598,4
26.7,1.29052,2.85353,4
26.71,1.29042,3.44591,4
26.72,1.29032,5.52216,4
26.73,1.29022,9.49364,4
26.74,1.29012,-1.73012,4
26.75,1.29002,-3.71594,4
26.76,1.29008,8.1141,4
26.77,1.29018,13.874,4
26.78,1.29028,2.79845,4
26.79,1.29038,-4.80249,4
26.8,1.29048,-4.65401,4
26.81,1.29058,-27.54,4
26.82,1.29068,-35.5387,4
26.83,1.29078,-49.8307,4
26.84,1.29088,-45.0713,4
26.85,1.29098,19.788,4
26.86,1.29303,6.91879,4
26.87,1.29563,2.00461,4
26.88,1.29823,12.6035,4
26.89,1.30083,3.60638,4
26.9,1.30343,3.37978,4
26.91,1.30603,1.82174,4
26.92,1.30863,9.48364,4
26.93,1.31123,10.4476,4
26.94,1.31383,-0.0350994,4
26.95,1.31643,-3.71594,4
26.96,1.31489,6.31256,4
26.97,1.31219,7.31395,4
26.98,1.30949,11.3338,4
26.99,1.30679,5.87149,4
27,1.30409,-3.39824,4
27.01,1.30139,-4.07994,4
27.02,1.29869,3.21324,4
27.03,1.29599,4.40171,4
27.04,1.29329,9.52897,4
27.05,1.29059,12.7385,4
27.06,1.29008,6.5981,4
27.07,1.29018,1.4048,4
27.08,1.29028,8.85956,4
27.09,1.29038,9.76446,4
27.1,1.29048,8.65969,4
27.11,1.29058,10.4074,4
27.12,1.29068,-4.30264,4
27.13,1.29078,4.16626,4
27.14,1.29088,2.96531,4
27.15,1.29098,1.67622,4
27.16,1.29303,1.3603,4
27.17,1.29563,-1.68822,4
27.18,1.29823,4.28979,4
27.19,1.30083,3.71413,4
27.2,1.30343,3.13848,4
27.21,1.30603,,4
27.22,1.30863,,4
27.23,1.31123,,4
27.24,1.31383,,4
27.25,1.31643,,4
27.26,1.31489,,4
27.27,1.31219,,4
27.28,1.30949,,4
27.29,1.30679,,4
27.3,1.30409,-2.61806,4
27.31,1.30139,-3.19371,4
27.32,1.29869,-3.59092,4
27.33,1.29599,-2.1392,4
27.34,1.29329,0.419533,4
27.35,1.29059,15.7128,4
27.36,1.29008,4.3723,4
27.37,1.29018,4.3723,4
27.38,1.29028,-0.171326,4
27.39,1.29038,-3.55713,4
27.4,1.29048,13.1247,4
27.41,1.29058,3.11078,4
27.42,1.29068,12.8604,4
27.43,1.29078,3.18057,4
27.44,1.29088,14.2601,4
27.45,1.29098,8.26767,4
27.46,1.29092,0.41616,4
27.47,1.29082,-3.98586,4
27.48,1.29072,8.72646,4
27.49,1.29062,7.57875,4
27.5,1.29052,5.06197,4
27.51,1.29042,6.48783,4
27.52,1.29032,9.88367,4
27.53,1.29022,8.63935,4
27.54,1.29012,0.980708,4
27.55,1.29002,-1.78097,4
27.56,1.29,6.07177,4
27.57,1.29,4.51175,4
27.58,1.29,9.88017,4
27.59,1.29,8.17208,4
27.6,1.29,0.877779,4
27.61,1.29,-5.30457,4
27.62,1.29,10.9353,4
27.63,1.29,4.0328,4
27.64,1.29,-4.78879,4
27.65,1.29,15.375,4
27.66,1.29008,0.639548,4
27.67,1.29018,3.64645,4
27.68,1.29028,13.3048,4
27.69,1.29038,-1.47074,4
27.7,1.29048,-2.93498,4
27.71,1.29058,6.77289,4
27.72,1.29068,17.3969,4
27.73,1.29078,4.99012,4
27.74,1.29088,9.45309,4
27.75,1.29098,2.53973,4
27.76,1.291,3.67489,4
27.77,1.291,5.72034,4
27.78,1.291,12.3194,4
27.79,1.291,6.74361,4
27.8,1.291,0.0228532,4
27.81,1.291,7.51351,4
27.82,1.291,9.2983,4
27.83,1.291,-2.56474,4
27.84,1.291,1.10366,4
27.85,1.291,6.89269,4
27.86,1.29092,5.41085,4
27.87,1.29082,-3.34809,4
27.88,1.29072,7.43752,4
27.89,1.29062,0.871765,4
27.9,1.29052,11.0422,4
27.91,1.29042,0.634041,4
27.92,1.29032,4.73101,4
27.93,1.29022,5.95058,4
27.94,1.29012,7.17015,4
27.95,1.29002,,4
27.96,1.29008,,4
27.97,1.29018,,4
27.98,1.29028,,4
27.99,1.29038,,4
28,1.29048,,4
28.01,1.29058,15.7071,4
28.02,1.29068,16.9267,4
28.03,1.29078,14.1073,4
28.04,1.29088,-1.45071,4
28.05,1.29098,14.1019,4
28.06,1.291,14.5846,4
28.07,1.291,1.79181,4
28.08,1.291,10.9137,4
28.09,1.291,7.31614,4
28.1,1.291,1.35209,4
28.11,1.291,-4.89094,4
28.12,1.291,-3.11958,4
28.13,1.291,1.94352,4
28.14,1.291,5.12969,4
28.15,1.291,1.93061,4
28.16,1.29092,6.82647,4
28.17,1.29082,-3.14284,4
28.18,1.29072,3.07428,4
28.19,1.29062,8.80418,4
28.2,1.29052,-0.251775,4
28.21,1.29042,-0.203113,4
28.22,1.29032,7.95299,4
28.23,1.29022,6.38068,4
28.24,1.29012,-2.44876,4
28.25,1.29002,1.86053,4
28.26,1.29008,13.2656,4
28.27,1.29018,-1.82034,4
28.28,1.29028,15.5174,4
28.29,1.29038,9.38695,4
28.3,1.29048,3.3445,4
28.31,1.29058,3.27042,4
28.32,1.29068,10.4512,4
28.33,1.29078,9.05851,4
28.34,1.29088,9.31209,4
28.35,1.29098,1.00492,4
28.36,1.291,17.222,4
28.37,1.291,12.5359,4
28.38,1.291,-4.50624,4
28.39,1.291,4.10689,4
28.4,1.291,17.7,4
28.41,1.291,15.4044,4
28.42,1.291,-3.44893,4
28.43,1.291,-1.26061,4
28.44,1.291,5.14349,4
28.45,1.291,8.90694,4
28.46,1.29092,10.9858,4
28.47,1.29082,-1.33419,4
28.48,1.29072,-1.16749,4
28.49,1.29062,11.7757,4
28.5,1.29052,18.6192,4
28.51,1.29042,11.8074,4
28.52,1.29032,7.16552,4
28.53,1.29022,-2.35995,4
28.54,1.29012,-1.99094,4
28.55,1.29002,-1.97482,4
28.56,1.29008,0.530151,4
28.57,1.29018,0.0971119,4
28.58,1.29028,-2.0657,4
28.59,1.29038,,4
28.6,1.29048,,4
28.61,1.29058,,4
28.62,1.29068,,4
28.63,1.29078,,4
28.64,1.29088,,4
28.65,1.29098,-17.2054,4
28.66,1.291,-19.3682,4
28.67,1.291,-21.531,4
28.68,1.291,-7.46212,4
28.69,1.291,4.36378,4
28.7,1.291,9.66608,4
28.71,1.291,16.8033,4
28.72,1.291,8.05368,4
28.73,1.291,0.982897,4
28.74,1.291,0.146732,4
28.75,1.291,7.10709,4
28.76,1.29092,14.3482,4
28.77,1.29082,9.44429,4
28.78,1.29072,0.126604,4
28.79,1.29062,3.17504,4
28.8,1.29052,-1.33029,4
28.81,1.29042,-3.71594,4
28.82,1.29032,1.88302,4
28.83,1.29022,-5.14574,4
28.84,1.29012,3.54107,4
28.85,1.29002,-1.82237,4
28.86,1.29008,14.6429,4
28.87,1.29018,5.73492,4
28.88,1.29028,-6.08361,4
28.89,1.29038,12.6379,4
28.9,1.29048,11.7684,4
28.91,1.29058,7.42588,4
28.92,1.29068,-2.64915,4
28.93,1.29078,8.42238,4
28.94,1.29088,0.682248,4
28.95,1.29098,1.34565,4
28.96,1.291,-3.1406,4
28.97,1.291,9.04941,4
28.98,1.291,10.2843,4
28.99,1.291,15.1566,4
29,1.291,4.88857,4
29.01,1.291,0.763929,4
29.02,1.291,0.303643,4
29.03,1.291,2.44331,4
29.04,1.291,2.81215,4
29.05,1.291,-1.68845,4
29.06,1.29092,8.85012,4
29.07,1.29082,18.9397,4
29.08,1.29072,5.80548,4
29.09,1.29062,4.39151,4
29.1,1.29052,-2.95241,4
29.11,1.29042,-1.38438,4
29.12,1.29032,0.658294,4
29.13,1.29022,-0.425097,4
29.14,1.29012,1.64831,4
29.15,1.29002,18.4453,4
29.16,1.29008,8.68826,4
29.17,1.29018,0.141786,4
29.18,1.29028,-2.79903,4
29.19,1.29038,3.60643,4
29.2,1.29048,-6.41202,4
29.21,1.29058,-0.311729,4
29.22,1.29068,5.54901,4
29.23,1.29078,1.38265,4
29.24,1.29088,12.0338,4
29.25,1.29098,1.70381,4
29.26,1.291,-3.45975,4
29.27,1.291,-1.6757,4
29.28,1.291,0.108348,4
29.29,1.291,,4
29.3,1.291,,4
29.31,1.291,,4
29.32,1.291,,4
29.33,1.291,,4
29.34,1.291,,4
29.35,1.291,,4
29.36,1.29092,14.3807,4
29.37,1.29082,16.1648,4
29.38,1.29072,17.1997,4
29.39,1.29062,5.29668,4
29.4,1.29052,-2.48109,4
29.41,1.29042,-4.43444,4
29.42,1.29032,-0.749913,4
29.43,1.29022,7.60377,4
29.44,1.29012,0.385383,4
29.45,1.29002,3.36319,4
29.46,1.29008,7.78126,4
29.47,1.29018,0.00589346,4
29.48,1.29028,-1.7851,4
29.49,1.29038,15.0536,4
29.5,1.29048,6.26387,4
29.51,1.29058,2.7692,4
29.52,1.29068,5.91345,4
29.53,1.29078,3.25031,4
29.54,1.29088,12.9423,4
29.55,1.29098,9.46259,4
29.56,1.291,-1.01986,4
29.57,1.291,2.43305,4
29.58,1.291,-2.3624,4
29.59,1.291,-4.82794,4
29.6,1.291,-1.26848,4
29.61,1.291,7.06838,4
29.62,1.291,3.69554,4
29.63,1.291,-1.01986,4
29.64,1.291,5.57338,4
29.65,1.291,11.7107,4
29.66,1.29092,1.69278,4
29.67,1.29082,-0.677362,4
29.68,1.29072,-0.380917,4
29.69,1.29062,-0.988842,4
29.7,1.29052,-5.96735,4
29.71,1.29042,-1.21737,4
29.72,1.29032,15.7078,4
29.73,1.29022,-5.2529,4
29.74,1.29012,1.87201,4
29.75,1.29002,6.87328,4
29.76,1.29008,-0.223906,4
29.77,1.29018,10.7946,4
29.78,1.29028,17.8527,4
29.79,1.29038,16.6068,4
29.8,1.29048,8.64939,4
29.81,1.29058,11.6026,4
29.82,1.29068,12.4605,4
29.83,1.29078,10.449,4
29.84,1.29088,11.8848,4
29.85,1.29098,8.20098,4
29.86,1.29092,15.5517,4
29.87,1.29082,1.36255,4
29.88,1.29072,0.921088,4
29.89,1.29062,-3.45408,4
29.9,1.29052,-5.84067,4
29.91,1.29042,-1.44348,4
29.92,1.29032,3.64616,4
29.93,1.29022,-1.50094,4
29.94,1.29012,-3.71594,4
29.95,1.29002,-3.10143,4
29.96,1.29,-2.38926,4
29.97,1.29,,4
29.98,1.29,,4
29.99,1.29,,4
30,1.29,,4
30.01,1.29,,4
30.02,1.29,,4
30.03,1.29,2.59593,4
30.04,1.29,3.3081,4
30.05,1.29,4.02027,4
30.06,1.29008,5.05567,4
30.07,1.29018,3.56523,4
30.08,1.29028,0.269371,4
30.09,1.29038,7.18535,4
30.1,1.29048,3.9868,4
30.11,1.29058,2.76561,4
30.12,1.29068,1.51846,4
30.13,1.29078,-8.03784,4
30.14,1.29088,3.63926,4
30.15,1.29098,10.824,4
30.16,1.291,16.5202,4
30.17,1.291,2.99059,4
30.18,1.291,15.9832,4
30.19,1.291,0.597073,4
30.2,1.291,8.94484,4
30.21,1.291,-1.5485,4
30.22,1.291,0.667819,4
30.23,1.291,17.6377,4
30.24,1.291,-0.361825,4
30.25,1.291,14.5975,4
30.26,1.29092,5.44365,4
30.27,1.29082,-3.4337,4
30.28,1.29072,-5.9385,4
30.29,1.29062,4.40504,4
30.3,1.29052,-2.44279,4
30.31,1.29042,-3.71594,4
30.32,1.29032,0.602067,4
30.33,1.29021,1.67622,4
30.34,1.29011,4.80105,4
30.35,1.29001,2.56636,4
30.36,1.29005,12.042,4
30.37,1.29011,15.1566,4
30.38,1.29017,4.12434,4
30.39,1.29022,0.0477989,4
30.4,1.29028,-4.16395,4
30.41,1.29034,5.03508,4
30.42,1.2904,-2.13362,4
30.43,1.29045,-1.68739,4
30.44,1.29051,2.76742,4
30.45,1.29057,11.4138,4
30.46,1.29063,11.8969,4
30.47,1.29068,8.884,4
30.48,1.29074,8.66118,4
30.49,1.2908,3.93443,4
30.5,1.29086,-6.14618,4
30.51,1.29091,0.824187,4
30.52,1.29097,15.4242,4
30.53,1.29096,-4.0653,4
30.54,1.29088,-4.87042,4
30.55,1.29079,1.2551,4
30.56,1.29071,8.34659,4
30.57,1.29063,1.67622,4
30.58,1.29055,1.41937,4
30.59,1.29046,0.8816,4
30.6,1.29038,0.343827,4
30.61,1.2903,,4
30.62,1.29022,,4
30.63,1.29013,,4
30.64,1.29005,,4
30.65,1.29004,,4
30.66,1.29014,-2.88281,4
30.67,1.29024,-3.42058,4
30.68,1.29034,0.383537,4
30.69,1.29044,1.50163,4
30.7,1.29054,12.3956,4
30.71,1.29064,3.05065,4
30.72,1.29074,4.33825,4
30.73,1.29084,11.7893,4
30.74,1.29094,9.10503,4
30.75,1.291,5.22769,4
30.76,1.291,4.3723,4
30.77,1.291,0.764244,4
30.78,1.291,-0.302361,4
30.79,1.291,-1.44036,4
30.8,1.291,4.00596,4
30.81,1.291,7.06838,4
30.82,1.291,-1.89793,4
30.83,1.291,-1.92017,4
30.84,1.291,-0.574628,4
30.85,1.29093,-1.01986,4
30.86,1.29083,1.6466,4
30.87,1.29073,3.74263,4
30.88,1.29064,0.175373,4
30.89,1.29054,-5.31619,4
30.9,1.29044,2.44616,4
30.91,1.29034,1.42738,4
30.92,1.29024,9.13721,4
30.93,1.29014,13.0759,4
30.94,1.29004,8.97464,4
30.95,1.29006,7.62703,4
30.96,1.29015,3.89772,4
30.97,1.29025,3.02188,4
30.98,1.29035,0.939369,4
30.99,1.29045,-2.4781,4
31,1.29055,-3.71594,4
31.01,1.29065,-4.72234,4
31.02,1.29074,-4.26199,4
31.03,1.29084,5.31023,4
31.04,1.29094,11.6631,4
31.05,1.29205,8.57798,4
31.06,1.29482,10.9926,4
31.07,1.29758,-3.71594,4
31.08,1.30035,-4.76617,4
31.09,1.30312,2.25459,4
31.1,1.30588,2.46159,4
31.11,1.30865,7.04413,4
31.12,1.31141,2.1723,4
31.13,1.31418,0.154275,4
31.14,1.31695,5.97543,4
31.15,1.31435,11.1504,4
31.16,1.31165,4.37472,4
31.17,1.30895,-3.29236,4
31.18,1.30625,3.36144,4
31.19,1.30355,8.91479,4
31.2,1.30085,-0.204075,4
31.21,1.29815,12.7774,4
31.22,1.29545,15.0998,4
31.23,1.29275,13.9035,4
31.24,1.29005,12.7072,4
31.25,1.29009,,4
31.26,1.29019,,4
31.27,1.29029,,4
31.28,1.29038,,4
31.29,1.29048,,4
31.3,1.29058,5.52944,4
31.31,1.29067,4.33315,4
31.32,1.29077,3.13685,4
31.33,1.29086,7.86642,4
31.34,1.29096,13.2925,4
31.35,1.291,6.57133,4
31.36,1.291,-1.5695,4
31.37,1.291,-0.170326,4
31.38,1.291,1.02799,4
31.39,1.291,3.35165,4
31.4,1.291,6.79755,4
31.41,1.291,13.4913,4
31.42,1.291,-2.10848,4
31.43,1.291,1.26161,4
31.44,1.291,11.0915,4
31.45,1.29095,12.6808,4
31.46,1.29085,-4.60358,4
31.47,1.29076,-5.6473,4
31.48,1.29067,8.62784,4
31.49,1.29058,0.496474,4
31.5,1.29048,-3.27365,4
31.51,1.29039,-1.23966,4
31.52,1.2903,12.4605,4
31.53,1.29021,2.39705,4
31.54,1.29011,6.42075,4
31.55,1.29002,5.17948,4
31.56,1.29004,9.46005,4
31.57,1.29009,8.86729,4
31.58,1.29014,-6.41202,4
31.59,1.29019,4.60762,4
31.6,1.29025,11.9104,4
31.61,1.2903,-4.13519,4
31.62,1.29035,17.4182,4
31.63,1.2904,4.33844,4
31.64,1.29045,3.10643,4
31.65,1.2905,1.72483,4
31.66,1.29055,5.11705,4
31.67,1.2906,6.77142,4
31.68,1.29066,-2.96351,4
31.69,1.29071,-2.2284,4
31.7,1.29076,1.94587,4
31.71,1.29081,1.04104,4
31.72,1.29086,-1.90826,4
31.73,1.29091,17.2187,4
31.74,1.29096,3.03407,4
31.75,1.29096,2.11285,4
31.76,1.29082,5.86997,4
31.77,1.29068,4.82047,4
31.78,1.29054,5.08769,4
31.79,1.29041,9.83963,4
31.8,1.29027,10.7557,4
31.81,1.29013,5.62245,4
31.82,1.29001,9.90031,4
31.83,1.29009,9.70735,4
31.84,1.29017,-3.38661,4
31.85,1.29024,-1.49677,4
31.86,1.29032,0.87081,4
31.87,1.2904,14.3031,4
31.88,1.29048,14.9488,4
31.89,1.29056,7.63322,4
31.9,1.29064,-1.29452,4
31.91,1.29072,6.78463,4
31.92,1.2908,5.84021,4
31.93,1.29088,4.89579,4
31.94,1.29096,,4
31.95,1.29226,,4
31.96,1.29489,,4
31.97,1.29752,,4
31.98,1.30014,,4
31.99,1.30277,,4
32,1.30539,-1.71515,4
32.01,1.30802,-2.65957,4
32.02,1.31065,-3.60399,4
32.03,1.31327,14.2179,4
32.04,1.3159,-3.71594,4
32.05,1.31571,3.45656,4
32.06,1.31349,4.18927,4
32.07,1.31127,-3.70072,4
32.08,1.30904,1.47892,4
32.09,1.30682,8.74418,4
32.1,1.3046,9.99856,4
32.11,1.30238,10.9428,4
32.12,1.30015,14.6049,4
32.13,1.29793,4.69945,4
32.14,1.29571,0.81738,4
32.15,1.29349,4.93608,4
32.16,1.29127,5.06734,4
32.17,1.29224,3.11321,4
32.18,1.29364,0.791606,4
32.19,1.29505,10.8456,4
32.2,1.29645,12.9458,4
32.21,1.29786,8.7648,4
32.22,1.29926,-2.13314,4
32.23,1.30067,0.921737,4
32.24,1.30208,-2.44924,4
32.25,1.30348,-0.219983,4
32.26,1.30489,-4.31497,4
32.27,1.30629,0.369954,4
32.28,1.3077,-3.74597,4
32.29,1.3091,7.39195,4
32.3,1.31051,6.59068,4
32.31,1.31191,13.7007,4
32.32,1.31332,4.3723,4
32.33,1.31472,3.29583,4
32.34,1.31613,-0.196232,4
32.35,1.317,2.10358,4
32.36,1.31465,7.31282,4
32.37,1.31197,8.68057,4
32.38,1.3093,4.08475,4
32.39,1.30663,2.03706,4
32.4,1.30395,15.1566,4
32.41,1.30128,-1.61005,4
32.42,1.29861,2.71767,4
32.43,1.29593,9.12448,4
32.44,1.29326,13.782,4
32.45,1.29059,8.26269,4
32.46,1.29008,5.32832,4
32.47,1.29018,-0.924447,4
32.48,1.29028,3.05353,4
32.49,1.29038,6.86438,4
32.5,1.29048,1.14367,4
32.51,1.29058,0.353789,4
32.52,1.29068,1.55577,4
32.53,1.29079,2.85744,4
32.54,1.29089,,4
32.55,1.29099,,4
32.56,1.291,,4
32.57,1.291,,4
32.58,1.291,,4
32.59,1.291,,4
32.6,1.291,,4
32.61,1.291,13.2708,4
32.62,1.291,14.5724,4
32.63,1.291,15.8741,4
32.64,1.291,10.6277,4
32.65,1.291,-0.48881,4
32.66,1.29091,-5.03072,4
32.67,1.29081,2.68741,4
32.68,1.29071,2.5763,4
32.69,1.29062,-2.57976,4
32.7,1.29052,0.469183,4
32.71,1.29042,1.67622,4
32.72,1.29032,-2.24796,4
32.73,1.29022,12.9927,4
32.74,1.29012,9.41672,4
32.75,1.29002,-0.092945,4
32.76,1.29008,-11.2386,4
32.77,1.29018,-41.5906,4
32.78,1.29028,-22.5885,4
32.79,1.29038,-30.1191,4
32.8,1.29048,-16.8576,4
32.81,1.29058,2.27033,4
32.82,1.29068,-3.7658,4
32.83,1.29078,-3.49185,4
32.84,1.29088,5.66539,4
32.85,1.29098,2.13797,4
32.86,1.291,-0.369789,4
32.87,1.291,2.4237,4
32.88,1.291,10.3023,4
32.89,1.291,10.1837,4
32.9,1.291,0.0418818,4
32.91,1.291,10.6124,4
32.92,1.291,12.2502,4
32.93,1.291,6.09555,4
32.94,1.291,17.7538,4
32.95,1.291,-1.06826,4
32.96,1.29092,6.86217,4
32.97,1.29082,5.17262,4
32.98,1.29072,1.72599,4
32.99,1.29062,16.5467,4
33,1.29052,9.33103,4
33.01,1.29042,1.67622,4
33.02,1.29032,1.40706,4
33.03,1.29022,0.496059,4
33.04,1.29012,16.7361,4
33.05,1.29002,3.56133,4
33.06,1.29008,-6.13984,4
33.07,1.29018,-0.373987,4
33.08,1.29028,6.86496,4
33.09,1.29038,13.2214,4
33.1,1.29048,15.1566,4
33.11,1.29058,7.36955,4
33.12,1.29068,-0.149691,4
33.13,1.29078,3.28454,4
33.14,1.29088,2.33469,4
33.15,1.29098,-2.48391,4
33.16,1.291,6.33563,4
33.17,1.291,2.91698,4
33.18,1.291,-4.7503,4
33.19,1.291,-2.2307,4
33.2,1.291,4.68727,4
33.21,1.291,7.45635,4
33.22,1.291,12.1164,4
33.23,1.291,8.60439,4
33.24,1.291,1.24811,4
33.25,1.291,-6.23377,4
33.26,1.29092,-5.87221,4
33.27,1.29082,-5.51066,4
33.28,1.29072,,4
33.29,1.29062,,4
33.3,1.29052,,4
33.31,1.29042,,4
33.32,1.29032,,4
33.33,1.29022,,4
33.34,1.29012,-2.97975,4
33.35,1.29002,-2.61819,4
33.36,1.29008,-3.65478,4
33.37,1.29018,-0.604057,4
33.38,1.29028,13.989,4
33.39,1.29038,5.8019,4
33.4,1.29048,14.859,4
33.41,1.29058,4.2494,4
33.42,1.29068,-2.94938,4
33.43,1.29078,8.41642,4
33.44,1.29088,8.02333,4
33.45,1.29098,-0.597304,4
33.46,1.29303,4.23618,4
33.47,1.29563,-6.15365,4
33.48,1.29823,7.06425,4
33.49,1.30083,12.1304,4
33.5,1.30343,7.32693,4
33.51,1.30603,-2.37037,4
33.52,1.30863,14.0123,4
33.53,1.31123,4.50288,4
33.54,1.31383,3.86391,4
33.55,1.31643,2.75305,4
33.56,1.31497,9.67727,4
33.57,1.31237,15.1566,4
33.58,1.30977,-3.71594,4
33.59,1.30717,7.63268,4
33.6,1.30457,10.6714,4
33.61,1.30197,11.2083,4
33.62,1.29937,1.67622,4
33.63,1.29677,4.56768,4
33.64,1.29417,12.5486,4
33.65,1.29157,12.3128,4
33.66,1.291,-2.69151,4
33.67,1.291,-5.62761,4
33.68,1.291,-2.25628,4
33.69,1.291,-3.64081,4
33.7,1.291,5.40137,4
33.71,1.291,9.45015,4
33.72,1.291,2.53691,4
33.73,1.291,-1.32383,4
33.74,1.291,-1.64364,4
33.75,1.291,15.7318,4
33.76,1.29327,-3.71594,4
33.77,1.29584,-3.50705,4
33.78,1.29842,10.4204,4
33.79,1.30099,-5.81867,4
33.8,1.30356,-6.41202,4
33.81,1.30614,3.15136,4
33.82,1.30871,6.57035,4
33.83,1.31129,10.3178,4
33.84,1.31386,8.00787,4
33.85,1.31644,11.9046,4
33.86,1.31489,16.7914,4
33.87,1.31219,8.70848,4
33.88,1.30949,13.0947,4
33.89,1.30679,1.20077,4
33.9,1.30409,-0.779126,4
33.91,1.30139,1.31278,4
33.92,1.29869,-2.27618,4
33.93,1.29599,-3.71594,4
33.94,1.29329,4.54023,4
33.95,1.29059,10.0717,4
33.96,1.29008,3.74027,4
33.97,1.29018,1.80023,4
33.98,1.29028,1.71709,4
33.99,1.29038,3.58449,4
34,1.29048,5.30068,4
34.01,1.29058,7.06946,4
34.02,1.29068,7.32056,4
34.03,1.29078,7.57165,4
34.04,1.29088,,4
34.05,1.29098,,4
34.06,1.291,,4
34.07,1.291,,4
34.08,1.291,,4
34.09,1.291,,4
34.1,1.291,9.32933,4
34.11,1.291,9.58042,4
34.12,1.291,7.52903,4
34.13,1.291,3.79979,4
34.14,1.291,8.83411,4
34.15,1.291,0.769754,4
34.16,1.291,8.59473,4
34.17,1.291,3.79655,4
34.18,1.291,-3.71594,4
34.19,1.291,12.3218,4
34.2,1.291,4.07021,4
34.21,1.291,6.94126,4
34.22,1.291,-0.959562,4
34.23,1.291,1.65903,4
34.24,1.291,9.22683,4
34.25,1.291,12.4271,4
34.26,1.291,1.56397,4
34.27,1.291,9.13443,4
34.28,1.291,6.04511,4
34.29,1.291,1.67622,4
34.3,1.291,-2.48391,4
34.31,1.291,-2.54884,4
34.32,1.291,2.00445,4
34.33,1.291,10.2897,4
34.34,1.291,1.2357,4
34.35,1.291,4.08701,4
34.36,1.291,8.76855,4
34.37,1.291,-0.984333,4
34.38,1.291,-2.83514,4
34.39,1.291,9.98227,4
34.4,1.291,6.39956,4
34.41,1.291,3.49881,4
34.42,1.291,8.59919,4
34.43,1.291,15.7111,4
34.44,1.291,20.5488,4
34.45,1.291,5.45568,4
34.46,1.29303,0.944069,4
34.47,1.29563,11.5059,4
34.48,1.29823,16.2511,4
34.49,1.30083,9.47335,4
34.5,1.30343,3.70138,4
34.51,1.30603,3.29271,4
34.52,1.30863,11.9054,4
34.53,1.31123,9.79291,4
34.54,1.31383,6.40843,4
34.55,1.31643,-1.55832,4
34.56,1.31497,7.06838,4
34.57,1.31237,6.04239,4
34.58,1.30977,3.29694,4
34.59,1.30717,11.0906,4
34.6,1.30457,3.51344,4
34.61,1.30197,7.99274,4
34.62,1.29937,2.84816,4
34.63,1.29677,15.4627,4
34.64,1.29417,17.5988,4
34.65,1.29157,-3.50442,4
34.66,1.291,15.2971,4
34.67,1.291,-3.71594,4
34.68,1.291,16.1009,4
34.69,1.291,17.4846,4
34.7,1.291,17.0977,4
34.71,1.291,,4
34.72,1.291,,4
34.73,1.291,,4
34.74,1.291,,4
34.75,1.291,,4
34.76,1.291,,4
34.77,1.291,14.389,4
34.78,1.291,14.0021,4
34.79,1.291,9.66923,4
34.8,1.291,7.29212,4
34.81,1.291,16.045,4
34.82,1.291,8.64354,4
34.83,1.291,-0.57422,4
34.84,1.291,4.84042,4
34.85,1.291,-0.247336,4
34.86,1.291,-0.973047,4
34.87,1.291,-2.38845,4
34.88,1.291,1.81641,4
34.89,1.291,4.34323,4
34.9,1.291,0.383084,4
34.91,1.291,4.51939,4
34.92,1.291,12.4605,4
34.93,1.291,12.4605,4
34.94,1.291,9.87118,4
34.95,1.291,12.4605,4
34.96,1.291,9.80713,4
34.97,1.291,4.05672,4
34.98,1.291,1.79916,4
34.99,1.291,-1.83183,4
35,1.291,7.70535,4
35.01,1.291,8.82835,4
35.02,1.291,6.01954,4
35.03,1.291,16.0391,4
35.04,1.291,12.439,4
35.05,1.291,-0.0647367,4
35.06,1.291,7.18933,4
35.07,1.291,8.41112,4
35.08,1.291,14.6424,4
35.09,1.291,5.61475,4
35.1,1.291,-0.633159,4
35.11,1.291,12.6998,4
35.12,1.291,-1.8343,4
35.13,1.291,0.761409,4
35.14,1.291,12.3136,4
35.15,1.291,2.35728,4
35.16,1.291,5.66305,4
35.17,1.291,16.6805,4
35.18,1.291,4.17842,4
35.19,1.291,8.68883,4
35.2,1.291,5.96198,4
35.21,1.291,3.92749,4
35.22,1.291,-1.6359,4
35.23,1.291,0.446407,4
35.24,1.291,14.9795,4
35.25,1.291,11.4304,4
35.26,1.291,-0.0982941,4
35.27,1.291,-0.210855,4
35.28,1.291,4.20166,4
35.29,1.291,5.25003,4
35.3,1.291,10.1556,4
35.31,1.291,2.62346,4
35.32,1.291,3.66283,4
35.33,1.291,-2.67312,4
35.34,1.291,5.67359,4
35.35,1.291,5.55054,4
35.36,1.291,5.4275,4
35.37,1.291,,4
35.38,1.291,,4
35.39,1.291,,4
35.4,1.291,,4
35.41,1.291,,4
35.42,1.291,,4
35.43,1.291,4.56619,4
35.44,1.291,4.44314,4
35.45,1.291,7.80426,4
35.46,1.291,7.9694,4
35.47,1.291,0.384609,4
35.48,1.291,4.29808,4
35.49,1.291,12.4227,4
35.5,1.291,17.148,4
35.51,1.291,11.2167,4
35.52,1.291,10.4954,4
35.53,1.291,0.858611,4
35.54,1.291,0.199739,4
35.55,1.291,1.8056,4
35.56,1.291,2.69201,4
35.57,1.291,-2.70461,4
35.58,1.291,-1.25311,4
35.59,1.291,3.62386,4
35.6,1.291,3.58053,4
35.61,1.291,7.32885,4
35.62,1.291,2.11988,4
35.63,1.291,-3.18436,4
35.64,1.291,14.6035,4
35.65,1.291,-0.68602,4
35.66,1.29092,7.65123,4
35.67,1.29082,12.4545,4
35.68,1.29072,6.01492,4
35.69,1.29062,14.9815,4
35.7,1.29052,-4.25138,4
35.71,1.29042,20.5166,4
35.72,1.29032,16.9908,4
35.73,1.29021,7.83317,4
35.74,1.29011,0.0144881,4
35.75,1.29001,-3.71594,4
35.76,1.29009,-3.54078,4
35.77,1.29019,7.36754,4
35.78,1.29029,-1.01986,4
35.79,1.29038,-1.01986,4
35.8,1.29048,-1.01986,4
35.81,1.29058,12.3328,4
35.82,1.29068,11.0447,4
35.83,1.29078,2.62657,4
35.84,1.29088,3.68512,4
35.85,1.29098,3.54414,4
35.86,1.291,-2.6997,4
35.87,1.291,-3.71594,4
35.88,1.291,-1.97507,4
35.89,1.291,12.1805,4
35.9,1.291,-0.985206,4
35.91,1.291,5.04091,4
35.92,1.291,0.839162,4
35.93,1.291,9.40026,4
35.94,1.291,8.32872,4
35.95,1.291,14.4857,4
35.96,1.29303,-0.720096,4
35.97,1.29563,13.6547,4
35.98,1.29823,7.05274,4
35.99,1.30083,6.43728,4
36,1.30343,5.82182,4
36.01,1.30603,,4
36.02,1.30863,,4
36.03,1.31123,,4
36.04,1.31383,,4
36.05,1.31643,,4
36.06,1.31497,,4
36.07,1.31237,1.5136,4
36.08,1.30977,0.898143,4
36.09,1.30717,1.05209,4
36.1,1.30457,10.8455,4
36.11,1.30197,-2.81364,4
36.12,1.29937,-3.70024,4
36.13,1.29677,-6.36859,4
36.14,1.29417,-0.593992,4
36.15,1.29157,-1.01986,4
36.16,1.291,2.2599,4
36.17,1.291,15.5962,4
36.18,1.291,12.268,4
36.19,1.291,15.1566,4
36.2,1.291,8.83107,4
36.21,1.291,5.71614,4
36.22,1.291,-2.46403,4
36.23,1.291,-0.971584,4
36.24,1.291,6.30677,4
36.25,1.291,3.25781,4
36.26,1.291,3.49762,4
36.27,1.291,3.32058,4
36.28,1.291,0.0669225,4
36.29,1.291,-3.63001,4
36.3,1.291,3.75827,4
36.31,1.291,-4.80684,4
36.32,1.291,-1.91781,4
36.33,1.291,3.27836,4
36.34,1.291,-4.06685,4
36.35,1.291,-1.42063,4
36.36,1.291,5.38009,4
36.37,1.291,-0.247574,4
36.38,1.291,9.94866,4
36.39,1.291,3.52409,4
36.4,1.291,-1.9405,4
36.41,1.291,10.2536,4
36.42,1.291,3.26,4
36.43,1.291,-3.3269,4
36.44,1.291,14.4256,4
36.45,1.291,7.14015,4
36.46,1.291,2.05059,4
36.47,1.291,17.7748,4
36.48,1.291,-0.927983,4
36.49,1.291,16.3494,4
36.5,1.291,5.44762,4
36.51,1.291,-2.77791,4
36.52,1.291,5.8811,4
36.53,1.291,9.18037,4
36.54,1.291,-1.71766,4
36.55,1.291,-4.43583,4
36.56,1.291,2.63657,4
36.57,1.291,1.07214,4
36.58,1.291,5.80254,4
36.59,1.291,7.06838,4
36.6,1.291,3.47803,4
36.61,1.291,3.45249,4
36.62,1.291,0.275604,4
36.63,1.291,-2.06015,4
36.64,1.291,-3.71594,4
36.65,1.291,0.691858,4
36.66,1.291,7.0688,4
36.67,1.291,11.0948,4
36.68,1.291,5.10364,4
36.69,1.291,3.87734,4
36.7,1.291,2.85382,4
36.71,1.291,1.8303,4
36.72,1.291,,4
36.73,1.291,,4
36.74,1.291,,4
36.75,1.291,,4
36.76,1.291,,4
36.77,1.291,-4.31081,4
36.78,1.291,-5.33433,4
36.79,1.291,-6.35785,4
36.8,1.291,4.07655,4
36.81,1.291,3.06962,4
36.82,1.291,4.55501,4
36.83,1.291,5.72034,4
36.84,1.291,5.26297,4
36.85,1.291,3.42696,4
36.86,1.291,5.70239,4
36.87,1.291,-2.39165,4
36.88,1.291,9.54714,4
36.89,1.291,11.1107,4
36.9,1.291,1.05039,4
36.91,1.291,-2.4185,4
36.92,1.291,-3.46059,4
36.93,1.291,3.81349,4
36.94,1.291,-3.18298,4
36.95,1.291,7.17692,4
36.96,1.291,19.7378,4
36.97,1.291,-4.15613,4
36.98,1.291,0.799044,4
36.99,1.291,-0.746128,4
37,1.291,-5.46925,4
37.01,1.291,1.48785,4
37.02,1.291,-4.16065,4
37.03,1.291,6.90616,4
37.04,1.291,13.8194,4
37.05,1.291,2.52314,4
37.06,1.291,1.14346,4
37.07,1.291,12.6786,4
37.08,1.291,3.89166,4
37.09,1.291,8.80753,4
37.1,1.291,10.4651,4
37.11,1.291,3.52524,4
37.12,1.291,17.7746,4
37.13,1.291,-0.405034,4
37.14,1.291,10.0418,4
37.15,1.291,13.9426,4
37.16,1.29092,4.81449,4
37.17,1.29082,6.22428,4
37.18,1.29072,1.78918,4
37.19,1.29062,-4.69822,4
37.2,1.29052,0.886732,4
37.21,1.29042,7.06838,4
37.22,1.29032,5.88163,4
37.23,1.29022,-4.75739,4
37.24,1.29012,-0.167527,4
37.25,1.29002,-2.87734,4
37.26,1.29008,14.6777,4
37.27,1.29018,-2.55593,4
37.28,1.29028,-1.01986,4
37.29,1.29038,1.59537,4
37.3,1.29048,2.56257,4
37.31,1.29058,-1.01986,4
37.32,1.29068,-5.71185,4
37.33,1.29078,5.3352,4
37.34,1.29088,4.88679,4
37.35,1.29098,11.0095,4
37.36,1.291,1.10179,4
37.37,1.291,1.47022,4
37.38,1.291,4.84371,4
37.39,1.291,-4.10077,4
37.4,1.291,-5.52203,4
37.41,1.291,-4.40372,4
37.42,1.291,,4
37.43,1.291,,4
37.44,1.291,,4
37.45,1.291,,4
37.46,1.29303,,4
37.47,1.29563,,4
37.48,1.29823,,4
37.49,1.30083,4.54278,4
37.5,1.30343,5.66109,4
37.51,1.30603,6.77941,4
37.52,1.30863,9.03309,4
37.53,1.31123,3.29448,4
37.54,1.31383,1.3527,4
37.55,1.31643,9.61649,4
37.56,1.31497,9.02561,4
37.57,1.31237,5.56421,4
37.58,1.30977,5.98339,4
37.59,1.30717,3.33778,4
37.6,1.30457,3.47707,4
37.61,1.30197,8.05454,4
37.62,1.29937,9.97684,4
37.63,1.29677,0.960178,4
37.64,1.29417,5.25937,4
37.65,1.29157,11.1125,4
37.66,1.291,7.28172,4
37.67,1.291,1.11673,4
37.68,1.291,-0.477764,4
37.69,1.291,15.1566,4
37.7,1.291,4.84677,4
37.71,1.291,19.4937,4
37.72,1.291,16.0606,4
37.73,1.291,18.297,4
37.74,1.291,5.92216,4
37.75,1.291,6.91881,4
37.76,1.291,10.0423,4
37.77,1.291,10.5015,4
37.78,1.291,6.2091,4
37.79,1.291,5.72034,4
37.8,1.291,-1.08122,4
37.81,1.291,-3.14179,4
37.82,1.291,8.40141,4
37.83,1.291,5.12483,4
37.84,1.291,2.09215,4
37.85,1.291,9.02615,4
37.86,1.291,13.5931,4
37.87,1.291,-3.65421,4
37.88,1.291,8.7876,4
37.89,1.291,-3.66564,4
37.9,1.291,-0.264084,4
37.91,1.291,-2.29484,4
37.92,1.291,10.2934,4
37.93,1.291,14.3248,4
37.94,1.291,3.51539,4
37.95,1.291,12.8608,4
37.96,1.291,12.5613,4
37.97,1.291,16.4764,4
37.98,1.291,9.09341,4
37.99,1.291,13.4763,4
38,1.291,-3.71594,4
38.01,1.291,-0.744431,4
38.02,1.291,1.3244,4
38.03,1.291,4.98233,4
38.04,1.291,5.09657,4
38.05,1.291,10.4072,4
38.06,1.291,12.3773,4
38.07,1.291,5.36648,4
38.08,1.291,9.20152,4
38.09,1.291,11.6559,4
38.1,1.291,-3.50891,4
38.11,1.291,-3.15003,4
38.12,1.291,,4
38.13,1.291,,4
38.14,1.291,,4
38.15,1.291,,4
38.16,1.291,,4
38.17,1.291,,4
38.18,1.291,,4
38.19,1.291,,4
38.2,1.291,0.0799587,4
38.21,1.291,0.438846,4
38.22,1.291,0.908397,4
38.23,1.291,4.0924,4
38.24,1.291,14.1123,4
38.25,1.291,-0.406887,4
38.26,1.291,-1.42628,4
38.27,1.291,17.4521,4
38.28,1.291,3.97256,4
38.29,1.291,-0.957017,4
38.3,1.291,-4.45614,4
38.31,1.291,8.32797,4
38.32,1.291,11.0397,4
38.33,1.291,3.15587,4
38.34,1.291,4.36052,4
38.35,1.291,17.4741,4
38.36,1.291,-1.36938,4
38.37,1.291,12.4706,4
38.38,1.291,7.78787,4
38.39,1.291,-0.361482,4
38.4,1.291,2.80635,4
38.41,1.291,4.68328,4
38.42,1.291,-1.06482,4
38.43,1.291,0.822226,4
38.44,1.291,4.73071,4
38.45,1.291,-5.43053,4
38.46,1.291,-2.30073,4
38.47,1.291,-2.4731,4
38.48,1.291,-0.0059472,4
38.49,1.291,11.4407,4
38.5,1.291,-2.11127,4
38.51,1.291,1.67622,4
38.52,1.291,10.2402,4
38.53,1.291,9.33196,4
38.54,1.291,-0.0744999,4
38.55,1.291,-5.67645,4
38.56,1.29303,8.33298,4
38.57,1.29563,-2.92927,4
38.58,1.29823,15.6672,4
38.59,1.30083,4.64827,4
38.6,1.30343,2.2732,4
38.61,1.30603,13.548,4
38.62,1.30863,6.27487,4
38.63,1.31123,18.4175,4
38.64,1.31383,6.31475,4
38.65,1.31643,-1.01986,4
38.66,1.31495,6.98047,4
38.67,1.31232,12.1793,4
38.68,1.3097,15.3883,4
38.69,1.30707,13.6564,4
38.7,1.30444,7.13127,4
38.71,1.30182,7.2469,4
38.72,1.29919,,4
38.73,1.29657,,4
38.74,1.29394,,4
38.75,1.29131,,4
38.76,1.291,,4
38.77,1.291,,4
38.78,1.291,,4
38.79,1.291,8.17199,4
38.8,1.291,8.28763,4
38.81,1.291,8.40327,4
38.82,1.291,-1.89272,4
38.83,1.291,4.70821,4
38.84,1.291,3.95122,4
38.85,1.291,13.3651,4
38.86,1.29303,4.77792,4
38.87,1.29563,-4.34342,4
38.88,1.29823,9.78296,4
38.89,1.30083,7.85138,4
38.9,1.30343,6.8585,4
38.91,1.30603,3.33608,4
38.92,1.30863,4.87274,4
38.93,1.31123,9.57264,4
38.94,1.31383,9.71124,4
38.95,1.31643,-1.62352,4
38.96,1.31497,91.6825,4
38.97,1.31237,181.01,4
38.98,1.30977,5.93936,4
38.99,1.30717,9.7501,4
39,1.30457,3.17699,4
39.01,1.30197,2.72214,4
39.02,1.29937,0.0167805,4
39.03,1.29677,3.14477,4
39.04,1.29417,9.21164,4
39.05,1.29157,9.55726,4
39.06,1.291,13.3791,4
39.07,1.291,9.1394,4
39.08,1.291,4.77539,4
39.09,1.291,16.1039,4
39.1,1.291,4.78756,4
39.11,1.291,1.55073,4
39.12,1.291,-3.71337,4
39.13,1.291,2.75466,4
39.14,1.291,-2.05682,4
39.15,1.291,3.42187,4
39.16,1.291,14.8643,4
39.17,1.291,0.178583,4
39.18,1.291,-6.37616,4
39.19,1.291,-0.917148,4
39.2,1.291,6.70007,4
39.21,1.291,11.825,4
39.22,1.291,-1.25503,4
39.23,1.291,-6.21821,4
39.24,1.291,-4.05986,4
39.25,1.291,-2.57108,4
39.26,1.291,-5.36651,4
39.27,1.291,2.31207,4
39.28,1.291,5.22482,4
39.29,1.291,13.3317,4
39.3,1.291,5.69053,4
39.31,1.291,15.3852,4
39.32,1.291,9.12119,4
39.33,1.291,-0.768569,4
39.34,1.291,8.53203,4
39.35,1.291,16.8459,4
39.36,1.291,-1.58736,4
39.37,1.291,4.10104,4
39.38,1.291,0.0180455,4
39.39,1.291,13.334,4
39.4,1.291,6.3066,4
39.41,1.291,4.41705,4
39.42,1.291,-0.685018,4
39.43,1.291,15.9091,4
39.44,1.291,-1.81641,4
39.45,1.291,-26.1363,4
39.46,1.291,-10.4446,4
39.47,1.291,-6.24688,4
39.48,1.291,-5.10422,4
39.49,1.291,-3.96156,4
39.5,1.291,,4
39.51,1.291,,4
39.52,1.291,,4
39.53,1.291,,4
39.54,1.291,,4
39.55,1.291,,4
39.56,1.291,,4
39.57,1.291,,4
39.58,1.291,6.32236,4
39.59,1.291,7.46502,4
39.6,1.291,7.99904,4
39.61,1.291,5.68016,4
39.62,1.291,5.48764,4
39.63,1.291,6.63385,4
39.64,1.291,4.28764,4
39.65,1.291,10.1969,4
39.66,1.291,2.55437,4
39.67,1.291,9.01584,4
39.68,1.291,1.41925,4
39.69,1.291,-1.24673,4
39.7,1.291,-3.32614,4
39.71,1.291,1.24503,4
39.72,1.291,-5.66199,4
39.73,1.291,6.09056,4
39.74,1.291,12.3875,4
39.75,1.291,10.9609,4
39.76,1.291,8.49947,4
39.77,1.291,9.11299,4
39.78,1.291,-0.87738,4
39.79,1.291,1.85048,4
39.8,1.291,4.99168,4
39.81,1.291,17.2602,4
39.82,1.291,-0.703751,4
39.83,1.291,10.9796,4
39.84,1.291,6.88276,4
39.85,1.291,1.96387,4
39.86,1.291,12.1964,4
39.87,1.291,1.73942,4
39.88,1.291,11.5049,4
39.89,1.291,3.71882,4
39.9,1.291,1.67622,4
39.91,1.291,-2.4596,4
39.92,1.291,-5.56477,4
39.93,1.291,9.39351,4
39.94,1.291,10.2468,4
39.95,1.291,9.04147,4
39.96,1.291,0.7926,4
39.97,1.291,12.6383,4
39.98,1.291,3.2355,4
39.99,1.291,3.38805,4
40,1.291,6.2923,4
40.01,1.291,2.77485,4
40.02,1.291,11.0721,4
40.03,1.291,-2.42441,4
40.04,1.291,-1.46834,4
40.05,1.291,9.54499,4
40.06,1.291,-2.68647,4
40.07,1.291,0.270061,4
40.08,1.291,-2.80769,4
40.09,1.291,-2.06318,4
40.1,1.291,17.8527,4
40.11,1.291,2.16635,4
40.12,1.291,11.5847,4
40.13,1.291,-2.56382,4
40.14,1.291,3.82249,4
40.15,1.291,8.22863,4
40.16,1.291,-2.28908,4
40.17,1.291,14.9913,4
40.18,1.291,4.59081,4
40.19,1.291,9.76878,4
40.2,1.291,9.84267,4
40.21,1.291,9.91656,4
40.22,1.291,,4
40.23,1.291,,4
40.24,1.291,,4
40.25,1.291,,4
40.26,1.291,,4
40.27,1.291,,4
40.28,1.291,,4
40.29,1.291,10.5076,4
40.3,1.291,10.5815,4
40.31,1.291,10.6554,4
40.32,1.291,12.355,4
40.33,1.291,11.277,4
40.34,1.291,7.42846,4
40.35,1.291,4.6064,4
40.36,1.291,0.278796,4
40.37,1.291,-1.85704,4
40.38,1.291,-1.29228,4
40.39,1.291,6.22225,4
40.4,1.291,-0.337713,4
40.41,1.291,-5.37605,4
40.42,1.291,4.56551,4
40.43,1.291,8.08348,4
40.44,1.291,15.3686,4
40.45,1.291,10.5584,4
40.46,1.291,3.72158,4
40.47,1.291,9.3445,4
40.48,1.291,13.3201,4
40.49,1.291,4.17685,4
40.5,1.291,2.16387,4
40.51,1.291,6.02369,4
40.52,1.291,4.94368,4
40.53,1.291,10.9629,4
40.54,1.291,12.4751,4
40.55,1.291,9.14846,4
40.56,1.291,4.3314,4
40.57,1.291,0.237751,4
40.58,1.291,-0.934999,4
40.59,1.291,-4.0323,4
40.6,1.291,3.9512,4
40.61,1.291,-0.239312,4
40.62,1.291,-0.195781,4
40.63,1.291,8.28652,4
40.64,1.291,5.60104,4
40.65,1.291,1.35158,4
40.66,1.291,-0.209425,4
40.67,1.291,1.84776,4
40.68,1.291,12.8432,4
40.69,1.291,8.93169,4
40.7,1.291,4.93251,4
40.71,1.291,-0.00146916,4
40.72,1.291,5.17566,4
40.73,1.291,-3.61737,4
40.74,1.291,3.42631,4
40.75,1.291,3.13176,4
40.76,1.291,2.83721,4
40.77,1.291,,4
40.78,1.291,,4
40.79,1.291,,4
40.8,1.291,,4
40.81,1.291,,4
40.82,1.291,,4
40.83,1.291,,4
40.84,1.291,0.480785,4
40.85,1.291,0.186232,4
40.86,1.291,-0.108321,4
40.87,1.291,2.87328,4
40.88,1.291,9.43425,4
40.89,1.291,3.46083,4
40.9,1.291,0.940548,4
40.91,1.291,4.79662,4
40.92,1.291,6.78697,4
40.93,1.291,1.95962,4
40.94,1.291,7.59852,4
40.95,1.291,0.459196,4
40.96,1.291,5.19378,4
40.97,1.291,9.40986,4
40.98,1.291,6.70295,4
40.99,1.291,5.85442,4
41,1.291,1.1286,4
41.01,1.291,2.26982,4
41.02,1.291,0.615482,4
41.03,1.291,-6.25723,4
41.04,1.291,-1.56263,4
41.05,1.291,2.05967,4
41.06,1.291,3.26332,4
41.07,1.291,14.7452,4
41.08,1.291,3.97416,4
41.09,1.291,4.76412,4
41.1,1.291,-6.41202,4
41.11,1.291,-2.15999,4
41.12,1.291,8.30693,4
41.13,1.291,0.328205,4
41.14,1.291,-1.34796,4
41.15,1.291,9.87831,4
41.16,1.291,18.2455,4
41.17,1.291,-2.72711,4
41.18,1.291,2.67048,4
41.19,1.291,12.7391,4
41.2,1.291,15.1121,4
41.21,1.291,13.8905,4
41.22,1.291,14.3329,4
41.23,1.291,-3.23386,4
41.24,1.291,3.00288,4
41.25,1.291,19.9673,4
41.26,1.291,4.77072,4
41.27,1.291,-6.03635,4
41.28,1.291,-2.88452,4
41.29,1.291,13.8847,4
41.3,1.291,8.67391,4
41.31,1.291,2.56315,4
41.32,1.291,-2.92877,4
41.33,1.291,-1.62875,4
41.34,1.291,5.26826,4
41.35,1.291,8.12476,4
41.36,1.29303,1.1026,4
41.37,1.29563,-4.0927,4
41.38,1.29823,10.4456,4
41.39,1.30083,0.679952,4
41.4,1.30343,-1.72058,4
41.41,1.30603,-1.88163,4
41.42,1.30863,-3.23353,4
41.43,1.31123,-2.52324,4
41.44,1.31383,-0.749889,4
41.45,1.31643,,4
41.46,1.31497,,4
41.47,1.31237,,4
41.48,1.30977,,4
41.49,1.30717,,4
41.5,1.30457,,4
41.51,1.30197,,4
41.52,1.29937,13.4369,4
41.53,1.29677,15.2102,4
41.54,1.29417,16.9836,4
41.55,1.29157,8.96057,4
41.56,1.291,-3.40474,4
41.57,1.291,7.4162,4
41.58,1.291,11.4114,4
41.59,1.291,3.00101,4
41.6,1.291,0.736994,4
41.61,1.291,5.61159,4
41.62,1.291,-1.73569,4
41.63,1.291,6.2311,4
41.64,1.291,14.5889,4
41.65,1.291,0.2657,4
41.66,1.291,17.5588,4
41.67,1.291,13.7781,4
41.68,1.291,-1.01986,4
41.69,1.291,4.59568,4
41.7,1.291,18.7856,4
41.71,1.291,10.8366,4
41.72,1.291,3.92659,4
41.73,1.291,-0.0817675,4
41.74,1.291,0.317719,4
41.75,1.291,4.78683,4
41.76,1.291,17.1435,4
41.77,1.291,-0.488127,4
41.78,1.291,7.55516,4
41.79,1.291,8.46023,4
41.8,1.291,-2.76118,4
41.81,1.291,-2.45877,4
41.82,1.291,11.7071,4
41.83,1.291,-2.5371,4
41.84,1.291,3.59632,4
41.85,1.291,4.36594,4
41.86,1.291,3.86235,4
41.87,1.291,-1.90156,4
41.88,1.291,1.39722,4
41.89,1.291,4.96682,4
41.9,1.291,2.36774,4
41.91,1.291,7.13913,4
41.92,1.291,6.95432,4
41.93,1.291,4.76567,4
41.94,1.291,-1.27013,4
41.95,1.291,5.70706,4
41.96,1.291,10.1802,4
41.97,1.291,3.25641,4
41.98,1.291,6.70248,4
41.99,1.291,15.1566,4
42,1.291,13.9892,4
42.01,1.291,12.649,4
42.02,1.291,,4
42.03,1.291,,4
42.04,1.291,,4
42.05,1.291,,4
42.06,1.291,,4
42.07,1.291,,4
42.08,1.291,3.26761,4
42.09,1.291,1.92741,4
42.1,1.291,0.587207,4
42.11,1.291,-1.3276,4
42.12,1.291,1.60097,4
42.13,1.291,2.17341,4
42.14,1.291,-0.706475,4
42.15,1.291,4.90998,4
42.16,1.291,5.56587,4
42.17,1.291,1.62496,4
42.18,1.291,5.84617,4
42.19,1.291,-1.94326,4
42.2,1.291,7.63327,4
42.21,1.291,-1.35352,4
42.22,1.291,-3.6166,4
42.23,1.291,6.21708,4
42.24,1.291,-1.32874,4
42.25,1.291,10.2222,4
42.26,1.291,17.5305,4
42.27,1.291,-3.62231,4
42.28,1.291,4.19543,4
42.29,1.291,11.1157,4
42.3,1.291,4.67061,4
42.31,1.291,-0.654717,4
42.32,1.291,7.60787,4
42.33,1.291,0.655922,4
42.34,1.291,6.42149,4
42.35,1.291,0.519022,4
42.36,1.291,-3.38795,4
42.37,1.291,2.314,4
42.38,1.291,-0.773814,4
42.39,1.291,6.64926,4
42.4,1.291,4.85557,4
42.41,1.291,5.747,4
42.42,1.291,3.89505,4
42.43,1.291,7.33423,4
42.44,1.291,14.9318,4
42.45,1.291,4.64137,4
42.46,1.29303,2.19816,4
42.47,1.29563,3.25826,4
42.48,1.29823,0.426026,4
42.49,1.30083,11.9725,4
42.5,1.30343,-4.44631,4
42.51,1.30603,9.3049,4
42.52,1.30863,7.81588,4
42.53,1.31123,6.32686,4
42.54,1.31383,,4
42.55,1.31643,,4
42.56,1.31497,,4
42.57,1.31237,,4
42.58,1.30977,,4
42.59,1.30717,-2.60723,4
42.6,1.30457,-4.09624,4
42.61,1.30197,-1.89588,4
42.62,1.29937,3.9863,4
42.63,1.29677,3.02426,4
42.64,1.29417,6.11402,4
42.65,1.29157,8.88252,4
42.66,1.291,11.5802,4
42.67,1.291,-1.72608,4
42.68,1.291,1.8551,4
42.69,1.291,14.9449,4
42.7,1.291,2.20639,4
42.71,1.291,8.58253,4
42.72,1.291,10.7129,4
42.73,1.291,13.6428,4
42.74,1.291,8.52821,4
42.75,1.291,-4.7253,4
42.76,1.291,8.6861,4
42.77,1.291,0.542552,4
42.78,1.291,9.73822,4
42.79,1.291,8.09356,4
42.8,1.291,2.5665,4
42.81,1.291,11.6557,4
42.82,1.291,3.15743,4
42.83,1.291,0.328177,4
42.84,1.291,9.10358,4
42.85,1.291,5.65196,4
42.86,1.291,6.56863,4
42.87,1.291,13.5671,4
42.88,1.291,11.6112,4
42.89,1.291,2.44476,4
42.9,1.291,0.115209,4
42.91,1.291,3.63712,4
42.92,1.291,6.26647,4
42.93,1.291,0.0431194,4
42.94,1.291,16.8318,4
42.95,1.291,7.86432,4
42.96,1.291,5.55795,4
42.97,1.291,10.3604,4
42.98,1.291,9.05063,4
42.99,1.291,0.476857,4
43,1.291,-1.01986,4
43.01,1.291,9.73727,4
43.02,1.291,8.77634,4
43.03,1.291,9.70136,4
43.04,1.291,10.6264,4
43.05,1.291,,4
43.06,1.291,,4
43.07,1.291,,4
43.08,1.291,,4
43.09,1.291,,4
43.1,1.291,16.1765,4
43.11,1.291,17.1015,4
43.12,1.291,15.461,4
43.13,1.291,5.61544,4
43.14,1.291,3.51445,4
43.15,1.291,0.00653541,4
43.16,1.291,4.69693,4
43.17,1.291,-0.944538,4
43.18,1.291,0.224686,4
43.19,1.291,-2.10642,4
43.2,1.291,0.849062,4
43.21,1.291,17.7482,4
43.22,1.291,1.85737,4
43.23,1.291,2.06269,4
43.24,1.291,-3.8962,4
43.25,1.291,-4.77437,4
43.26,1.291,7.89844,4
43.27,1.291,8.95443,4
43.28,1.291,16.9018,4
43.29,1.291,17.2946,4
43.3,1.291,8.21543,4
43.31,1.291,11.8349,4
43.32,1.291,0.723856,4
43.33,1.291,5.72034,4
43.34,1.291,4.71562,4
43.35,1.291,4.3723,4
43.36,1.291,5.38995,4
43.37,1.291,5.35986,4
43.38,1.291,0.838942,4
43.39,1.291,-2.22469,4
43.4,1.291,0.71984,4
43.41,1.291,6.80104,4
43.42,1.291,9.25717,4
43.43,1.291,7.14929,4
43.44,1.291,2.6212,4
43.45,1.291,0.821232,4
43.46,1.291,6.41649,4
43.47,1.291,1.5392,4
43.48,1.291,-3.70852,4
43.49,1.291,9.12023,4
43.5,1.291,16.4151,4
43.51,1.291,-5.18882,4
43.52,1.291,1.67622,4
43.53,1.291,17.735,4
43.54,1.291,17.1067,4
43.55,1.291,16.4783,4
43.56,1.291,,4
43.57,1.291,,4
43.58,1.291,,4
43.59,1.291,,4
43.6,1.291,,4
43.61,1.291,,4
43.62,1.291,,4
43.63,1.291,,4
43.64,1.291,10.8235,4
43.65,1.291,10.1952,4
43.66,1.291,6.26809,4
43.67,1.291,0.263954,4
43.68,1.291,6.18912,4
43.69,1.291,-1.14007,4
43.7,1.291,4.78025,4
43.71,1.291,4.13954,4
43.72,1.291,8.5511,4
43.73,1.291,-3.29338,4
43.74,1.291,-1.01986,4
43.75,1.291,1.99868,4
43.76,1.291,12.1834,4
43.77,1.291,8.20426,4
43.78,1.291,-4.35225,4
43.79,1.291,16.7407,4
43.8,1.291,-6.36073,4
43.81,1.291,0.687825,4
43.82,1.291,-1.00102,4
43.83,1.291,1.67622,4
43.84,1.291,-6.24242,4
43.85,1.291,4.47703,4
43.86,1.291,7.62935,4
43.87,1.291,-3.07013,4
43.88,1.291,6.10556,4
43.89,1.291,0.288994,4
43.9,1.291,9.77913,4
43.91,1.291,8.43022,4
43.92,1.291,7.06838,4
43.93,1.291,15.8439,4
43.94,1.291,8.7616,4
43.95,1.291,3.56235,4
43.96,1.29303,2.31435,4
43.97,1.29563,10.8806,4
43.98,1.29823,3.74383,4
43.99,1.30083,1.36159,4
44,1.30343,2.83571,4
44.01,1.30603,3.75319,4
44.02,1.30863,7.50583,4
44.03,1.31123,7.61311,4
44.04,1.31383,8.31806,4
44.05,1.31643,5.75824,4
44.06,1.31497,7.0032,4
44.07,1.31237,1.06651,4
44.08,1.30977,-5.4567,4
44.09,1.30717,-3.51998,4
44.1,1.30457,-1.58327,4
44.11,1.30197,,4
44.12,1.29937,,4
44.13,1.29677,,4
44.14,1.29417,,4
44.15,1.29157,,4
44.16,1.29305,,4
44.17,1.29568,11.9737,4
44.18,1.2983,13.9104,4
44.19,1.30093,15.1566,4
44.2,1.30356,10.8295,4
44.21,1.30618,5.0463,4
44.22,1.30881,9.71036,4
44.23,1.31143,7.04964,4
44.24,1.31406,1.58279,4
44.25,1.31669,3.74621,4
44.26,1.31473,3.24867,4
44.27,1.31216,-0.761541,4
44.28,1.30958,-0.596394,4
44.29,1.30701,3.4959,4
44.3,1.30444,6.75903,4
44.31,1.30186,1.9887,4
44.32,1.29929,6.00164,4
44.33,1.29671,-2.59781,4
44.34,1.29414,5.299,4
44.35,1.29156,6.14051,4
44.36,1.29305,-0.541072,4
44.37,1.29568,3.61941,4
44.38,1.2983,1.10391,4
44.39,1.30093,2.98759,4
44.4,1.30356,6.83493,4
44.41,1.30618,-4.43519,4
44.42,1.30881,9.93433,4
44.43,1.31143,-2.95063,4
44.44,1.31406,2.77839,4
44.45,1.31669,-3.20366,4
44.46,1.31473,2.00591,4
44.47,1.31216,5.84073,4
44.48,1.30958,0.228345,4
44.49,1.30701,-3.54628,4
44.5,1.30444,4.31438,4
44.51,1.30186,-3.89442,4
44.52,1.29929,-5.97104,4
44.53,1.29671,-6.41202,4
44.54,1.29414,5.66398,4
44.55,1.29156,4.3723,4
44.56,1.291,4.3723,4
44.57,1.291,14.5996,4
44.58,1.291,12.2325,4
44.59,1.291,7.09927,4
44.6,1.291,6.85691,4
44.61,1.291,-3.26537,4
44.62,1.291,-2.1909,4
44.63,1.291,-1.7051,4
44.64,1.291,-1.21929,4
44.65,1.291,,4
44.66,1.291,,4
44.67,1.291,,4
44.68,1.291,,4
44.69,1.291,,4
44.7,1.291,,4
44.71,1.291,,4
44.72,1.291,,4
44.73,1.291,,4
44.74,1.291,3.63877,4
44.75,1.291,4.12458,4
44.76,1.291,3.67778,4
44.77,1.291,1.03934,4
44.78,1.291,3.21827,4
44.79,1.291,4.11949,4
44.8,1.291,8.94913,4
44.81,1.291,3.37211,4
44.82,1.291,11.7791,4
44.83,1.291,3.07072,4
44.84,1.291,2.98926,4
44.85,1.291,8.49311,4
44.86,1.291,8.99131,4
44.87,1.291,9.38969,4
44.88,1.291,7.99602,4
44.89,1.291,9.15501,4
44.9,1.291,0.482503,4
44.91,1.291,4.90461,4
44.92,1.291,9.06094,4
44.93,1.291,5.04992,4
44.94,1.291,5.80939,4
44.95,1.291,3.22376,4
44.96,1.291,0.828852,4
44.97,1.291,-0.473769,4
44.98,1.291,11.2493,4
44.99,1.291,-0.356328,4
45,1.291,4.99832,4
45.01,1.291,-3.49107,4
45.02,1.291,7.28119,4
45.03,1.291,7.64113,4
45.04,1.291,5.09135,4
45.05,1.291,12.0522,4
45.06,1.291,3.05989,4
45.07,1.291,5.39577,4
45.08,1.291,4.57782,4
45.09,1.291,12.0334,4
45.1,1.291,16.7254,4
45.11,1.291,17.8989,4
45.12,1.291,19.0855,4
45.13,1.291,-0.950687,4
45.14,1.291,5.93263,4
45.15,1.291,4.41005,4
45.16,1.291,7.07298,4
45.17,1.291,7.45756,4
45.18,1.291,7.84214,4
45.19,1.291,,4
45.2,1.291,,4
45.21,1.291,,4
45.22,1.291,,4
45.23,1.291,,4
45.24,1.291,,4
45.25,1.291,,4
45.26,1.291,,4
45.27,1.291,,4
45.28,1.291,11.6879,4
45.29,1.291,12.0725,4
45.3,1.291,12.4571,4
45.31,1.291,-1.01986,4
45.32,1.291,5.08212,4
45.33,1.291,7.01401,4
45.34,1.291,-5.10188,4
45.35,1.291,14.1789,4
45.36,1.291,-2.5392,4
45.37,1.291,13.5366,4
45.38,1.291,2.96876,4
45.39,1.291,-6.21727,4
45.4,1.291,4.46275,4
45.41,1.291,-1.22529,4
45.42,1.291,12.2831,4
45.43,1.291,6.94077,4
45.44,1.291,1.12953,4
45.45,1.291,4.64701,4
45.46,1.29311,-0.235226,4
45.47,1.29581,-0.249272,4
45.48,1.29851,5.37829,4
45.49,1.30121,8.18893,4
45.5,1.30391,10.0911,4
45.51,1.30661,2.48886,4
45.52,1.30931,11.1686,4
45.53,1.31201,15.1566,4
45.54,1.31471,8.4418,4
45.55,1.31741,3.74335,4
45.56,1.31589,3.72098,4
45.57,1.31319,1.22071,4
45.58,1.31049,3.13331,4
45.59,1.30779,3.22694,4
45.6,1.30509,-0.219119,4
45.61,1.30239,7.94501,4
45.62,1.29969,-0.616908,4
45.63,1.29699,9.02539,4
45.64,1.29429,-3.71594,4
45.65,1.29159,1.9891,4
45.66,1.291,-2.11715,4
45.67,1.291,7.10244,4
45.68,1.291,2.8208,4
45.69,1.291,17.8527,4
45.7,1.291,-3.6432,4
45.71,1.291,-2.82871,4
45.72,1.291,-2.01423,4
45.73,1.291,,4
45.74,1.291,,4
45.75,1.291,,4
45.76,1.291,,4
45.77,1.291,,4
45.78,1.291,,4
45.79,1.291,,4
45.8,1.291,4.50168,4
45.81,1.291,5.31617,4
45.82,1.291,6.13066,4
45.83,1.291,5.7783,4
45.84,1.291,11.3743,4
45.85,1.291,12.7243,4
45.86,1.291,1.67774,4
45.87,1.291,17.7912,4
45.88,1.291,8.70907,4
45.89,1.291,4.9759,4
45.9,1.291,-1.45286,4
45.91,1.291,1.22819,4
45.92,1.291,-1.00088,4
45.93,1.291,12.0107,4
45.94,1.291,3.02,4
45.95,1.291,-0.444596,4
45.96,1.291,4.75173,4
45.97,1.291,9.9329,4
45.98,1.291,12.5994,4
45.99,1.291,-3.63963,4
46,1.291,5.78202,4
46.01,1.291,6.23186,4
46.02,1.291,1.96056,4
46.03,1.291,-4.03487,4
46.04,1.291,3.84954,4
46.05,1.291,10.6426,4
46.06,1.291,8.75217,4
46.07,1.291,-1.62441,4
46.08,1.291,2.43227,4
46.09,1.291,3.99206,4
46.1,1.291,4.33191,4
46.11,1.291,11.4593,4
46.12,1.291,6.71337,4
46.13,1.291,14.8268,4
46.14,1.291,-5.59013,4
46.15,1.291,6.99194,4
46.16,1.291,-4.17741,4
46.17,1.291,12.4246,4
46.18,1.291,-6.17823,4
46.19,1.291,7.49352,4
46.2,1.291,16.134,4
46.21,1.291,10.6547,4
46.22,1.291,4.50443,4
46.23,1.291,-3.3142,4
46.24,1.291,-3.46458,4
46.25,1.291,-3.19968,4
46.26,1.291,,4
46.27,1.291,,4
46.28,1.291,,4
46.29,1.291,,4
46.3,1.291,,4
46.31,1.291,-1.61024,4
46.32,1.291,-1.34534,4
46.33,1.291,-1.08043,4
46.34,1.291,1.0548,4
46.35,1.291,11.0721,4
46.36,1.291,2.25556,4
46.37,1.291,-2.8785,4
46.38,1.291,2.68182,4
46.39,1.291,8.52647,4
46.4,1.291,7.78454,4
46.41,1.291,-1.22695,4
46.42,1.291,-2.16726,4
46.43,1.291,-1.1429,4
46.44,1.291,6.73608,4
46.45,1.291,11.7243,4
46.46,1.291,3.82509,4
46.47,1.291,2.57213,4
46.48,1.291,-0.0441801,4
46.49,1.291,4.22062,4
46.5,1.291,-1.01986,4
46.51,1.291,-3.19175,4
46.52,1.291,11.2741,4
46.53,1.291,10.5547,4
46.54,1.291,-1.01986,4
46.55,1.291,-2.00037,4
46.56,1.291,0.229216,4
46.57,1.291,7.42302,4
46.58,1.291,5.07781,4
46.59,1.291,6.09214,4
46.6,1.291,0.750079,4
46.61,1.291,3.51234,4
46.62,1.291,7.53141,4
46.63,1.291,10.2241,4
46.64,1.291,10.5966,4
46.65,1.291,1.38192,4
46.66,1.291,11.1777,4
46.67,1.291,0.30189,4
46.68,1.291,1.17964,4
46.69,1.291,0.866522,4
46.7,1.291,6.66531,4
46.71,1.291,8.55004,4
46.72,1.291,7.00282,4
46.73,1.291,-0.927703,4
46.74,1.291,2.62112,4
46.75,1.291,-5.60765,4
46.76,1.291,-5.14778,4
46.77,1.291,-3.74656,4
46.78,1.291,,4
46.79,1.291,,4
46.8,1.291,,4
46.81,1.291,,4
46.82,1.291,,4
46.83,1.291,,4
46.84,1.291,6.06197,4
46.85,1.291,7.46319,4
46.86,1.291,8.86441,4
46.87,1.291,3.56143,4
46.88,1.291,5.1422,4
46.89,1.291,7.95737,4
46.9,1.291,5.07489,4
46.91,1.291,5.27912,4
46.92,1.291,-2.16885,4
46.93,1.291,11.4794,4
46.94,1.291,8.03185,4
46.95,1.291,1.61989,4
46.96,1.291,-4.5783,4
46.97,1.291,3.02083,4
46.98,1.291,-0.482714,4
46.99,1.291,0.467991,4
47,1.291,3.59667,4
47.01,1.291,6.38295,4
47.02,1.291,-2.42337,4
47.03,1.291,2.7477,4
47.04,1.291,4.38797,4
47.05,1.291,4.18276,4
47.06,1.291,0.16501,4
47.07,1.291,-0.0122964,4
47.08,1.291,-3.33137,4
47.09,1.291,2.15975,4
47.1,1.291,2.84794,4
47.11,1.291,-1.11449,4
47.12,1.291,0.443182,4
47.13,1.291,10.2022,4
47.14,1.291,4.85101,4
47.15,1.291,1.41912,4
47.16,1.291,14.7256,4
47.17,1.291,9.09318,4
47.18,1.291,-5.90675,4
47.19,1.291,1.45107,4
47.2,1.291,8.66488,4
47.21,1.291,-3.22757,4
47.22,1.291,16.9499,4
47.23,1.291,2.99692,4
47.24,1.291,6.68621,4
47.25,1.291,2.1556,4
47.26,1.291,-3.09228,4
47.27,1.291,13.7491,4
47.28,1.291,9.37583,4
47.29,1.291,15.1297,4
47.3,1.291,-0.798641,4
47.31,1.291,-1.06843,4
47.32,1.291,-3.68576,4
47.33,1.291,-5.73765,4
47.34,1.291,0.702765,4
47.35,1.291,4.05765,4
47.36,1.291,-1.48449,4
47.37,1.291,9.55957,4
47.38,1.291,14.4267,4
47.39,1.291,1.58155,4
47.4,1.291,8.92783,4
47.41,1.291,9.84141,4
47.42,1.291,8.67598,4
47.43,1.291,3.31083,4
47.44,1.291,-0.203676,4
47.45,1.291,0.861276,4
47.46,1.29311,1.30378,4
47.47,1.29581,0.770137,4
47.48,1.29851,,4
47.49,1.30121,,4
47.5,1.30391,,4
47.51,1.30661,,4
47.52,1.30931,,4
47.53,1.31201,-2.43171,4
47.54,1.31471,-2.96535,4
47.55,1.31741,-3.49899,4
47.56,1.31589,3.37684,4
47.57,1.31319,4.48889,4
47.58,1.31049,-0.677336,4
47.59,1.30779,4.64778,4
47.6,1.30509,5.0846,4
47.61,1.30239,-3.0023,4
47.62,1.29969,8.78947,4
47.63,1.29699,5.76869,4
47.64,1.29429,-1.01986,4
47.65,1.29159,-2.06171,4
47.66,1.291,5.64412,4
47.67,1.291,-2.38198,4
47.68,1.291,6.985,4
47.69,1.291,-2.24147,4
47.7,1.291,-1.14072,4
47.71,1.291,2.74116,4
47.72,1.291,2.84519,4
47.73,1.291,17.8527,4
47.74,1.291,16.8058,4
47.75,1.291,8.5938,4
47.76,1.291,14.4503,4
47.77,1.291,4.63067,4
47.78,1.291,3.59085,4
47.79,1.291,10.0258,4
47.8,1.291,8.26924,4
47.81,1.291,1.15317,4
47.82,1.291,14.9153,4
47.83,1.291,3.23637,4
47.84,1.291,-3.28104,4
47.85,1.291,9.79359,4
47.86,1.291,2.93534,4
47.87,1.291,4.61695,4
47.88,1.291,-2.37109,4
47.89,1.291,0.636861,4
47.9,1.291,12.3769,4
47.91,1.291,-1.86332,4
47.92,1.291,1.97126,4
47.93,1.291,4.53456,4
47.94,1.291,11.5807,4
47.95,1.291,-1.84316,4
47.96,1.291,3.33137,4
47.97,1.291,6.44549,4
47.98,1.291,1.65815,4
47.99,1.291,13.2496,4
48,1.291,7.0461,4
48.01,1.291,7.84744,4
48.02,1.291,1.1201,4
48.03,1.291,6.86667,4
48.04,1.291,5.44136,4
48.05,1.291,2.84663,4
48.06,1.291,-1.86065,4
48.07,1.291,-4.34745,4
48.08,1.291,-3.14919,4
48.09,1.291,,4
48.1,1.291,,4
48.11,1.291,,4
48.12,1.291,,4
48.13,1.291,,4
48.14,1.291,,4
48.15,1.291,5.23858,4
48.16,1.291,6.43683,4
48.17,1.291,4.55976,4
48.18,1.291,-0.817747,4
48.19,1.291,4.88373,4
48.2,1.291,9.71091,4
48.21,1.291,-2.78293,4
48.22,1.291,-3.44759,4
48.23,1.291,9.62824,4
48.24,1.291,-3.71594,4
48.25,1.291,3.0463,4
48.26,1.291,15.4798,4
48.27,1.291,9.43468,4
48.28,1.291,15.4641,4
48.29,1.291,11.199,4
48.3,1.291,-5.77453,4
48.31,1.291,-1.8489,4
48.32,1.291,6.39146,4
48.33,1.291,17.7922,4
48.34,1.291,8.54133,4
48.35,1.291,-3.40539,4
48.36,1.291,0.0028391,4
48.37,1.291,0.793537,4
48.38,1.291,-9.09763,4
48.39,1.291,1.88947,4
48.4,1.291,8.93492,4
48.41,1.291,15.998,4
48.42,1.291,0.364012,4
48.43,1.291,7.37499,4
48.44,1.291,3.12152,4
48.45,1.291,5.80788,4
48.46,1.291,-4.34058,4
48.47,1.291,-0.874491,4
48.48,1.291,-0.247584,4
48.49,1.291,-2.07136,4
48.5,1.291,2.3619,4
48.51,1.291,4.3723,4
48.52,1.291,3.08979,4
48.53,1.291,2.91675,4
48.54,1.291,4.3723,4
48.55,1.291,8.67312,4
48.56,1.291,11.0555,4
48.57,1.291,1.92243,4
48.58,1.291,17.8527,4
48.59,1.291,-4.25041,4
48.6,1.291,-3.70767,4
48.61,1.291,10.4331,4
48.62,1.291,17.431,4
48.63,1.291,1.67622,4
48.64,1.291,0.990249,4
48.65,1.291,-3.26448,4
48.66,1.291,3.02426,4
48.67,1.291,3.02426,4
48.68,1.291,-6.33352,4
48.69,1.291,-3.96036,4
48.7,1.291,6.31434,4
48.71,1.291,10.8836,4
48.72,1.291,9.00062,4
48.73,1.291,9.17267,4
48.74,1.291,4.26521,4
48.75,1.291,14.5135,4
48.76,1.29335,11.0988,4
48.77,1.29603,1.44489,4
48.78,1.2987,0.708995,4
48.79,1.30137,2.19823,4
48.8,1.30405,7.58473,4
48.81,1.30672,4.03035,4
48.82,1.30939,2.74426,4
48.83,1.31207,8.95004,4
48.84,1.31474,6.43374,4
48.85,1.31741,5.23273,4
48.86,1.31589,,4
48.87,1.31319,,4
48.88,1.31049,,4
48.89,1.30779,,4
48.9,1.30509,,4
48.91,1.30239,,4
48.92,1.29969,,4
48.93,1.29699,-4.37539,4
48.94,1.29429,-5.57641,4
48.95,1.29159,-2.3571,4
48.96,1.28897,8.41642,4
48.97,1.28637,7.41323,4
48.98,1.28377,5.32586,4
48.99,1.28117,10.2553,4
49,1.27857,10.7826,4
49.01,1.27597,-6.12465,4
49.02,1.27337,-1.07737,4
49.03,1.27077,4.3723,4
49.04,1.26817,17.6898,4
49.05,1.26557,-3.71594,4
49.06,1.26914,6.12361,4
49.07,1.27444,9.87476,4
49.08,1.27974,1.45596,4
49.09,1.28504,7.21703,4
49.1,1.29034,6.63178,4
49.11,1.29564,-0.480202,4
49.12,1.30094,-5.18096,4
49.13,1.30624,-0.290798,4
49.14,1.31154,13.8224,4
49.15,1.31684,14.4434,4
49.16,1.31589,7.31351,4
49.17,1.31319,5.90328,4
49.18,1.31049,1.03566,4
49.19,1.30779,0.887806,4
49.2,1.30509,-0.0421823,4
49.21,1.30239,11.9531,4
49.22,1.29969,6.59176,4
49.23,1.29699,11.6774,4
49.24,1.29429,7.86792,4
49.25,1.29159,13.0653,4
49.26,1.291,5.37363,4
49.27,1.291,5.43093,4
49.28,1.291,-5.15437,4
49.29,1.291,-1.34607,4
49.3,1.291,-4.96175,4
49.31,1.291,2.00873,4
49.32,1.291,12.9454,4
49.33,1.291,4.8334,4
49.34,1.291,-1.01986,4
49.35,1.291,-0.869962,4
49.36,1.291,15.9079,4
49.37,1.291,13.2647,4
49.38,1.291,12.4605,4
49.39,1.291,12.2066,4
49.4,1.291,5.14411,4
49.41,1.291,1.97837,4
49.42,1.291,10.9008,4
49.43,1.291,-3.60131,4
49.44,1.291,2.10035,4
49.45,1.291,-1.90972,4
49.46,1.291,15.1048,4
49.47,1.291,6.27472,4
49.48,1.291,1.17194,4
49.49,1.291,-0.187596,4
49.5,1.291,2.72051,4
49.51,1.291,10.6346,4
49.52,1.291,9.75589,4
49.53,1.291,-1.39259,4
49.54,1.291,2.8984,4
49.55,1.291,-3.09861,4
49.56,1.291,-1.81419,4
49.57,1.291,-0.52977,4
49.58,1.291,,4
49.59,1.291,,4
49.6,1.291,,4
49.61,1.291,,4
49.62,1.291,,4
49.63,1.291,,4
49.64,1.291,,4
49.65,1.291,9.74558,4
49.66,1.291,11.03,4
49.67,1.291,12.3144,4
49.68,1.291,2.48572,4
49.69,1.291,7.6172,4
49.7,1.291,-2.4227,4
49.71,1.291,1.26397,4
49.72,1.291,-5.06398,4
49.73,1.291,-3.61813,4
49.74,1.291,10.7492,4
49.75,1.291,4.3723,4
49.76,1.291,4.3723,4
49.77,1.291,5.69661,4
49.78,1.291,1.98393,4
49.79,1.291,8.01628,4
49.8,1.291,-4.27606,4
49.81,1.291,7.72079,4
49.82,1.291,11.119,4
49.83,1.291,15.9004,4
49.84,1.291,8.94469,4
49.85,1.291,6.35228,4
49.86,1.291,-2.59792,4
49.87,1.291,19.9501,4
49.88,1.291,6.26632,4
49.89,1.291,-0.771895,4
49.9,1.291,9.96721,4
49.91,1.291,3.08003,4
49.92,1.291,3.12167,4
49.93,1.291,0.979985,4
49.94,1.291,5.79168,4
49.95,1.291,5.62213,4
49.96,1.29311,13.3128,4
49.97,1.29581,9.22455,4
49.98,1.29851,5.78984,4
49.99,1.30121,6.44089,4
50,1.30391,4.9745,4
50.01,1.30661,-5.44202,4
50.02,1.30931,0.561662,4
50.03,1.31201,8.01564,4
50.04,1.31471,4.62681,4
50.05,1.31741,-0.436976,4
50.06,1.31589,11.5636,4
50.07,1.31319,0.666929,4
50.08,1.31049,1.67622,4
50.09,1.30779,0.198696,4
50.1,1.30509,8.33948,4
50.11,1.30239,7.16338,4
50.12,1.29969,6.88336,4
50.13,1.29699,5.64796,4
50.14,1.29429,1.42436,4
50.15,1.29159,-0.987693,4
50.16,1.291,1.40076,4
50.17,1.291,1.67622,4
50.18,1.291,-6.41202,4
50.19,1.291,10.8648,4
50.2,1.291,4.01047,4
50.21,1.291,3.52178,4
50.22,1.291,,4
50.23,1.291,,4
50.24,1.291,,4
50.25,1.291,,4
50.26,1.29311,,4
50.27,1.29581,,4
50.28,1.29851,0.100934,4
50.29,1.30121,-0.387757,4
50.3,1.30391,-0.876449,4
50.31,1.30661,-2.73865,4
50.32,1.30931,-2.56589,4
50.33,1.31201,4.98102,4
50.34,1.31471,8.36639,4
50.35,1.31741,7.06838,4
50.36,1.31589,3.97151,4
50.37,1.31319,9.29966,4
50.38,1.31049,6.53814,4
50.39,1.30779,0.0436606,4
50.4,1.30509,2.55539,4
50.41,1.30239,-4.76828,4
50.42,1.29969,7.0595,4
50.43,1.29699,14.7995,4
50.44,1.29429,6.40277,4
50.45,1.29159,4.55346,4
50.46,1.291,0.505041,4
50.47,1.291,14.4745,4
50.48,1.291,13.187,4
50.49,1.291,0.0508515,4
50.5,1.291,3.76681,4
50.51,1.291,8.65457,4
50.52,1.291,-0.513556,4
50.53,1.291,6.99051,4
50.54,1.291,4.56486,4
50.55,1.291,-4.9396,4
50.56,1.29313,1.95599,4
50.57,1.29586,15.124,4
50.58,1.29858,4.37247,4
50.59,1.30131,14.7742,4
50.6,1.30404,10.0224,4
50.61,1.30677,2.04109,4
50.62,1.30949,4.14323,4
50.63,1.31222,9.49151,4
50.64,1.31495,9.18292,4
50.65,1.31767,-3.49548,4
50.66,1.31565,-6.41202,4
50.67,1.31297,11.1008,4
50.68,1.3103,11.1736,4
50.69,1.30763,5.79982,4
50.7,1.30495,12.165,4
50.71,1.30228,5.75646,4
50.72,1.29961,5.70007,4
50.73,1.29693,9.98716,4
50.74,1.29426,3.49909,4
50.75,1.29159,5.1436,4
50.76,1.29311,16.9097,4
50.77,1.29581,14.4717,4
50.78,1.29851,14.6804,4
50.79,1.30121,16.7391,4
50.8,1.30391,15.1566,4
50.81,1.30661,13.4218,4
50.82,1.30931,13.141,4
50.83,1.31201,-3.052,4
50.84,1.31471,-5.43741,4
50.85,1.31741,-3.71594,4
50.86,1.31589,-3.53854,4
50.87,1.31319,6.67154,4
50.88,1.31049,1.43179,4
50.89,1.30779,9.76446,4
50.9,1.30509,9.76446,4
50.91,1.30239,9.76446,4
50.92,1.29969,,4
50.93,1.29699,,4
50.94,1.29429,,4
50.95,1.29159,,4
50.96,1.291,,4
50.97,1.291,,4
50.98,1.291,,4
50.99,1.291,,4
51,1.291,9.76446,4
51.01,1.291,9.76446,4
51.02,1.291,9.37383,4
51.03,1.291,1.91657,4
51.04,1.291,4.92152,4
51.05,1.291,-1.75807,4
51.06,1.291,-1.61246,4
51.07,1.291,14.4707,4
51.08,1.291,17.8527,4
51.09,1.291,4.59633,4
51.1,1.291,5.45494,4
51.11,1.291,-2.04531,4
51.12,1.291,0.584157,4
51.13,1.291,-3.16932,4
51.14,1.291,12.0252,4
51.15,1.291,10.2237,4
51.16,1.291,8.30027,4
51.17,1.291,4.19851,4
51.18,1.291,8.25586,4
51.19,1.291,7.20712,4
51.2,1.291,3.04816,4
51.21,1.291,5.40306,4
51.22,1.291,10.6052,4
51.23,1.291,-2.12475,4
51.24,1.291,-2.83655,4
51.25,1.291,-2.30547,4
51.26,1.29311,-0.0163556,4
51.27,1.29581,-0.0707661,4
51.28,1.29851,3.99552,4
51.29,1.30121,-2.06801,4
51.3,1.30391,4.51824,4
51.31,1.30661,-2.84466,4
51.32,1.30931,0.0684872,4
51.33,1.31201,12.9684,4
51.34,1.31471,17.8527,4
51.35,1.31741,6.69374,4
51.36,1.31587,11.484,4
51.37,1.31314,1.36586,4
51.38,1.31042,10.6424,4
51.39,1.30769,16.7698,4
51.4,1.30496,0.774821,4
51.41,1.30223,9.75981,4
51.42,1.29951,7.92897,4
51.43,1.29678,7.54572,4
51.44,1.29405,1.67622,4
51.45,1.29133,6.95392,4
51.46,1.291,1.78344,4
51.47,1.291,-6.23513,4
51.48,1.291,-0.228107,4
51.49,1.291,2.02723,4
51.5,1.291,3.97536,4
51.51,1.291,0.633099,4
51.52,1.291,3.73037,4
51.53,1.291,5.80608,4
51.54,1.291,5.92676,4
51.55,1.291,,4
51.56,1.291,,4
51.57,1.291,,4
51.58,1.291,,4
51.59,1.291,,4
51.6,1.291,,4
51.61,1.291,6.77148,4
51.62,1.291,6.89216,4
51.63,1.291,7.01283,4
51.64,1.291,5.6967,4
51.65,1.291,3.17033,4
51.66,1.291,5.24989,4
51.67,1.291,3.60476,4
51.68,1.291,1.80327,4
51.69,1.291,3.10308,4
51.7,1.291,6.30955,4
51.71,1.291,3.35265,4
51.72,1.291,1.6906,4
51.73,1.291,7.32782,4
51.74,1.291,16.7291,4
51.75,1.291,-4.05789,4
51.76,1.29311,14.6981,4
51.77,1.29581,8.32918,4
51.78,1.29851,-7.39963,4
51.79,1.30121,1.38318,4
51.8,1.30391,3.89212,4
51.81,1.30661,7.23118,4
51.82,1.30931,-0.820097,4
51.83,1.31201,11.9846,4
51.84,1.31471,0.228343,4
51.85,1.31741,14.0902,4
51.86,1.31589,0.873435,4
51.87,1.31319,1.19688,4
51.88,1.31049,7.79103,4
51.89,1.30779,-0.707167,4
51.9,1.30509,0.584089,4
51.91,1.30239,12.4406,4
51.92,1.29969,-2.00252,4
51.93,1.29699,1.66495,4
51.94,1.29429,-1.73164,4
51.95,1.29159,1.40671,4
51.96,1.291,4.97602,4
51.97,1.291,4.71066,4
51.98,1.291,10.2362,4
51.99,1.291,-1.20233,4
52,1.291,4.89532,4
52.01,1.291,6.37211,4
52.02,1.291,-2.83828,4
52.03,1.291,2.67541,4
52.04,1.291,11.495,4
52.05,1.291,5.85409,4
52.06,1.291,-3.0016,4
52.07,1.291,5.02247,4
52.08,1.291,16.4051,4
52.09,1.291,0.546854,4
52.1,1.291,-1.90469,4
52.11,1.291,17.3731,4
52.12,1.291,7.06838,4
52.13,1.291,-1.80667,4
52.14,1.291,3.05079,4
52.15,1.291,7.62446,4
52.16,1.291,6.68501,4
52.17,1.291,-2.06769,4
52.18,1.291,7.40794,4
52.19,1.291,1.94403,4
52.2,1.291,3.52822,4
52.21,1.291,5.11241,4
52.22,1.291,,4
52.23,1.291,,4
52.24,1.291,,4
52.25,1.291,,4
52.26,1.291,,4
52.27,1.291,14.6175,4
52.28,1.291,16.2017,4
52.29,1.291,17.7859,4
52.3,1.291,12.8024,4
52.31,1.291,9.34809,4
52.32,1.291,4.01749,4
52.33,1.291,5.76401,4
52.34,1.291,6.89669,4
52.35,1.291,9.72323,4
52.36,1.29311,-4.48253,4
52.37,1.29581,11.4757,4
52.38,1.29851,-1.01986,4
52.39,1.30121,19.458,4
52.4,1.30391,16.8757,4
52.41,1.30661,3.90454,4
52.42,1.30931,7.10376,4
52.43,1.31201,13.7235,4
52.44,1.31471,6.84595,4
52.45,1.31741,13.2512,4
52.46,1.31589,7.12443,4
52.47,1.31319,6.98435,4
52.48,1.31049,3.97967,4
52.49,1.30779,-0.125379,4
52.5,1.30509,-4.41977,4
52.51,1.30239,0.211976,4
52.52,1.29969,0.57714,4
52.53,1.29699,5.7764,4
52.54,1.29429,8.38612,4
52.55,1.29159,7.06838,4
52.56,1.291,4.93484,4
52.57,1.291,4.29575,4
52.58,1.291,14.6692,4
52.59,1.291,10.4221,4
52.6,1.291,10.2882,4
52.61,1.291,9.7006,4
52.62,1.291,10.4335,4
52.63,1.291,-2.97111,4
52.64,1.291,5.61735,4
52.65,1.291,-2.63642,4
52.66,1.291,15.6646,4
52.67,1.291,5.2108,4
52.68,1.291,-4.51878,4
52.69,1.291,1.75169,4
52.7,1.291,-6.00081,4
52.71,1.291,-3.90085,4
52.72,1.291,-5.78743,4
52.73,1.291,-6.1988,4
52.74,1.291,-4.08354,4
52.75,1.291,-6.08931,4
52.76,1.291,9.55129,4
52.77,1.291,-0.251643,4
52.78,1.291,5.39294,4
52.79,1.291,7.06838,4
52.8,1.291,-5.2371,4
52.81,1.291,0.261906,4
52.82,1.291,1.67622,4
52.83,1.291,4.29592,4
52.84,1.291,1.27104,4
52.85,1.291,5.64106,4
52.86,1.291,1.07055,4
52.87,1.291,12.4636,4
52.88,1.291,17.0249,4
52.89,1.291,14.1919,4
52.9,1.291,1.4632,4
52.91,1.291,11.0147,4
52.92,1.291,15.1566,4
52.93,1.291,15.7171,4
52.94,1.291,15.7043,4
52.95,1.291,13.9385,4
52.96,1.291,12.1727,4
52.97,1.291,,4
52.98,1.291,,4
52.99,1.291,,4
53,1.291,,4
53.01,1.291,,4
53.02,1.291,,4
53.03,1.291,,4
53.04,1.291,,4
53.05,1.291,-3.71923,4
53.06,1.291,-5.48501,4
53.07,1.291,-0.255441,4
53.08,1.291,9.69434,4
53.09,1.291,0.348312,4
53.1,1.291,7.88364,4
53.11,1.291,-0.186122,4
53.12,1.291,1.67622,4
53.13,1.291,16.9367,4
53.14,1.291,7.55095,4
53.15,1.291,3.93407,4
53.16,1.291,3.5039,4
53.17,1.291,10.4521,4
53.18,1.291,5.92711,4
53.19,1.291,12.1692,4
53.2,1.291,8.84525,4
53.21,1.291,2.96826,4
53.22,1.291,1.73407,4
53.23,1.291,17.8527,4
53.24,1.291,-1.73107,4
53.25,1.291,16.3881,4
53.26,1.291,0.187762,4
53.27,1.291,-5.21788,4
53.28,1.291,9.59605,4
53.29,1.291,0.788619,4
53.3,1.291,-2.43936,4
53.31,1.291,9.51646,4
53.32,1.291,7.64704,4
53.33,1.291,3.76488,4
53.34,1.291,7.26362,4
53.35,1.291,5.29436,4
53.36,1.291,13.0798,4
53.37,1.291,12.9491,4
53.38,1.291,-0.38559,4
53.39,1.291,-0.855551,4
53.4,1.291,-3.71594,4
53.41,1.291,3.2292,4
53.42,1.291,12.9507,4
53.43,1.291,12.4316,4
53.44,1.291,-2.83685,4
53.45,1.291,-0.493355,4
53.46,1.291,-0.214533,4
53.47,1.291,-1.01986,4
53.48,1.291,0.736138,4
53.49,1.291,3.80117,4
53.5,1.291,-1.6474,4
53.51,1.291,-4.42948,4
53.52,1.291,-5.1253,4
53.53,1.291,-0.535983,4
53.54,1.291,1.67622,4
53.55,1.291,1.08608,4
53.56,1.291,-3.32683,4
53.57,1.291,11.7533,4
53.58,1.291,2.99038,4
53.59,1.291,-3.32637,4
53.6,1.291,12.4177,4
53.61,1.291,9.74774,4
53.62,1.291,4.45377,4
53.63,1.291,2.11083,4
53.64,1.291,-3.47049,4
53.65,1.291,11.3274,4
53.66,1.291,2.43402,4
53.67,1.291,4.17559,4
53.68,1.291,4.49692,4
53.69,1.291,4.63138,4
53.7,1.291,,4
53.71,1.291,,4
53.72,1.291,,4
53.73,1.291,,4
53.74,1.291,,4
53.75,1.291,5.43814,4
53.76,1.291,5.5726,4
53.77,1.291,5.70705,4
53.78,1.291,16.8163,4
53.79,1.291,11.2153,4
53.8,1.291,3.02426,4
53.81,1.291,13.6604,4
53.82,1.291,6.12489,4
53.83,1.291,13.8626,4
53.84,1.291,0.0479632,4
53.85,1.291,4.62841,4
53.86,1.291,-0.913387,4
53.87,1.291,10.1141,4
53.88,1.291,3.34834,4
53.89,1.291,0.103621,4
53.9,1.291,5.25993,4
53.91,1.291,-1.43475,4
53.92,1.291,9.4269,4
53.93,1.291,6.04807,4
53.94,1.291,10.6402,4
53.95,1.291,7.53342,4
53.96,1.291,-1.6257,4
53.97,1.291,6.51298,4
53.98,1.291,9.6216,4
53.99,1.291,9.95241,4
54,1.291,2.83043,4
54.01,1.291,7.49995,4
54.02,1.291,9.78996,4
54.03,1.291,0.910363,4
54.04,1.291,1.99885,4
54.05,1.291,6.22009,4
54.06,1.291,5.0633,4
54.07,1.291,16.058,4
54.08,1.291,14.3767,4
54.09,1.291,6.7345,4
54.1,1.291,4.3723,4
54.11,1.291,4.93784,4
54.12,1.291,9.09006,4
54.13,1.291,2.33544,4
54.14,1.291,5.65046,4
54.15,1.291,8.17996,4
54.16,1.29311,1.7509,4
54.17,1.29581,3.89711,4
54.18,1.29851,14.9164,4
54.19,1.30121,-3.29726,4
54.2,1.30391,16.9769,4
54.21,1.30661,-1.68311,4
54.22,1.30931,0.145375,4
54.23,1.31201,0.239891,4
54.24,1.31471,-5.79036,4
54.25,1.31741,5.72034,4
54.26,1.31587,3.75123,4
54.27,1.31314,6.47796,4
54.28,1.31042,6.47439,4
54.29,1.30769,5.75686,4
54.3,1.30496,,4
54.31,1.30223,,4
54.32,1.29951,,4
54.33,1.29678,,4
54.34,1.29405,,4
54.35,1.29133,,4
54.36,1.291,,4
54.37,1.291,,4
54.38,1.291,,4
54.39,1.291,,4
54.4,1.291,-2.13596,4
54.41,1.291,-2.85349,4
54.42,1.291,-3.57102,4
54.43,1.291,4.26915,4
54.44,1.291,8.42747,4
54.45,1.291,5.04632,4
54.46,1.291,11.5598,4
54.47,1.291,13.9132,4
54.48,1.291,2.04091,4
54.49,1.291,3.22923,4
54.5,1.291,5.40285,4
54.51,1.291,-2.08667,4
54.52,1.291,-4.11133,4
54.53,1.291,0.579537,4
54.54,1.291,-0.145012,4
54.55,1.291,-2.28125,4
54.56,1.291,-0.226716,4
54.57,1.291,12.1681,4
54.58,1.291,7.35379,4
54.59,1.291,4.27839,4
54.6,1.291,5.72034,4
54.61,1.291,13.568,4
54.62,1.291,16.1312,4
54.63,1.291,3.52117,4
54.64,1.291,-3.71594,4
54.65,1.291,-1.9069,4
54.66,1.291,-0.182951,4
54.67,1.291,8.97891,4
54.68,1.291,16.4254,4
54.69,1.291,15.1566,4
54.7,1.291,10.9119,4
54.71,1.291,1.32245,4
54.72,1.291,-4.2403,4
54.73,1.291,-0.369882,4
54.74,1.291,6.21356,4
54.75,1.291,7.04784,4
54.76,1.29311,3.5539,4
54.77,1.29581,15.9814,4
54.78,1.29851,16.8034,4
54.79,1.30121,2.97755,4
54.8,1.30391,-6.36197,4
54.81,1.30661,-2.08267,4
54.82,1.30931,2.68099,4
54.83,1.31201,-1.92922,4
54.84,1.31471,16.2269,4
54.85,1.31741,-2.57295,4
54.86,1.31587,8.31426,4
54.87,1.31314,2.39147,4
54.88,1.31042,4.50718,4
54.89,1.30769,15.1566,4
54.9,1.30496,3.56878,4
54.91,1.30223,-0.28842,4
54.92,1.29951,1.21676,4
54.93,1.29678,16.9575,4
54.94,1.29405,3.12533,4
54.95,1.29133,-3.31344,4
54.96,1.291,12.8596,4
54.97,1.291,4.74822,4
54.98,1.291,-0.707608,4
54.99,1.291,9.39749,4
55,1.291,14.2753,4
55.01,1.291,-1.01986,4
55.02,1.291,2.23285,4
55.03,1.291,-0.952,4
55.04,1.291,-0.227389,4
55.05,1.291,0.497222,4
55.06,1.291,,4
55.07,1.291,,4
55.08,1.291,,4
55.09,1.291,,4
55.1,1.291,,4
55.11,1.291,,4
55.12,1.291,,4
55.13,1.291,,4
55.14,1.291,7.01872,4
55.15,1.291,7.74333,4
55.16,1.291,8.72328,4
55.17,1.291,12.1038,4
55.18,1.291,9.87857,4
55.19,1.291,6.36605,4
55.2,1.291,5.13699,4
55.21,1.291,4.096,4
55.22,1.291,1.00552,4
55.23,1.291,10.4178,4
55.24,1.291,0.587812,4
55.25,1.291,10.139,4
55.26,1.291,15.1566,4
55.27,1.291,10.2029,4
55.28,1.291,10.6325,4
55.29,1.291,11.0062,4
55.3,1.291,10.2751,4
55.31,1.291,8.57915,4
55.32,1.291,8.21968,4
55.33,1.291,-5.44491,4
55.34,1.291,11.3682,4
55.35,1.291,2.58645,4
55.36,1.291,9.58466,4
55.37,1.291,7.41592,4
55.38,1.291,12.2871,4
55.39,1.291,-1.34343,4
55.4,1.291,16.8794,4
55.41,1.291,-2.77814,4
55.42,1.291,-1.46264,4
55.43,1.291,17.5823,4
55.44,1.291,4.61217,4
55.45,1.291,13.6806,4
55.46,1.291,3.47984,4
55.47,1.291,-3.3368,4
55.48,1.291,9.47339,4
55.49,1.291,4.82474,4
55.5,1.291,7.06838,4
55.51,1.291,3.63184,4
55.52,1.291,6.85316,4
55.53,1.291,-0.453048,4
55.54,1.291,-3.96116,4
55.55,1.291,2.57012,4
55.56,1.291,1.91247,4
55.57,1.291,6.82865,4
55.58,1.291,9.32965,4
55.59,1.291,1.12062,4
55.6,1.291,0.132493,4
55.61,1.291,3.80484,4
55.62,1.291,8.8879,4
55.63,1.291,-1.01986,4
55.64,1.291,-1.19072,4
55.65,1.291,0.519648,4
55.66,1.29311,11.3701,4
55.67,1.29581,-3.71594,4
55.68,1.29851,-4.34362,4
55.69,1.30121,11.8149,4
55.7,1.30391,3.25333,4
55.71,1.30661,10.9508,4
55.72,1.30931,20.5158,4
55.73,1.31201,19.0479,4
55.74,1.31471,17.58,4
55.75,1.31741,,4
55.76,1.31587,,4
55.77,1.31314,,4
55.78,1.31042,,4
55.79,1.30769,,4
55.8,1.30496,,4
55.81,1.30223,7.30458,4
55.82,1.29951,5.83666,4
55.83,1.29678,4.36255,4
55.84,1.29405,0.329777,4
55.85,1.29133,8.19487,4
55.86,1.291,-0.61331,4
55.87,1.291,-1.01986,4
55.88,1.291,2.76995,4
55.89,1.291,-0.437073,4
55.9,1.291,6.53851,4
55.91,1.291,3.30494,4
55.92,1.291,4.20719,4
55.93,1.291,13.9089,4
55.94,1.291,4.71073,4
55.95,1.291,-5.47995,4
55.96,1.291,12.7704,4
55.97,1.291,15.9462,4
55.98,1.291,15.9349,4
55.99,1.291,11.5038,4
56,1.291,8.31926,4
56.01,1.291,-3.51056,4
56.02,1.291,9.10361,4
56.03,1.291,11.2323,4
56.04,1.291,7.06838,4
56.05,1.291,7.85783,4
56.06,1.291,12.184,4
56.07,1.291,17.0096,4
56.08,1.291,9.46109,4
56.09,1.291,7.49934,4
56.1,1.291,8.17032,4
56.11,1.291,3.36374,4
56.12,1.291,9.44525,4
56.13,1.291,14.6117,4
56.14,1.291,5.22221,4
56.15,1.291,2.52374,4
56.16,1.291,1.76154,4
56.17,1.291,2.00411,4
56.18,1.291,8.71197,4
56.19,1.291,4.84538,4
56.2,1.291,5.17918,4
56.21,1.291,11.3336,4
56.22,1.291,0.424451,4
56.23,1.291,-3.67106,4
56.24,1.291,10.2234,4
56.25,1.291,3.43034,4
56.26,1.291,8.94015,4
56.27,1.291,2.70704,4
56.28,1.291,6.89009,4
56.29,1.291,1.51787,4
56.3,1.291,-3.71594,4
56.31,1.291,-1.72299,4
56.32,1.291,7.06838,4
56.33,1.291,7.06838,4
56.34,1.291,7.06838,4
56.35,1.291,,4
56.36,1.291,,4
56.37,1.291,,4
56.38,1.291,,4
56.39,1.291,,4
56.4,1.291,,4
56.41,1.291,7.06838,4
56.42,1.291,7.06838,4
56.43,1.291,7.06838,4
56.44,1.291,7.04178,4
56.45,1.291,-4.16289,4
56.46,1.291,2.29232,4
56.47,1.291,5.87778,4
56.48,1.291,10.2331,4
56.49,1.291,-1.0462,4
56.5,1.291,3.32268,4
56.51,1.291,-0.1102,4
56.52,1.291,9.39767,4
56.53,1.291,11.3445,4
56.54,1.291,-2.01877,4
56.55,1.291,3.40634,4
56.56,1.291,11.4836,4
56.57,1.291,5.89425,4
56.58,1.291,2.22449,4
56.59,1.291,-3.22894,4
56.6,1.291,6.40487,4
56.61,1.291,2.13788,4
56.62,1.291,7.0172,4
56.63,1.291,-4.44896,4
56.64,1.291,8.34339,4
56.65,1.291,2.81927,4
56.66,1.291,0.613869,4
56.67,1.291,-4.61545,4
56.68,1.291,7.53041,4
56.69,1.291,0.0331539,4
56.7,1.291,-1.46291,4
56.71,1.291,3.36727,4
56.72,1.291,1.80174,4
56.73,1.291,11.6634,4
56.74,1.291,13.4567,4
56.75,1.291,4.13968,4
56.76,1.291,2.94613,4
56.77,1.291,5.80296,4
56.78,1.291,0.665117,4
56.79,1.291,-0.536431,4
56.8,1.291,0.646538,4
56.81,1.291,5.01465,4
56.82,1.291,17.8527,4
56.83,1.291,13.5176,4
56.84,1.291,12.0089,4
56.85,1.291,11.0595,4
56.86,1.291,0.925043,4
56.87,1.291,8.67465,4
56.88,1.291,4.57785,4
56.89,1.291,16.8858,4
56.9,1.291,4.9658,4
56.91,1.291,-5.24116,4
56.92,1.291,11.3357,4
56.93,1.291,11.7497,4
56.94,1.291,4.56446,4
56.95,1.291,-3.54875,4
56.96,1.291,-6.0447,4
56.97,1.291,4.3723,4
56.98,1.291,17.6237,4
56.99,1.291,4.92271,4
57,1.291,15.0286,4
57.01,1.291,7.37816,4
57.02,1.291,-1.62293,4
57.03,1.291,-1.50704,4
57.04,1.291,13.4406,4
57.05,1.291,1.24785,4
57.06,1.291,8.66754,4
57.07,1.291,4.64734,4
57.08,1.291,5.12269,4
57.09,1.291,,4
57.1,1.291,,4
57.11,1.291,,4
57.12,1.291,,4
57.13,1.291,,4
57.14,1.291,,4
57.15,1.291,,4
57.16,1.291,,4
57.17,1.291,,4
57.18,1.291,,4
57.19,1.291,,4
57.2,1.291,10.8269,4
57.21,1.291,11.3023,4
57.22,1.291,7.33073,4
57.23,1.291,-0.0811102,4
57.24,1.291,5.02092,4
57.25,1.291,2.35138,4
57.26,1.291,0.738508,4
57.27,1.291,0.668358,4
57.28,1.291,4.08809,4
57.29,1.291,0.260892,4
57.3,1.291,6.15011,4
57.31,1.291,6.48404,4
57.32,1.291,6.81778,4
57.33,1.291,7.27236,4
57.34,1.291,3.90086,4
57.35,1.291,10.6953,4
57.36,1.291,7.94202,4
57.37,1.291,14.4706,4
57.38,1.291,14.292,4
57.39,1.291,14.0137,4
57.4,1.291,-3.71594,4
57.41,1.291,-3.71594,4
57.42,1.291,-0.0942668,4
57.43,1.291,10.8251,4
57.44,1.291,8.42885,4
57.45,1.291,-1.01986,4
57.46,1.29311,-1.01986,4
57.47,1.29581,-3.68535,4
57.48,1.29851,5.17758,4
57.49,1.30121,-1.01986,4
57.5,1.30391,-1.01986,4
57.51,1.30661,16.8537,4
57.52,1.30931,-5.31821,4
57.53,1.31201,-4.09434,4
57.54,1.31471,9.04218,4
57.55,1.31741,1.06864,4
57.56,1.31589,-3.71594,4
57.57,1.31319,-1.60242,4
57.58,1.31049,2.54144,4
57.59,1.30779,9.89903,4
57.6,1.30509,8.89705,4
57.61,1.30239,0.0785806,4
57.62,1.29969,-4.97346,4
57.63,1.29699,-3.71594,4
57.64,1.29429,-5.41647,4
57.65,1.29159,0.301262,4
57.66,1.291,12.7638,4
57.67,1.291,6.62795,4
57.68,1.291,3.30042,4
57.69,1.291,13.7437,4
57.7,1.291,10.898,4
57.71,1.291,15.0763,4
57.72,1.291,19.1621,4
57.73,1.291,14.4337,4
57.74,1.291,2.86442,4
57.75,1.291,1.2562,4
57.76,1.291,0.791293,4
57.77,1.291,-1.73835,4
57.78,1.291,-2.1295,4
57.79,1.291,-5.37576,4
57.8,1.291,-3.38954,4
57.81,1.291,-2.32457,4
57.82,1.291,-1.25961,4
57.83,1.291,,4
57.84,1.291,,4
57.85,1.291,,4
57.86,1.291,,4
57.87,1.291,,4
57.88,1.291,5.13019,4
57.89,1.291,6.19515,4
57.9,1.291,8.08907,4
57.91,1.291,1.52745,4
57.92,1.291,-1.20404,4
57.93,1.291,9.26254,4
57.94,1.291,11.5339,4
57.95,1.291,11.7449,4
57.96,1.29311,8.38447,4
57.97,1.29581,6.03557,4
57.98,1.29851,12.0423,4
57.99,1.30121,12.5326,4
58,1.30391,15.444,4
58.01,1.30661,0.933464,4
58.02,1.30931,11.84,4
58.03,1.31201,2.38157,4
58.04,1.31471,-5.56938,4
58.05,1.31741,7.26063,4
58.06,1.31589,14.3302,4
58.07,1.31319,17.036,4
58.08,1.31049,6.63739,4
58.09,1.30779,15.8199,4
58.1,1.30509,12.7112,4
58.11,1.30239,13.1868,4
58.12,1.29969,3.05892,4
58.13,1.29699,-0.794119,4
58.14,1.29429,-0.708402,4
58.15,1.29159,1.41264,4
58.16,1.291,2.80788,4
58.17,1.291,12.6202,4
58.18,1.291,10.4026,4
58.19,1.291,0.180964,4
58.2,1.291,-2.95639,4
58.21,1.291,1.50516,4
58.22,1.291,4.74805,4
58.23,1.291,2.8056,4
58.24,1.291,4.55543,4
58.25,1.291,3.8711,4
58.26,1.291,9.56904,4
58.27,1.291,4.63616,4
58.28,1.291,10.1582,4
58.29,1.291,15.7757,4
58.3,1.291,9.38064,4
58.31,1.291,0.0107516,4
58.32,1.291,1.05604,4
58.33,1.291,2.35061,4
58.34,1.291,-1.01986,4
58.35,1.291,12.4819,4
58.36,1.29311,5.99779,4
58.37,1.29581,3.18404,4
58.38,1.29851,-2.00369,4
58.39,1.30121,3.10446,4
58.4,1.30391,7.06838,4
58.41,1.30661,3.15227,4
58.42,1.30931,-5.54696,4
58.43,1.31201,-1.01986,4
58.44,1.31471,-2.10833,4
58.45,1.31741,-0.527889,4
58.46,1.31589,1.05255,4
58.47,1.31319,,4
58.48,1.31049,,4
58.49,1.30779,,4
58.5,1.30509,,4
58.51,1.30239,,4
58.52,1.29969,,4
58.53,1.29699,12.1156,4
58.54,1.29429,13.6961,4
58.55,1.29159,14.543,4
58.56,1.29108,6.88445,4
58.57,1.29118,4.45874,4
58.58,1.29128,1.64943,4
58.59,1.29138,-0.993652,4
58.6,1.29148,5.69504,4
58.61,1.29158,-2.60082,4
58.62,1.29168,11.5675,4
58.63,1.29178,-2.98263,4
58.64,1.29188,6.57224,4
58.65,1.29198,9.46053,4
58.66,1.29403,10.4711,4
58.67,1.29663,12.032,4
58.68,1.29923,4.81866,4
58.69,1.30183,7.0995,4
58.7,1.30443,9.76446,4
58.71,1.30703,16.1075,4
58.72,1.30963,8.92801,4
58.73,1.31223,-3.64978,4
58.74,1.31483,5.07282,4
58.75,1.31743,12.1897,4
58.76,1.31589,-0.456552,4
58.77,1.31319,-6.41202,4
58.78,1.31049,4.3723,4
58.79,1.30779,-0.0646451,4
58.8,1.30509,3.93723,4
58.81,1.30239,9.5804,4
58.82,1.29969,5.18887,4
58.83,1.29699,14.2322,4
58.84,1.29429,-6.41202,4
58.85,1.29159,-2.62514,4
58.86,1.291,1.23109,4
58.87,1.291,-3.02928,4
58.88,1.291,-0.801108,4
58.89,1.291,0.237012,4
58.9,1.291,-1.4144,4
58.91,1.291,-4.68764,4
58.92,1.291,8.00816,4
58.93,1.291,-0.273914,4
58.94,1.291,13.8659,4
58.95,1.291,-1.59867,4
58.96,1.291,-2.42867,4
58.97,1.291,8.24444,4
58.98,1.291,8.55917,4
58.99,1.291,7.36329,4
59,1.291,-2.6552,4
59.01,1.291,-4.52576,4
59.02,1.291,-1.68687,4
59.03,1.291,12.9848,4
59.04,1.291,-2.87333,4
59.05,1.291,8.3428,4
59.06,1.291,10.8005,4
59.07,1.291,3.58437,4
59.08,1.291,1.85572,4
59.09,1.291,11.3484,4
59.1,1.291,5.1662,4
59.11,1.291,5.12282,4
59.12,1.291,0.735792,4
59.13,1.291,4.63788,4
59.14,1.291,-2.54536,4
59.15,1.291,-3.62322,4
59.16,1.29108,-2.91706,4
59.17,1.29118,-2.2109,4
59.18,1.29128,,4
59.19,1.29138,,4
59.2,1.29148,,4
59.21,1.29158,,4
59.22,1.29168,,4
59.23,1.29178,,4
59.24,1.29188,2.73219,4
59.25,1.29198,3.43835,4
59.26,1.29403,4.1445,4
59.27,1.29663,13.1964,4
59.28,1.29923,15.1925,4
59.29,1.30183,8.44394,4
59.3,1.30443,9.71421,4
59.31,1.30703,15.6264,4
59.32,1.30963,0.205036,4
59.33,1.31223,4.68994,4
59.34,1.31483,11.977,4
59.35,1.31743,11.1125,4
59.36,1.31589,11.1125,4
59.37,1.31319,2.85775,4
59.38,1.31049,1.2462,4
59.39,1.30779,17.6279,4
59.4,1.30509,12.396,4
59.41,1.30239,2.71762,4
59.42,1.29969,0.863228,4
59.43,1.29699,1.56366,4
59.44,1.29429,1.1494,4
59.45,1.29159,-3.19286,4
59.46,1.29108,11.1125,4
59.47,1.29118,5.85979,4
59.48,1.29128,3.46564,4
59.49,1.29138,9.65471,4
59.5,1.29148,2.42743,4
59.51,1.29158,-2.84867,4
59.52,1.29168,7.91578,4
59.53,1.29178,1.02667,4
59.54,1.29188,-1.20676,4
59.55,1.29198,-0.456274,4
59.56,1.292,8.18469,4
59.57,1.292,3.35184,4
59.58,1.292,3.78576,4
59.59,1.292,6.75274,4
59.6,1.292,5.6056,4
59.61,1.292,6.01873,4
59.62,1.292,8.05747,4
59.63,1.292,15.1566,4
59.64,1.292,8.1918,4
59.65,1.292,-3.62403,4
59.66,1.29192,5.34398,4
59.67,1.29182,13.9311,4
59.68,1.29172,9.93722,4
59.69,1.29162,-6.10233,4
59.7,1.29152,-0.443835,4
59.71,1.29142,16.0335,4
59.72,1.29132,2.71526,4
59.73,1.29122,-5.56813,4
59.74,1.29112,-1.40697,4
59.75,1.29102,6.1159,4
59.76,1.29108,-3.58047,4
59.77,1.29118,-1.71629,4
59.78,1.29128,0.147883,4
59.79,1.29138,,4
59.8,1.29148,,4
59.81,1.29158,,4
59.82,1.29168,,4
59.83,1.29178,,4
59.84,1.29188,11.3329,4
59.85,1.29198,13.1971,4
59.86,1.292,15.0613,4
59.87,1.292,10.0729,4
59.88,1.292,6.37516,4
59.89,1.292,-0.636833,4
59.9,1.292,4.06559,4
59.91,1.292,4.3723,4
59.92,1.292,1.8179,4
59.93,1.292,12.7318,4
59.94,1.292,-0.0589216,4
59.95,1.292,3.93706,4
59.96,1.29192,-5.50504,4
59.97,1.29182,10.7475,4
59.98,1.29172,-1.2814,4
59.99,1.29162,-0.320831,4
60,1.29152,1.52948,4
60.01,1.29142,2.91268,4
60.02,1.29132,5.48942,4
60.03,1.29121,-2.12229,4
60.04,1.29111,-2.17749,4
60.05,1.29101,15.3337,4
60.06,1.29109,-3.74529,4
60.07,1.29119,5.56408,4
60.08,1.29129,4.37967,4
60.09,1.29138,-1.28232,4
60.1,1.29148,3.07404,4
60.11,1.29158,2.51758,4
60.12,1.29168,9.96812,4
60.13,1.29178,-2.24358,4
60.14,1.29188,7.18297,4
60.15,1.29198,14.2299,4
60.16,1.292,0.828974,4
60.17,1.292,1.59067,4
60.18,1.292,-0.810861,4
60.19,1.292,4.7492,4
60.2,1.292,14.9561,4
60.21,1.292,5.85513,4
60.22,1.292,19.0855,4
60.23,1.292,14.8405,4
60.24,1.292,2.60815,4
60.25,1.292,2.72603,4
60.26,1.29192,5.76688,4
60.27,1.29182,7.43968,4
60.28,1.29172,1.6312,4
60.29,1.29162,10.3717,4
60.3,1.29152,8.6086,4
60.31,1.29142,3.29829,4
60.32,1.29132,5.65947,4
60.33,1.29122,5.05572,4
60.34,1.29112,15.9711,4
60.35,1.29102,-0.883078,4
60.36,1.29108,-0.502059,4
60.37,1.29118,-0.12104,4
60.38,1.29128,,4
60.39,1.29138,,4
60.4,1.29148,,4
60.41,1.29158,,4
60.42,1.29168,,4
60.43,1.29178,,4
60.44,1.29188,,4
60.45,1.29198,,4
60.46,1.292,,4
60.47,1.292,3.68915,4
60.48,1.292,4.07017,4
60.49,1.292,4.3723,4
60.5,1.292,4.01171,4
60.51,1.292,3.19184,4
60.52,1.292,4.44746,4
60.53,1.292,10.2481,4
60.54,1.292,-5.00939,4
60.55,1.292,7.27631,4
60.56,1.29191,4.88347,4
60.57,1.29181,5.37326,4
60.58,1.29171,-0.967152,4
60.59,1.29162,3.42503,4
60.6,1.29152,3.02994,4
60.61,1.29142,6.22519,4
60.62,1.29132,9.33596,4
60.63,1.29122,3.51236,4
60.64,1.29112,6.08625,4
60.65,1.29102,-2.14413,4
60.66,1.29108,-4.32239,4
60.67,1.29118,4.87914,4
60.68,1.29128,7.81641,4
60.69,1.29138,13.6033,4
60.7,1.29148,-0.107807,4
60.71,1.29158,-4.33734,4
60.72,1.29168,-6.41202,4
60.73,1.29179,-1.81797,4
60.74,1.29189,11.4406,4
60.75,1.29199,13.2158,4
60.76,1.292,5.28346,4
60.77,1.292,9.53633,4
60.78,1.292,15.2789,4
60.79,1.292,9.93156,4
60.8,1.292,7.70036,4
60.81,1.292,12.8004,4
60.82,1.292,11.5069,4
60.83,1.292,-0.115167,4
60.84,1.292,-4.30027,4
60.85,1.292,10.6405,4
60.86,1.29191,9.89452,4
60.87,1.29181,10.6451,4
60.88,1.29171,1.97629,4
60.89,1.29161,1.52951,4
60.9,1.29151,-0.633686,4
60.91,1.29141,7.06838,4
60.92,1.29131,4.81551,4
60.93,1.29121,-2.85326,4
60.94,1.29111,2.49935,4
60.95,1.29101,-2.47,4
60.96,1.29109,-3.19079,4
60.97,1.29119,4.96343,4
60.98,1.29129,3.66598,4
60.99,1.29139,5.13541,4
61,1.29149,16.5917,4
61.01,1.29159,-1.26465,4
61.02,1.29169,-3.71594,4
61.03,1.29179,-1.67058,4
61.04,1.29189,-3.71594,4
61.05,1.29199,-1.79499,4
61.06,1.29429,1.35638,4
61.07,1.29689,-1.87555,4
61.08,1.29949,-5.83564,4
61.09,1.30209,-3.34116,4
61.1,1.30469,2.41828,4
61.11,1.30729,2.30053,4
61.12,1.30989,11.0741,4
61.13,1.31249,13.2069,4
61.14,1.31509,2.43082,4
61.15,1.31769,0.541955,4
61.16,1.31562,0.921514,4
61.17,1.31292,1.41224,4
61.18,1.31022,9.55777,4
61.19,1.30752,17.8527,4
61.2,1.30482,11.403,4
61.21,1.30212,13.5924,4
61.22,1.29942,6.25392,4
61.23,1.29672,7.10331,4
61.24,1.29402,7.57625,4
61.25,1.29132,17.275,4
61.26,1.29109,3.83454,4
61.27,1.29119,8.46554,4
61.28,1.29129,3.76932,4
61.29,1.29139,14.0604,4
61.3,1.29149,-3.71594,4
61.31,1.29159,-2.2141,4
61.32,1.29169,1.6684,4
61.33,1.29179,-0.373831,4
61.34,1.29189,-4.27611,4
61.35,1.29199,13.5836,4
61.36,1.292,-5.505,4
61.37,1.292,-1.21477,4
61.38,1.292,1.44969,4
61.39,1.292,-0.907364,4
61.4,1.292,19.3633,4
61.41,1.292,4.90951,4
61.42,1.292,8.8476,4
61.43,1.292,17.8759,4
61.44,1.292,2.29894,4
61.45,1.292,-1.98925,4
61.46,1.29191,4.43249,4
61.47,1.29181,2.42629,4
61.48,1.29171,-4.75874,4
61.49,1.29161,5.13023,4
61.5,1.29151,15.0156,4
61.51,1.29141,9.11766,4
61.52,1.29131,1.48224,4
61.53,1.29121,-5.03749,4
61.54,1.29111,2.21568,4
61.55,1.29101,-1.01986,4
61.56,1.29109,-3.04053,4
61.57,1.29119,3.04331,4
61.58,1.29129,0.328177,4
61.59,1.29139,0.469876,4
61.6,1.29149,7.39883,4
61.61,1.29159,8.48697,4
61.62,1.29169,-2.1676,4
61.63,1.29179,-4.33253,4
61.64,1.29189,4.39579,4
61.65,1.29199,16.3591,4
61.66,1.292,16.7587,4
61.67,1.292,15.5087,4
61.68,1.292,,4
61.69,1.292,,4
61.7,1.292,,4
61.71,1.292,,4
61.72,1.292,,4
61.73,1.292,,4
61.74,1.292,6.7587,4
61.75,1.292,5.50869,4
61.76,1.29191,4.6139,4
61.77,1.29181,6.57489,4
61.78,1.29171,0.524258,4
61.79,1.29161,6.81653,4
61.8,1.29151,-6.29179,4
61.81,1.29141,2.97504,4
61.82,1.29131,15.1185,4
61.83,1.29121,1.58692,4
61.84,1.29111,-6.09177,4
61.85,1.29101,-6.41202,4
61.86,1.29109,18.8368,4
61.87,1.29119,9.91053,4
61.88,1.29129,11.3367,4
61.89,1.29138,8.34905,4
61.9,1.29148,7.06838,4
61.91,1.29158,7.06838,4
61.92,1.29168,7.14504,4
61.93,1.29178,8.86874,4
61.94,1.29188,7.75567,4
61.95,1.29198,6.0397,4
61.96,1.292,14.6594,4
61.97,1.292,15.867,4
61.98,1.292,5.92816,4
61.99,1.292,3.8861,4
62,1.292,8.67702,4
62.01,1.292,3.4082,4
62.02,1.292,8.09321,4
62.03,1.292,8.79399,4
62.04,1.292,1.67622,4
62.05,1.292,2.98771,4
62.06,1.29192,6.96592,4
62.07,1.29182,7.07535,4
62.08,1.29172,6.40824,4
62.09,1.29162,-6.41202,4
62.1,1.29152,-1.01986,4
62.11,1.29142,1.61859,4
62.12,1.29132,9.27497,4
62.13,1.29122,-2.44675,4
62.14,1.29112,16.3462,4
62.15,1.29102,-2.75794,4
62.16,1.29108,17.4932,4
62.17,1.29118,5.61139,4
62.18,1.29128,1.86742,4
62.19,1.29138,6.44563,4
62.2,1.29148,-3.66995,4
62.21,1.29158,-1.98109,4
62.22,1.29168,1.15467,4
62.23,1.29178,0.642756,4
62.24,1.29188,8.04614,4
62.25,1.29198,7.80119,4
62.26,1.292,3.71498,4
62.27,1.292,7.31011,4
62.28,1.292,11.0562,4
62.29,1.292,4.28826,4
62.3,1.292,4.2156,4
62.31,1.292,10.976,4
62.32,1.292,8.11951,4
62.33,1.292,-4.09996,4
62.34,1.292,-6.41202,4
62.35,1.292,-0.336882,4
62.36,1.29403,-1.46386,4
62.37,1.29663,15.8274,4
62.38,1.29923,-3.71594,4
62.39,1.30183,17.5031,4
62.4,1.30443,16.2035,4
62.41,1.30703,14.904,4
62.42,1.30963,,4
62.43,1.31223,,4
62.44,1.31483,,4
62.45,1.31743,,4
62.46,1.31597,,4
62.47,1.31337,,4
62.48,1.31077,5.80706,4
62.49,1.30817,4.50751,4
62.5,1.30557,3.65639,4
62.51,1.30297,3.11775,4
62.52,1.30037,-0.930055,4
62.53,1.29777,2.75323,4
62.54,1.29517,4.33563,4
62.55,1.29257,11.6907,4
62.56,1.292,-2.33295,4
62.57,1.292,5.29143,4
62.58,1.292,9.2815,4
62.59,1.292,5.09787,4
62.6,1.292,-6.21099,4
62.61,1.292,0.310998,4
62.62,1.292,17.9371,4
62.63,1.292,-1.77689,4
62.64,1.292,9.32653,4
62.65,1.292,-6.07345,4
62.66,1.29192,-3.67489,4
62.67,1.29182,-1.01986,4
62.68,1.29172,-1.01986,4
62.69,1.29162,3.53293,4
62.7,1.29152,12.1676,4
62.71,1.29142,-3.89114,4
62.72,1.29132,2.01754,4
62.73,1.29122,3.02426,4
62.74,1.29112,1.92186,4
62.75,1.29102,-0.46691,4
62.76,1.29108,6.33467,4
62.77,1.29118,13.1115,4
62.78,1.29128,13.8438,4
62.79,1.29138,5.48711,4
62.8,1.29148,-2.57292,4
62.81,1.29158,4.42743,4
62.82,1.29168,5.19985,4
62.83,1.29178,-0.449655,4
62.84,1.29188,1.6186,4
62.85,1.29198,-2.01481,4
62.86,1.292,-0.556377,4
62.87,1.292,1.75409,4
62.88,1.292,5.42499,4
62.89,1.292,-1.92815,4
62.9,1.292,4.63838,4
62.91,1.292,11.783,4
62.92,1.292,9.76446,4
62.93,1.292,4.13854,4
62.94,1.292,3.61418,4
62.95,1.292,-3.78438,4
62.96,1.29191,9.47154,4
62.97,1.29181,6.82018,4
62.98,1.29171,2.11592,4
62.99,1.29161,-4.23898,4
63,1.29151,19.692,4
63.01,1.29141,8.90556,4
63.02,1.29131,5.25276,4
63.03,1.29121,9.91373,4
63.04,1.29111,17.8527,4
63.05,1.29101,17.8527,4
63.06,1.29109,17.8079,4
63.07,1.29119,8.03928,4
63.08,1.29129,17.1115,4
63.09,1.29139,-1.59052,4
63.1,1.29149,5.1541,4
63.11,1.29159,16.6563,4
63.12,1.29169,-1.39326,4
63.13,1.29179,-2.95348,4
63.14,1.29189,-2.68138,4
63.15,1.29199,-1.20062,4
63.16,1.292,,4
63.17,1.292,,4
63.18,1.292,,4
63.19,1.292,,4
63.2,1.292,6.20316,4
63.21,1.292,7.68392,4
63.22,1.292,9.16467,4
63.23,1.292,10.8313,4
63.24,1.292,15.2005,4
63.25,1.292,4.7221,4
63.26,1.29191,4.60083,4
63.27,1.29181,4.08371,4
63.28,1.29171,1.88708,4
63.29,1.29161,5.80231,4
63.3,1.29151,6.63841,4
63.31,1.29141,3.62134,4
63.32,1.29131,7.95222,4
63.33,1.29121,15.3757,4
63.34,1.29111,5.42253,4
63.35,1.29101,16.3944,4
63.36,1.29109,12.5411,4
63.37,1.29119,20.0457,4
63.38,1.29129,17.9371,4
63.39,1.29139,7.51241,4
63.4,1.29149,17.8273,4
63.41,1.29159,3.7487,4
63.42,1.29169,7.07466,4
63.43,1.29179,9.80755,4
63.44,1.29189,4.09047,4
63.45,1.29199,1.7279,4
63.46,1.292,-5.48346,4
63.47,1.292,6.85069,4
63.48,1.292,1.05412,4
63.49,1.292,6.25107,4
63.5,1.292,9.4276,4
63.51,1.292,6.81737,4
63.52,1.292,6.25935,4
63.53,1.292,4.9938,4
63.54,1.292,-1.86515,4
63.55,1.292,8.05278,4
63.56,1.29191,3.58476,4
63.57,1.29181,-1.10974,4
63.58,1.29171,1.97623,4
63.59,1.29161,10.3345,4
63.6,1.29151,9.89044,4
63.61,1.29141,-4.66809,4
63.62,1.29131,-5.97204,4
63.63,1.29121,5.57092,4
63.64,1.29111,-0.204259,4
63.65,1.29101,9.32453,4
63.66,1.29109,14.1973,4
63.67,1.29119,14.6109,4
63.68,1.29129,10.9754,4
63.69,1.29139,1.13878,4
63.7,1.29149,-6.36205,4
63.71,1.29159,-4.52413,4
63.72,1.29169,-2.63013,4
63.73,1.29179,,4
63.74,1.29189,,4
63.75,1.29199,,4
63.76,1.292,,4
63.77,1.292,,4
63.78,1.292,8.73387,4
63.79,1.292,10.6279,4
63.8,1.292,12.0241,4
63.81,1.292,-1.10354,4
63.82,1.292,-3.69722,4
63.83,1.292,-1.17081,4
63.84,1.292,6.58198,4
63.85,1.292,-0.394751,4
63.86,1.292,7.42459,4
63.87,1.292,-0.00280737,4
63.88,1.292,11.0691,4
63.89,1.292,1.33732,4
63.9,1.292,11.4419,4
63.91,1.292,17.3155,4
63.92,1.292,15.4238,4
63.93,1.292,5.41376,4
63.94,1.292,11.7918,4
63.95,1.292,-4.57473,4
63.96,1.292,-4.02738,4
63.97,1.292,15.3358,4
63.98,1.292,9.61398,4
63.99,1.292,8.41642,4
64,1.292,-4.71813,4
64.01,1.292,-1.67159,4
64.02,1.292,17.7891,4
64.03,1.292,-0.82088,4
64.04,1.292,10.7775,4
64.05,1.292,7.94024,4
64.06,1.292,-0.919077,4
64.07,1.292,13.7087,4
64.08,1.292,1.52964,4
64.09,1.292,-0.337408,4
64.1,1.292,-5.39686,4
64.11,1.292,13.2879,4
64.12,1.292,2.83324,4
64.13,1.292,-4.81846,4
64.14,1.292,9.17676,4
64.15,1.292,3.054,4
64.16,1.29191,14.017,4
64.17,1.29181,1.94863,4
64.18,1.29171,-1.68708,4
64.19,1.29161,-2.65198,4
64.2,1.29151,0.552643,4
64.21,1.29141,5.7996,4
64.22,1.29131,5.0643,4
64.23,1.29121,4.13562,4
64.24,1.29111,-1.19418,4
64.25,1.29101,-5.54892,4
64.26,1.29109,-3.17176,4
64.27,1.29119,4.3723,4
64.28,1.29129,3.67315,4
64.29,1.29138,3.12755,4
64.3,1.29148,9.09661,4
64.31,1.29158,18.0029,4
64.32,1.29168,-1.01986,4
64.33,1.29178,-0.78537,4
64.34,1.29188,2.44535,4
64.35,1.29198,-2.74885,4
64.36,1.29403,-3.76068,4
64.37,1.29663,-6.39073,4
64.38,1.29923,7.06838,4
64.39,1.30183,13.5632,4
64.4,1.30443,2.48742,4
64.41,1.30703,1.1646,4
64.42,1.30963,12.4935,4
64.43,1.31223,11.4924,4
64.44,1.31483,13.1967,4
64.45,1.31743,-3.71594,4
64.46,1.31589,3.58247,4
64.47,1.31319,-3.54642,4
64.48,1.31049,-3.30395,4
64.49,1.30779,,4
64.5,1.30509,,4
64.51,1.30239,,4
64.52,1.29969,,4
64.53,1.29699,,4
64.54,1.29429,,4
64.55,1.29159,-1.60665,4
64.56,1.29108,-1.36418,4
64.57,1.29118,-1.1217,4
64.58,1.29128,-2.47271,4
64.59,1.29138,-0.393289,4
64.6,1.29148,5.7719,4
64.61,1.29158,6.97725,4
64.62,1.29168,2.67054,4
64.63,1.29178,2.39577,4
64.64,1.29188,10.9942,4
64.65,1.29198,-3.8099,4
64.66,1.292,7.5386,4
64.67,1.292,8.41642,4
64.68,1.292,7.27677,4
64.69,1.292,4.12889,4
64.7,1.292,4.29068,4
64.71,1.292,6.96102,4
64.72,1.292,-1.87155,4
64.73,1.292,10.3594,4
64.74,1.292,13.3082,4
64.75,1.292,-3.55983,4
64.76,1.29192,-1.47828,4
64.77,1.29182,-4.65581,4
64.78,1.29172,16.7256,4
64.79,1.29162,1.09688,4
64.8,1.29152,-1.04531,4
64.81,1.29142,-3.66692,4
64.82,1.29132,-3.71594,4
64.83,1.29122,19.6765,4
64.84,1.29112,-1.0967,4
64.85,1.29102,3.11137,4
64.86,1.29108,11.1252,4
64.87,1.29118,17.3155,4
64.88,1.29128,0.744716,4
64.89,1.29138,0.89368,4
64.9,1.29148,1.67622,4
64.91,1.29158,3.88794,4
64.92,1.29168,5.835,4
64.93,1.29178,6.11908,4
64.94,1.29188,0.417851,4
64.95,1.29198,-0.629318,4
64.96,1.292,6.48677,4
64.97,1.292,12.9249,4
64.98,1.292,9.38841,4
64.99,1.292,8.90247,4
65,1.292,7.447,4
65.01,1.292,12.0033,4
65.02,1.292,-1.01986,4
65.03,1.292,14.6499,4
65.04,1.292,1.62801,4
65.05,1.292,12.1187,4
65.06,1.29192,3.2589,4
65.07,1.29182,7.91933,4
65.08,1.29172,-3.51296,4
65.09,1.29162,-0.272946,4
65.1,1.29152,6.44826,4
65.11,1.29142,9.75514,4
65.12,1.29132,-5.67989,4
65.13,1.29122,3.60759,4
65.14,1.29112,-6.25385,4
65.15,1.29102,10.8715,4
65.16,1.29108,-5.20009,4
65.17,1.29118,1.95244,4
65.18,1.29128,2.28181,4
65.19,1.29138,,4
65.2,1.29148,,4
65.21,1.29158,,4
65.22,1.29168,,4
65.23,1.29178,,4
65.24,1.29188,,4
65.25,1.29198,4.58739,4
65.26,1.292,4.91676,4
65.27,1.292,5.24613,4
65.28,1.292,-1.8439,4
65.29,1.292,3.6402,4
65.3,1.292,5.50578,4
65.31,1.292,11.3204,4
65.32,1.292,1.2439,4
65.33,1.292,4.5582,4
65.34,1.292,9.11116,4
65.35,1.292,14.216,4
65.36,1.29192,0.909174,4
65.37,1.29182,-0.456073,4
65.38,1.29172,7.32146,4
65.39,1.29162,17.0886,4
65.4,1.29152,18.1566,4
65.41,1.29142,3.18028,4
65.42,1.29132,11.5182,4
65.43,1.29122,0.50291,4
65.44,1.29112,7.81999,4
65.45,1.29102,10.2984,4
65.46,1.29108,-0.41634,4
65.47,1.29118,2.09096,4
65.48,1.29128,1.04451,4
65.49,1.29138,1.50989,4
65.5,1.29148,5.27955,4
65.51,1.29158,-3.02825,4
65.52,1.29168,10.9799,4
65.53,1.29179,15.7106,4
65.54,1.29189,3.54213,4
65.55,1.29199,-5.24204,4
65.56,1.292,2.1056,4
65.57,1.292,1.91788,4
65.58,1.292,-1.01986,4
65.59,1.292,-2.24918,4
65.6,1.292,2.17929,4
65.61,1.292,10.9097,4
65.62,1.292,8.97029,4
65.63,1.292,2.49176,4
65.64,1.292,-3.71594,4
65.65,1.292,2.33789,4
65.66,1.292,12.5045,4
65.67,1.292,4.5752,4
65.68,1.292,8.69048,4
65.69,1.292,-2.25806,4
65.7,1.292,6.43307,4
65.71,1.292,-3.53327,4
65.72,1.292,5.42614,4
65.73,1.292,3.15473,4
65.74,1.292,-1.01986,4
65.75,1.292,0.476149,4
65.76,1.292,6.54946,4
65.77,1.292,7.47671,4
65.78,1.292,-2.10995,4
65.79,1.292,-1.53218,4
65.8,1.292,-2.16044,4
65.81,1.292,6.47407,4
65.82,1.292,11.1598,4
65.83,1.292,-6.36602,4
65.84,1.292,-6.09744,4
65.85,1.292,-5.82887,4
65.86,1.29403,,4
65.87,1.29663,,4
65.88,1.29923,,4
65.89,1.30183,,4
65.9,1.30443,,4
65.91,1.30703,-4.21739,4
65.92,1.30963,-3.94881,4
65.93,1.31223,-2.63781,4
65.94,1.31483,4.19537,4
65.95,1.31743,2.09489,4
65.96,1.31597,11.9848,4
65.97,1.31337,12.8666,4
65.98,1.31077,1.14909,4
65.99,1.30817,8.80087,4
66,1.30557,9.76446,4
66.01,1.30297,-1.95587,4
66.02,1.30037,11.2514,4
66.03,1.29777,7.23169,4
66.04,1.29517,4.3723,4
66.05,1.29257,4.3723,4
66.06,1.292,9.92923,4
66.07,1.292,4.55818,4
66.08,1.292,3.32459,4
66.09,1.292,11.196,4
66.1,1.292,-1.17266,4
66.11,1.292,-1.01986,4
66.12,1.292,-0.387974,4
66.13,1.292,-2.3679,4
66.14,1.292,8.37918,4
66.15,1.292,-5.03513,4
66.16,1.292,8.36006,4
66.17,1.292,5.78486,4
66.18,1.292,0.434164,4
66.19,1.292,14.4014,4
66.2,1.292,6.97007,4
66.21,1.292,4.11102,4
66.22,1.292,-5.9384,4
66.23,1.292,-3.71594,4
66.24,1.292,0.422686,4
66.25,1.292,-3.116,4
66.26,1.29192,6.94922,4
66.27,1.29182,3.7527,4
66.28,1.29172,1.7103,4
66.29,1.29162,3.05001,4
66.3,1.29152,-3.10947,4
66.31,1.29142,14.4055,4
66.32,1.29132,-3.48193,4
66.33,1.29122,17.8527,4
66.34,1.29112,17.2622,4
66.35,1.29102,-1.7387,4
66.36,1.29108,-3.71594,4
66.37,1.29118,-2.45012,4
66.38,1.29128,5.63487,4
66.39,1.29138,9.12114,4
66.4,1.29148,14.0602,4
66.41,1.29158,2.25175,4
66.42,1.29168,-1.01986,4
66.43,1.29178,6.03595,4
66.44,1.29188,8.80367,4
66.45,1.29198,13.5529,4
66.46,1.292,12.08,4
66.47,1.292,5.81127,4
66.48,1.292,5.78784,4
66.49,1.292,18.2478,4
66.5,1.292,13.5891,4
66.51,1.292,8.59867,4
66.52,1.292,8.88186,4
66.53,1.292,,4
66.54,1.292,,4
66.55,1.292,,4
66.56,1.29192,,4
66.57,1.29182,,4
66.58,1.29172,,4
66.59,1.29162,,4
66.6,1.29152,,4
66.61,1.29142,,4
66.62,1.29132,,4
66.63,1.29122,11.9969,4
66.64,1.29112,12.2801,4
66.65,1.29102,6.91144,4
66.66,1.29108,-4.96582,4
66.67,1.29118,-1.59167,4
66.68,1.29128,8.30042,4
66.69,1.29138,7.14427,4
66.7,1.29148,2.32512,4
66.71,1.29158,0.453198,4
66.72,1.29168,4.57063,4
66.73,1.29178,-0.485325,4
66.74,1.29188,-1.54633,4
66.75,1.29198,5.64425,4
66.76,1.29403,0.626034,4
66.77,1.29663,3.72351,4
66.78,1.29923,-5.02091,4
66.79,1.30183,13.2575,4
66.8,1.30443,5.34528,4
66.81,1.30703,-3.09896,4
66.82,1.30963,6.79241,4
66.83,1.31223,9.84841,4
66.84,1.31483,9.97843,4
66.85,1.31743,-1.73041,4
66.86,1.31589,-1.44893,4
66.87,1.31319,-1.01986,4
66.88,1.31049,8.52577,4
66.89,1.30779,10.5164,4
66.9,1.30509,0.793666,4
66.91,1.30239,-0.312128,4
66.92,1.29969,3.26619,4
66.93,1.29699,-0.246202,4
66.94,1.29429,0.904176,4
66.95,1.29159,-2.11698,4
66.96,1.29108,1.60529,4
66.97,1.29118,7.73187,4
66.98,1.29128,1.67622,4
66.99,1.29138,10.7094,4
67,1.29148,11.4475,4
67.01,1.29158,6.17284,4
67.02,1.29168,4.3723,4
67.03,1.29178,-6.41202,4
67.04,1.29188,-2.90334,4
67.05,1.29198,3.22232,4
67.06,1.292,12.8611,4
67.07,1.292,15.1566,4
67.08,1.292,14.1275,4
67.09,1.292,2.55951,4
67.1,1.292,5.524,4
67.11,1.292,11.4719,4
67.12,1.292,11.0515,4
67.13,1.292,5.94662,4
67.14,1.292,5.2984,4
67.15,1.292,11.6399,4
67.16,1.29192,6.51188,4
67.17,1.29182,1.70993,4
67.18,1.29172,12.1118,4
67.19,1.29162,-3.09967,4
67.2,1.29152,2.24004,4
67.21,1.29142,-0.00833082,4
67.22,1.29132,-4.0207,4
67.23,1.29122,6.66864,4
67.24,1.29112,9.45915,4
67.25,1.29102,4.87686,4
67.26,1.29108,-1.94175,4
67.27,1.29118,4.62122,4
67.28,1.29128,-4.68199,4
67.29,1.29138,-2.89809,4
67.3,1.29148,-1.21779,4
67.31,1.29158,-4.46752,4
67.32,1.29168,0.778375,4
67.33,1.29178,13.1955,4
67.34,1.29188,5.89208,4
67.35,1.29198,7.81252,4
67.36,1.29403,17.6179,4
67.37,1.29663,4.7111,4
67.38,1.29923,0.0712272,4
67.39,1.30183,-0.10456,4
67.4,1.30443,3.63402,4
67.41,1.30703,1.8921,4
67.42,1.30963,9.76279,4
67.43,1.31223,15.1566,4
67.44,1.31483,12.1835,4
67.45,1.31743,5.1442,4
67.46,1.31597,-2.73825,4
67.47,1.31337,6.89687,4
67.48,1.31077,2.43472,4
67.49,1.30817,3.38389,4
67.5,1.30557,4.33106,4
67.51,1.30297,1.2557,4
67.52,1.30037,-0.791403,4
67.53,1.29777,2.52733,4
67.54,1.29517,16.9149,4
67.55,1.29257,-5.31824,4
67.56,1.292,4.04012,4
67.57,1.292,0.160903,4
67.58,1.292,17.7443,4
67.59,1.292,-2.42401,4
67.6,1.292,-4.85884,4
67.61,1.292,0.0950688,4
67.62,1.292,17.1942,4
67.63,1.292,7.06838,4
67.64,1.292,7.06838,4
67.65,1.292,9.46772,4
67.66,1.292,14.7968,4
67.67,1.292,2.78948,4
67.68,1.292,11.5744,4
67.69,1.292,7.79231,4
67.7,1.292,-2.488,4
67.71,1.292,8.12186,4
67.72,1.292,12.9954,4
67.73,1.292,-1.82263,4
67.74,1.292,0.46599,4
67.75,1.292,-0.121907,4
67.76,1.292,8.98773,4
67.77,1.292,7.06838,4
67.78,1.292,9.75529,4
67.79,1.292,6.31248,4
67.8,1.292,0.976696,4
67.81,1.292,8.96687,4
67.82,1.292,8.166,4
67.83,1.292,-8.97281,4
67.84,1.292,-8.15711,4
67.85,1.292,-7.3414,4
67.86,1.292,,4
67.87,1.292,,4
67.88,1.292,,4
67.89,1.292,,4
67.9,1.292,,4
67.91,1.292,-2.44714,4
67.92,1.292,-1.63143,4
67.93,1.292,0.517011,4
67.94,1.292,4.8253,4
67.95,1.292,2.14162,4
67.96,1.29403,5.25318,4
67.97,1.29663,3.02248,4
67.98,1.29923,-5.3639,4
67.99,1.30183,-2.49241,4
68,1.30443,-2.63915,4
68.01,1.30703,3.69155,4
68.02,1.30963,-0.181551,4
68.03,1.31223,14.726,4
68.04,1.31483,4.57939,4
68.05,1.31743,0.99006,4
68.06,1.31597,5.98252,4
68.07,1.31337,9.13068,4
68.08,1.31077,1.51505,4
68.09,1.30817,7.11921,4
68.1,1.30557,8.44319,4
68.11,1.30297,1.67622,4
68.12,1.30037,6.87025,4
68.13,1.29777,-5.08112,4
68.14,1.29517,0.554143,4
68.15,1.29257,-2.24313,4
68.16,1.292,1.9966,4
68.17,1.292,4.4946,4
68.18,1.292,6.10015,4
68.19,1.292,-1.93799,4
68.2,1.292,0.524925,4
68.21,1.292,-1.95205,4
68.22,1.292,7.14749,4
68.23,1.292,12.5455,4
68.24,1.292,2.62963,4
68.25,1.292,0.549135,4
68.26,1.29403,6.12743,4
68.27,1.29663,3.31095,4
68.28,1.29923,8.72823,4
68.29,1.30183,16.7236,4
68.3,1.30443,16.8362,4
68.31,1.30703,8.34263,4
68.32,1.30963,5.49182,4
68.33,1.31223,2.0727,4
68.34,1.31483,-6.9107,4
68.35,1.31743,-4.21753,4
68.36,1.31589,14.2922,4
68.37,1.31319,15.7003,4
68.38,1.31049,3.39551,4
68.39,1.30779,-5.36415,4
68.4,1.30509,-6.41202,4
68.41,1.30239,12.2865,4
68.42,1.29969,4.40917,4
68.43,1.29699,9.10823,4
68.44,1.29429,1.85502,4
68.45,1.29159,-5.37696,4
68.46,1.29108,-1.01986,4
68.47,1.29118,3.02843,4
68.48,1.29128,-1.85327,4
68.49,1.29138,10.1282,4
68.5,1.29148,3.94975,4
68.51,1.29158,-5.4658,4
68.52,1.29168,-5.41931,4
68.53,1.29178,-3.8906,4
68.54,1.29188,,4
68.55,1.29198,,4
68.56,1.29403,,4
68.57,1.29663,,4
68.58,1.29923,,4
68.59,1.30183,,4
68.6,1.30443,,4
68.61,1.30703,8.33904,4
68.62,1.30963,9.86774,4
68.63,1.31223,8.42214,4
68.64,1.31483,6.3175,4
68.65,1.31743,8.96517,4
68.66,1.31597,5.95184,4
68.67,1.31337,4.9966,4
68.68,1.31077,3.41383,4
68.69,1.30817,4.9063,4
68.7,1.30557,-0.0117236,4
68.71,1.30297,-1.34439,4
68.72,1.30037,1.59077,4
68.73,1.29777,12.6582,4
68.74,1.29517,12.9436,4
68.75,1.29257,19.137,4
68.76,1.292,15.4886,4
68.77,1.292,6.10374,4
68.78,1.292,14.1284,4
68.79,1.292,0.0162643,4
68.8,1.292,-1.53657,4
68.81,1.292,-3.71594,4
68.82,1.292,-3.21451,4
68.83,1.292,-1.01986,4
68.84,1.292,-0.623012,4
68.85,1.292,1.84855,4
68.86,1.292,5.62821,4
68.87,1.292,11.788,4
68.88,1.292,4.97751,4
68.89,1.292,-2.82585,4
68.9,1.292,6.63096,4
68.91,1.292,0.986426,4
68.92,1.292,-5.29151,4
68.93,1.292,6.67081,4
68.94,1.292,1.43524,4
68.95,1.292,-1.2866,4
68.96,1.292,-5.7125,4
68.97,1.292,1.31207,4
68.98,1.292,5.54328,4
68.99,1.292,3.10966,4
69,1.292,4.21302,4
69.01,1.292,-2.8182,4
69.02,1.292,6.56768,4
69.03,1.292,6.59305,4
69.04,1.292,-1.91929,4
69.05,1.292,-1.31873,4
69.06,1.292,2.83608,4
69.07,1.292,8.61754,4
69.08,1.292,13.3891,4
69.09,1.292,5.82454,4
69.1,1.292,4.90195,4
69.11,1.292,-1.01986,4
69.12,1.292,4.65939,4
69.13,1.292,5.19222,4
69.14,1.292,6.70661,4
69.15,1.292,3.70674,4
69.16,1.292,-1.5867,4
69.17,1.292,5.22483,4
69.18,1.292,5.61421,4
69.19,1.292,2.11913,4
69.2,1.292,0.721721,4
69.21,1.292,4.60181,4
69.22,1.292,5.33531,4
69.23,1.292,6.06882,4
69.24,1.292,,4
69.25,1.292,,4
69.26,1.292,,4
69.27,1.292,,4
69.28,1.292,,4
69.29,1.292,,4
69.3,1.292,11.2034,4
69.31,1.292,11.9369,4
69.32,1.292,10.9064,4
69.33,1.292,4.69739,4
69.34,1.292,4.47818,4
69.35,1.292,13.9287,4
69.36,1.292,3.22176,4
69.37,1.292,2.03145,4
69.38,1.292,4.84759,4
69.39,1.292,-2.05803,4
69.4,1.292,0.759539,4
69.41,1.292,4.81057,4
69.42,1.292,-6.9701,4
69.43,1.292,7.02643,4
69.44,1.292,-1.71985,4
69.45,1.292,14.9532,4
69.46,1.292,-3.12871,4
69.47,1.292,-2.97894,4
69.48,1.292,6.37066,4
69.49,1.292,14.9755,4
69.5,1.292,17.6844,4
69.51,1.292,2.41146,4
69.52,1.292,1.40246,4
69.53,1.292,3.29229,4
69.54,1.292,5.40727,4
69.55,1.292,8.82692,4
69.56,1.292,-1.3548,4
69.57,1.292,6.38086,4
69.58,1.292,8.80348,4
69.59,1.292,8.82532,4
69.6,1.292,7.60982,4
69.61,1.292,-1.15259,4
69.62,1.292,2.34978,4
69.63,1.292,1.56081,4
69.64,1.292,0.543972,4
69.65,1.292,1.61576,4
69.66,1.292,4.3723,4
69.67,1.292,5.06957,4
69.68,1.292,1.27774,4
69.69,1.292,2.92785,4
69.7,1.292,15.1665,4
69.71,1.292,-3.20576,4
69.72,1.292,2.5806,4
69.73,1.292,2.58748,4
69.74,1.292,-5.38074,4
69.75,1.292,13.4419,4
69.76,1.292,9.08631,4
69.77,1.292,16.2383,4
69.78,1.292,2.51478,4
69.79,1.292,9.82468,4
69.8,1.292,12.3836,4
69.81,1.292,8.49085,4
69.82,1.292,9.62177,4
69.83,1.292,9.76446,4
69.84,1.292,8.95432,4
69.85,1.292,7.94084,4
69.86,1.292,,4
69.87,1.292,,4
69.88,1.292,,4
69.89,1.292,,4
69.9,1.292,,4
69.91,1.292,,4
69.92,1.292,,4
69.93,1.292,-0.167008,4
69.94,1.292,-1.18049,4
69.95,1.292,-2.19397,4
69.96,1.292,7.63677,4
69.97,1.292,7.59711,4
69.98,1.292,7.77264,4
69.99,1.292,12.255,4
70,1.292,9.10743,4
70.01,1.292,2.05131,4
70.02,1.292,-0.7552,4
70.03,1.292,3.70483,4
70.04,1.292,10.4145,4
70.05,1.292,6.76191,4
70.06,1.292,2.81954,4
70.07,1.292,3.47913,4
70.08,1.292,7.14761,4
70.09,1.292,10.9386,4
70.1,1.292,-1.48173,4
70.11,1.292,3.55424,4
70.12,1.292,4.6829,4
70.13,1.292,12.3554,4
70.14,1.292,0.0135195,4
70.15,1.292,6.6616,4
70.16,1.292,17.8527,4
70.17,1.292,17.8527,4
70.18,1.292,-3.63995,4
70.19,1.292,-1.37756,4
70.2,1.292,7.78239,4
70.21,1.292,8.8525,4
70.22,1.292,-1.01986,4
70.23,1.292,-1.00281,4
70.24,1.292,4.03152,4
70.25,1.292,-4.19424,4
70.26,1.292,-3.83217,4
70.27,1.292,1.11476,4
70.28,1.292,10.665,4
70.29,1.292,10.548,4
70.3,1.292,4.99628,4
70.31,1.292,-3.03631,4
70.32,1.292,-6.09909,4
70.33,1.292,-2.24972,4
70.34,1.292,4.19096,4
70.35,1.292,12.9769,4
70.36,1.29403,15.1566,4
70.37,1.29663,2.27656,4
70.38,1.29923,-1.84136,4
70.39,1.30183,9.2078,4
70.4,1.30443,6.26109,4
70.41,1.30703,4.41712,4
70.42,1.30963,1.75871,4
70.43,1.31223,-3.71594,4
70.44,1.31483,-3.02166,4
70.45,1.31743,-0.591544,4
70.46,1.31597,1.67622,4
70.47,1.31337,3.40784,4
70.48,1.31077,2.69815,4
70.49,1.30817,0.524796,4
70.5,1.30557,4.3723,4
70.51,1.30297,4.3723,4
70.52,1.30037,4.3723,4
70.53,1.29777,,4
70.54,1.29517,,4
70.55,1.29257,,4
70.56,1.292,,4
70.57,1.292,,4
70.58,1.292,,4
70.59,1.292,4.3723,4
70.6,1.292,4.3723,4
70.61,1.292,6.64849,4
70.62,1.292,14.2938,4
70.63,1.292,1.67622,4
70.64,1.292,1.77761,4
70.65,1.292,3.05614,4
70.66,1.292,4.5568,4
70.67,1.292,12.4605,4
70.68,1.292,11.7727,4
70.69,1.292,0.580077,4
70.7,1.292,9.57998,4
70.71,1.292,4.57218,4
70.72,1.292,13.7131,4
70.73,1.292,-1.00712,4
70.74,1.292,2.53295,4
70.75,1.292,-1.47342,4
70.76,1.292,9.30295,4
70.77,1.292,2.561,4
70.78,1.292,-2.75467,4
70.79,1.292,0.30863,4
70.8,1.292,-2.06545,4
70.81,1.292,-3.39137,4
70.82,1.292,-1.90797,4
70.83,1.292,1.10821,4
70.84,1.292,1.67622,4
70.85,1.292,4.83117,4
70.86,1.292,15.3241,4
70.87,1.292,2.81655,4
70.88,1.292,-1.01986,4
70.89,1.292,3.65069,4
70.9,1.292,-1.85875,4
70.91,1.292,6.76752,4
70.92,1.292,10.8156,4
70.93,1.292,9.85412,4
70.94,1.292,0.619865,4
70.95,1.292,-1.01986,4
70.96,1.292,-1.01986,4
70.97,1.292,2.06959,4
70.98,1.292,2.36832,4
70.99,1.292,0.907488,4
71,1.292,7.03367,4
71.01,1.292,15.1566,4
71.02,1.292,8.1931,4
71.03,1.292,-0.74356,4
71.04,1.292,12.0964,4
71.05,1.292,-3.38437,4
71.06,1.292,-0.339522,4
71.07,1.292,20.1909,4
71.08,1.292,2.07547,4
71.09,1.292,-3.71594,4
71.1,1.292,2.60729,4
71.11,1.292,-2.67046,4
71.12,1.292,7.28178,4
71.13,1.292,6.40566,4
71.14,1.292,-5.68308,4
71.15,1.292,14.8684,4
71.16,1.292,-3.88521,4
71.17,1.292,-6.26711,4
71.18,1.292,1.66323,4
71.19,1.292,-4.92381,4
71.2,1.292,-3.86041,4
71.21,1.292,-1.67202,4
71.22,1.292,0.465587,4
71.23,1.292,,4
71.24,1.292,,4
71.25,1.292,,4
71.26,1.292,,4
71.27,1.292,,4
71.28,1.292,13.2912,4
71.29,1.292,15.4288,4
71.3,1.292,17.5664,4
71.31,1.292,2.18277,4
71.32,1.292,3.94387,4
71.33,1.292,2.64676,4
71.34,1.292,6.97048,4
71.35,1.292,15.7649,4
71.36,1.292,11.5672,4
71.37,1.292,14.9215,4
71.38,1.292,1.34583,4
71.39,1.292,8.47089,4
71.4,1.292,16.9459,4
71.41,1.292,3.07494,4
71.42,1.292,4.97695,4
71.43,1.292,0.828015,4
71.44,1.292,3.41908,4
71.45,1.292,-3.22566,4
71.46,1.292,10.2925,4
71.47,1.292,-0.593698,4
71.48,1.292,2.50039,4
71.49,1.292,0.833275,4
71.5,1.292,6.33808,4
71.51,1.292,13.28,4
71.52,1.292,8.82641,4
71.53,1.292,0.306985,4
71.54,1.292,6.90501,4
71.55,1.292,5.54465,4
71.56,1.292,4.3723,4
71.57,1.292,4.3723,4
71.58,1.292,2.96779,4
71.59,1.292,19.9056,4
71.6,1.292,3.61368,4
71.61,1.292,-0.437178,4
71.62,1.292,8.24645,4
71.63,1.292,-3.88363,4
71.64,1.292,-4.26413,4
71.65,1.292,1.21769,4
71.66,1.292,8.88002,4
71.67,1.292,4.6748,4
71.68,1.292,3.02426,4
71.69,1.292,-2.37394,4
71.7,1.292,-3.71594,4
71.71,1.292,9.62298,4
71.72,1.292,11.1774,4
71.73,1.292,-2.3679,4
71.74,1.292,0.325741,4
71.75,1.292,6.63193,4
71.76,1.292,0.22318,4
71.77,1.292,16.172,4
71.78,1.292,4.37234,4
71.79,1.292,8.46961,4
71.8,1.292,-1.8832,4
71.81,1.292,0.465054,4
71.82,1.292,3.13245,4
71.83,1.292,4.08856,4
71.84,1.292,17.1831,4
71.85,1.292,5.84107,4
71.86,1.292,6.24292,4
71.87,1.292,6.64477,4
71.88,1.292,,4
71.89,1.292,,4
71.9,1.292,,4
71.91,1.292,,4
71.92,1.292,,4
71.93,1.292,9.05587,4
71.94,1.292,9.45772,4
71.95,1.292,7.78119,4
71.96,1.292,0.333768,4
71.97,1.292,-3.03949,4
71.98,1.292,5.1185,4
71.99,1.292,-2.56926,4
72,1.292,-1.17101,4
72.01,1.292,6.71391,4
72.02,1.292,-1.00534,4
72.03,1.292,-1.9163,4
72.04,1.292,14.1753,4
72.05,1.292,-3.14269,4
72.06,1.292,-0.0410712,4
72.07,1.292,-5.51847,4
72.08,1.292,6.54214,4
72.09,1.292,14.3909,4
72.1,1.292,0.920621,4
72.11,1.292,-1.27621,4
72.12,1.292,12.4605,4
72.13,1.292,5.28982,4
72.14,1.292,8.51281,4
72.15,1.292,14.1609,4
72.16,1.292,8.17571,4
72.17,1.292,10.593,4
72.18,1.292,5.58013,4
72.19,1.292,-1.61636,4
72.2,1.292,6.3448,4
72.21,1.292,14.4287,4
72.22,1.292,-1.85867,4
72.23,1.292,4.3033,4
72.24,1.292,0.302905,4
72.25,1.292,8.92765,4
72.26,1.292,-3.1106,4
72.27,1.292,-4.35087,4
72.28,1.292,1.1828,4
72.29,1.292,13.5099,4
72.3,1.292,-6.15519,4
72.31,1.292,-1.42039,4
72.32,1.292,15.9678,4
72.33,1.292,8.08241,4
72.34,1.292,9.24149,4
72.35,1.292,-0.575486,4
72.36,1.292,12.9064,4
72.37,1.292,1.05192,4
72.38,1.292,17.8503,4
72.39,1.292,9.79067,4
72.4,1.292,15.9622,4
72.41,1.292,15.3705,4
72.42,1.292,3.40532,4
72.43,1.292,1.92288,4
72.44,1.292,6.73791,4
72.45,1.292,3.34472,4
72.46,1.292,5.41206,4
72.47,1.292,0.910063,4
72.48,1.292,9.35532,4
72.49,1.292,9.30959,4
72.5,1.292,9.15293,4
72.51,1.292,4.05452,4
72.52,1.292,6.14359,4
72.53,1.292,5.93354,4
72.54,1.292,9.21439,4
72.55,1.292,-3.96652,4
72.56,1.292,5.11853,4
72.57,1.292,4.98416,4
72.58,1.292,0.999356,4
72.59,1.292,13.6944,4
72.6,1.292,17.747,4
72.61,1.292,17.2583,4
72.62,1.292,16.7696,4
72.63,1.292,,4
72.64,1.292,,4
72.65,1.292,,4
72.66,1.292,,4
72.67,1.292,,4
72.68,1.292,,4
72.69,1.292,13.3487,4
72.7,1.292,12.86,4
72.71,1.292,13.208,4
72.72,1.292,13.9259,4
72.73,1.292,3.58691,4
72.74,1.292,4.6415,4
72.75,1.292,-2.28624,4
72.76,1.29429,-1.26245,4
72.77,1.29689,0.931172,4
72.78,1.29949,3.37847,4
72.79,1.30209,10.5132,4
72.8,1.30469,-0.825879,4
72.81,1.30729,0.530853,4
72.82,1.30989,1.11176,4
72.83,1.31249,-1.27582,4
72.84,1.31509,6.14282,4
72.85,1.31769,11.0437,4
72.86,1.31571,1.73193,4
72.87,1.31311,7.87338,4
72.88,1.31051,6.34949,4
72.89,1.30791,-1.76128,4
72.9,1.30531,15.5404,4
72.91,1.30271,2.03265,4
72.92,1.30011,2.9942,4
72.93,1.29751,-3.56737,4
72.94,1.29491,-0.867327,4
72.95,1.29231,13.1328,4
72.96,1.292,0.305818,4
72.97,1.292,11.0629,4
72.98,1.292,-1.6933,4
72.99,1.292,-3.896,4
73,1.292,12.4737,4
73.01,1.292,4.2006,4
73.02,1.292,13.0408,4
73.03,1.292,2.82024,4
73.04,1.292,-1.01986,4
73.05,1.292,-4.71292,4
73.06,1.292,5.00188,4
73.07,1.292,-4.04486,4
73.08,1.292,6.61702,4
73.09,1.292,5.15289,4
73.1,1.292,-1.44825,4
73.11,1.292,9.82961,4
73.12,1.292,-3.55372,4
73.13,1.292,0.161902,4
73.14,1.292,-0.246992,4
73.15,1.292,4.30734,4
73.16,1.292,9.52303,4
73.17,1.292,11.1812,4
73.18,1.292,11.3147,4
73.19,1.292,,4
73.2,1.292,,4
73.21,1.292,,4
73.22,1.292,,4
73.23,1.292,,4
73.24,1.292,,4
73.25,1.292,12.2489,4
73.26,1.292,12.3824,4
73.27,1.292,5.85862,4
73.28,1.292,5.74033,4
73.29,1.292,19.0201,4
73.3,1.292,14.9508,4
73.31,1.292,9.31417,4
73.32,1.292,4.3723,4
73.33,1.292,5.37766,4
73.34,1.292,7.06838,4
73.35,1.292,11.175,4
73.36,1.292,17.8527,4
73.37,1.292,12.1526,4
73.38,1.292,1.04725,4
73.39,1.292,-4.04352,4
73.4,1.292,-1.26732,4
73.41,1.292,-2.32603,4
73.42,1.292,2.55891,4
73.43,1.292,5.26987,4
73.44,1.292,0.786231,4
73.45,1.292,5.22939,4
73.46,1.292,12.8913,4
73.47,1.292,4.32838,4
73.48,1.292,4.61388,4
73.49,1.292,1.85877,4
73.5,1.292,11.8446,4
73.51,1.292,7.06838,4
73.52,1.292,12.2979,4
73.53,1.292,-1.70864,4
73.54,1.292,-6.00844,4
73.55,1.292,1.18982,4
73.56,1.292,-3.07026,4
73.57,1.292,11.1434,4
73.58,1.292,-1.55667,4
73.59,1.292,-6.33287,4
73.6,1.292,-2.31769,4
73.61,1.292,0.989376,4
73.62,1.292,17.2972,4
73.63,1.292,2.73065,4
73.64,1.292,-0.683171,4
73.65,1.292,-2.72886,4
73.66,1.29429,3.63038,4
73.67,1.29689,1.57816,4
73.68,1.29949,1.67891,4
73.69,1.30209,10.0929,4
73.7,1.30469,10.4936,4
73.71,1.30729,7.06838,4
73.72,1.30989,0.00810781,4
73.73,1.31249,-6.62269,4
73.74,1.31509,13.7634,4
73.75,1.31769,3.70491,4
73.76,1.31571,1.55211,4
73.77,1.31311,9.66647,4
73.78,1.31051,10.9717,4
73.79,1.30791,1.31512,4
73.8,1.30531,0.286923,4
73.81,1.30271,10.2643,4
73.82,1.30011,11.1729,4
73.83,1.29751,16.2423,4
73.84,1.29491,-6.21725,4
73.85,1.29231,2.69311,4
73.86,1.292,4.43786,4
73.87,1.292,-0.160231,4
73.88,1.292,10.4546,4
73.89,1.292,14.6213,4
73.9,1.292,7.26724,4
73.91,1.292,7.99642,4
73.92,1.292,8.7256,4
73.93,1.292,,4
73.94,1.292,,4
73.95,1.292,,4
73.96,1.29429,,4
73.97,1.29689,,4
73.98,1.29949,,4
73.99,1.30209,13.8299,4
74,1.30469,14.5591,4
74.01,1.30729,13.4789,4
74.02,1.30989,4.90966,4
74.03,1.31249,1.31096,4
74.04,1.31509,3.78197,4
74.05,1.31769,-1.31892,4
74.06,1.31573,2.59931,4
74.07,1.31316,-0.358519,4
74.08,1.31058,1.67622,4
74.09,1.30801,1.38356,4
74.1,1.30544,-0.810981,4
74.11,1.30286,1.35072,4
74.12,1.30029,6.99505,4
74.13,1.29771,15.3923,4
74.14,1.29514,6.59157,4
74.15,1.29256,4.35059,4
74.16,1.292,12.4667,4
74.17,1.292,1.09138,4
74.18,1.292,1.81321,4
74.19,1.292,5.7221,4
74.2,1.292,5.34778,4
74.21,1.292,7.04092,4
74.22,1.292,6.03031,4
74.23,1.292,1.62039,4
74.24,1.292,-0.0217385,4
74.25,1.292,3.22933,4
74.26,1.29403,9.58138,4
74.27,1.29663,5.15456,4
74.28,1.29923,1.73926,4
74.29,1.30183,2.52295,4
74.3,1.30443,2.28317,4
74.31,1.30703,10.8345,4
74.32,1.30963,-0.06958,4
74.33,1.31223,14.2736,4
74.34,1.31483,-0.237693,4
74.35,1.31743,-2.28316,4
74.36,1.31597,6.9769,4
74.37,1.31337,8.04683,4
74.38,1.31077,-0.434719,4
74.39,1.30817,15.9038,4
74.4,1.30557,15.8791,4
74.41,1.30297,4.19792,4
74.42,1.30037,-2.64663,4
74.43,1.29777,-1.96976,4
74.44,1.29517,-2.03231,4
74.45,1.29257,4.07519,4
74.46,1.29411,6.90085,4
74.47,1.29681,6.63934,4
74.48,1.29951,,4
74.49,1.30221,,4
74.5,1.30491,,4
74.51,1.30761,,4
74.52,1.31031,,4
74.53,1.31301,,4
74.54,1.31571,4.8088,4
74.55,1.31841,4.54729,4
74.56,1.31689,10.8173,4
74.57,1.31419,3.92293,4
74.58,1.31149,1.94453,4
74.59,1.30879,5.44827,4
74.6,1.30609,-2.76809,4
74.61,1.30339,6.47341,4
74.62,1.30069,8.57688,4
74.63,1.29799,-0.136634,4
74.64,1.29529,11.6966,4
74.65,1.29259,1.86615,4
74.66,1.292,7.42687,4
74.67,1.292,3.50123,4
74.68,1.292,15.2223,4
74.69,1.292,3.00452,4
74.7,1.292,12.0737,4
74.71,1.292,0.96626,4
74.72,1.292,1.16215,4
74.73,1.292,5.68938,4
74.74,1.292,0.471705,4
74.75,1.292,-5.28194,4
74.76,1.292,6.76193,4
74.77,1.292,17.8527,4
74.78,1.292,15.7612,4
74.79,1.292,5.11836,4
74.8,1.292,-0.957111,4
74.81,1.292,7.51121,4
74.82,1.292,8.30509,4
74.83,1.292,11.2006,4
74.84,1.292,9.26547,4
74.85,1.292,10.9783,4
74.86,1.29403,17.8161,4
74.87,1.29663,-5.14607,4
74.88,1.29923,-2.42121,4
74.89,1.30183,4.54808,4
74.9,1.30443,4.08523,4
74.91,1.30703,14.9668,4
74.92,1.30963,9.49721,4
74.93,1.31223,2.86865,4
74.94,1.31483,5.67212,4
74.95,1.31743,7.12644,4
74.96,1.31597,5.97192,4
74.97,1.31337,1.84743,4
74.98,1.31077,1.48203,4
74.99,1.30817,17.9679,4
75,1.30557,7.18962,4
75.01,1.30297,16.175,4
75.02,1.30037,6.20801,4
75.03,1.29777,17.8527,4
75.04,1.29517,17.8527,4
75.05,1.29257,1.15551,4
75.06,1.292,4.20073,4
75.07,1.292,2.95453,4
75.08,1.292,-0.968205,4
75.09,1.292,7.8219,4
75.1,1.292,18.2016,4
75.11,1.292,11.8248,4
75.12,1.292,10.9859,4
75.13,1.292,,4
75.14,1.292,,4
75.15,1.292,,4
75.16,1.292,,4
75.17,1.292,,4
75.18,1.292,,4
75.19,1.292,5.11347,4
75.2,1.292,4.27456,4
75.21,1.292,3.43565,4
75.22,1.292,-2.03048,4
75.23,1.292,-1.46199,4
75.24,1.292,9.58364,4
75.25,1.292,6.81263,4
75.26,1.292,-0.21728,4
75.27,1.292,-3.288,4
75.28,1.292,-1.86745,4
75.29,1.292,5.85321,4
75.3,1.292,13.0202,4
75.31,1.292,-4.15333,4
75.32,1.292,16.3732,4
75.33,1.292,5.57234,4
75.34,1.292,9.68438,4
75.35,1.292,4.9854,4
75.36,1.292,-5.49788,3.99219
75.37,1.292,-0.133668,3.98219
75.38,1.292,10.2989,3.97219
75.39,1.292,-1.21523,3.96219
75.4,1.292,-3.48481,3.95219
75.41,1.292,1.22974,3.94219
75.42,1.292,8.13902,3.93219
75.43,1.292,7.19096,3.92219
75.44,1.292,7.06838,3.91219
75.45,1.292,7.06838,3.90219
75.46,1.292,4.8143,3.90781
75.47,1.292,-0.180093,3.91781
75.48,1.292,1.05169,3.92781
75.49,1.292,7.71539,3.93781
75.5,1.292,14.4138,3.94781
75.51,1.292,2.21238,3.95781
75.52,1.292,-2.08055,3.96781
75.53,1.292,-1.01986,3.97781
75.54,1.292,9.96369,3.98781
75.55,1.292,11.8429,3.99781
75.56,1.292,7.69935,4
75.57,1.292,16.2594,4
75.58,1.292,5.21093,4
75.59,1.292,2.89942,4
75.6,1.292,0.782376,4
75.61,1.292,0.235819,4
75.62,1.292,4.05782,4
75.63,1.292,-4.80489,4
75.64,1.292,-2.19254,4
75.65,1.292,8.60105,4
75.66,1.292,8.9012,4
75.67,1.292,4.48787,4
75.68,1.292,11.4885,4
75.69,1.292,3.46898,4
75.7,1.292,11.7772,4
75.71,1.292,2.77084,4
75.72,1.292,9.5828,4
75.73,1.292,2.4038,4
75.74,1.292,2.86837,4
75.75,1.292,3.34359,4
75.76,1.292,16.4992,4
75.77,1.292,7.06838,4
75.78,1.292,2.84739,4
75.79,1.292,20.1607,4
75.8,1.292,18.0904,4
75.81,1.292,3.44348,4
75.82,1.292,0.22919,4
75.83,1.292,-1.9493,4
75.84,1.292,-3.69237,4
75.85,1.292,1.19258,4
75.86,1.292,1.89578,4
75.87,1.292,2.13947,4
75.88,1.292,,4
75.89,1.292,,4
75.9,1.292,,4
75.91,1.292,,4
75.92,1.292,,4
75.93,1.292,,4
75.94,1.292,3.84531,4
75.95,1.292,4.089,4
75.96,1.292,4.33269,4
75.97,1.292,8.15577,4
75.98,1.292,12.2784,4
75.99,1.292,9.76446,4
76,1.292,14.3182,4
76.01,1.292,3.7861,4
76.02,1.292,4.75726,4
76.03,1.292,-2.67371,4
76.04,1.292,-4.04982,4
76.05,1.292,1.29209,4
76.06,1.29403,2.69325,4
76.07,1.29663,0.908538,4
76.08,1.29923,5.94947,4
76.09,1.30183,3.05359,4
76.1,1.30443,-1.87345,4
76.11,1.30703,-3.34695,4
76.12,1.30963,-1.40271,4
76.13,1.31223,-0.311072,4
76.14,1.31483,-2.76074,4
76.15,1.31743,3.42713,4
76.16,1.31597,13.3317,4
76.17,1.31337,0.948229,4
76.18,1.31077,4.20665,4
76.19,1.30817,3.30818,4
76.2,1.30557,5.92178,4
76.21,1.30297,2.85355,4
76.22,1.30037,-0.739155,4
76.23,1.29777,5.46153,4
76.24,1.29517,-4.91484,4
76.25,1.29257,9.45977,4
76.26,1.292,-3.05234,4
76.27,1.292,3.77036,4
76.28,1.292,5.33171,4
76.29,1.292,-1.80868,4
76.3,1.292,5.79178,4
76.31,1.292,0.809354,4
76.32,1.292,-0.556725,4
76.33,1.292,15.4696,4
76.34,1.292,19.4817,4
76.35,1.292,0.25134,4
76.36,1.29411,0.541785,3.99219
76.37,1.29681,-6.13622,3.98219
76.38,1.29951,-0.555009,3.97219
76.39,1.30221,18.2149,3.96219
76.4,1.30491,3.3859,3.95219
76.41,1.30761,9.10561,3.94219
76.42,1.31031,-3.31571,3.93219
76.43,1.31301,13.3942,3.92219
76.44,1.31571,13.0587,3.91219
76.45,1.31841,7.73383,3.90219
76.46,1.31689,-2.73505,3.90781
76.47,1.31419,3.67502,3.91781
76.48,1.31149,4.19545,3.92781
76.49,1.30879,3.9558,3.93781
76.5,1.30609,,3.94781
76.51,1.30339,,3.95781
76.52,1.30069,,3.96781
76.53,1.29799,,3.97781
76.54,1.29529,,3.98781
76.55,1.29259,,3.99781
76.56,1.292,,4
76.57,1.292,2.03866,4
76.58,1.292,1.79902,4
76.59,1.292,8.08262,4
76.6,1.292,11.9569,4
76.61,1.292,0.885433,4
76.62,1.292,7.63741,4
76.63,1.292,4.82564,4
76.64,1.292,3.84356,4
76.65,1.292,10.3528,4
76.66,1.292,9.32827,4
76.67,1.292,4.6695,4
76.68,1.292,7.57681,4
76.69,1.292,12.9797,4
76.7,1.292,7.85257,4
76.71,1.292,9.5732,4
76.72,1.292,2.31973,4
76.73,1.292,3.70842,4
76.74,1.292,3.38149,4
76.75,1.292,13.5366,4
76.76,1.292,3.36568,4
76.77,1.292,13.1951,4
76.78,1.292,17.3669,4
76.79,1.292,8.98988,4
76.8,1.292,2.49094,4
76.81,1.292,12.2706,4
76.82,1.292,4.53822,4
76.83,1.292,17.8126,4
76.84,1.292,5.94558,4
76.85,1.292,5.69254,4
76.86,1.292,14.0431,4
76.87,1.292,1.77912,4
76.88,1.292,9.15547,4
76.89,1.292,1.14912,4
76.9,1.292,-0.172978,4
76.91,1.292,-3.51852,4
76.92,1.292,14.4215,4
76.93,1.292,4.894,4
76.94,1.292,-3.71594,4
76.95,1.292,0.952995,4
76.96,1.292,0.263146,4
76.97,1.292,-1.01986,4
76.98,1.292,-2.56594,4
76.99,1.292,-0.785524,4
77,1.292,17.8527,4
77.01,1.292,3.57042,4
77.02,1.292,3.67404,4
77.03,1.292,13.3582,4
77.04,1.292,10.802,4
77.05,1.292,6.24831,4
77.06,1.292,8.90555,4
77.07,1.292,7.91584,4
77.08,1.292,5.38543,4
77.09,1.292,4.3723,4
77.1,1.292,-1.10012,4
77.11,1.292,3.66451,4
77.12,1.292,-0.255938,4
77.13,1.292,-0.580157,4
77.14,1.292,-0.904375,4
77.15,1.292,,4
77.16,1.292,,4
77.17,1.292,,4
77.18,1.292,,4
77.19,1.292,,4
77.2,1.292,,4
77.21,1.292,-3.17391,4
77.22,1.292,-3.49813,4
77.23,1.292,-0.609699,4
77.24,1.292,15.7399,4
77.25,1.292,10.3696,4
77.26,1.29411,0.862451,4
77.27,1.29681,4.12186,4
77.28,1.29951,4.60749,4
77.29,1.30221,6.99313,4
77.3,1.30491,7.14066,4
77.31,1.30761,-1.80909,4
77.32,1.31031,5.46258,4
77.33,1.31301,5.27734,4
77.34,1.31571,-5.94753,4
77.35,1.31841,-3.74504,4
77.36,1.31689,-6.3361,4
77.37,1.31419,3.94825,4
77.38,1.31149,-0.869226,4
77.39,1.30879,14.3737,4
77.4,1.30609,14.9693,4
77.41,1.30339,-0.936334,4
77.42,1.30069,-2.3679,4
77.43,1.29799,5.20549,4
77.44,1.29529,-3.77436,4
77.45,1.29259,-3.45102,4
77.46,1.292,-1.46945,3.99219
77.47,1.292,1.10167,3.98219
77.48,1.292,14.6302,3.97219
77.49,1.292,16.8101,3.96219
77.5,1.292,15.484,3.95219
77.51,1.292,13.3354,3.94219
77.52,1.292,8.25762,3.93219
77.53,1.292,1.42585,3.92219
77.54,1.292,7.57856,3.91219
77.55,1.292,12.9742,3.90219
77.56,1.29411,9.85956,3.90781
77.57,1.29681,2.07198,3.91781
77.58,1.29951,8.73803,3.92781
77.59,1.30221,-0.55639,3.93781
77.6,1.30491,-1.15778,3.94781
77.61,1.30761,9.31917,3.95781
77.62,1.31031,0.772762,3.96781
77.63,1.31301,-5.93528,3.97781
77.64,1.31571,-3.78449,3.98781
77.65,1.31841,2.64763,3.99781
77.66,1.31687,-1.66258,4
77.67,1.31414,11.2367,4
77.68,1.31142,7.994,4
77.69,1.30869,2.45997,4
77.7,1.30596,12.2768,4
77.71,1.30323,4.6675,4
77.72,1.30051,7.07842,4
77.73,1.29778,8.29677,4
77.74,1.29505,2.94241,4
77.75,1.29233,13.8073,4
77.76,1.292,11.0844,3.99128
77.77,1.292,4.14514,3.98138
77.78,1.292,-2.04283,3.97148
77.79,1.292,8.85822,3.96158
77.8,1.292,9.44966,3.95168
77.81,1.292,12.8483,3.94178
77.82,1.292,0.18597,3.93187
77.83,1.292,-1.01986,3.92197
77.84,1.292,-1.01986,3.91207
77.85,1.292,,3.90217
77.86,1.29403,,3.90781
77.87,1.29663,,3.91781
77.88,1.29923,,3.92781
77.89,1.30183,,3.93781
77.9,1.30443,,3.94781
77.91,1.30703,,3.95781
77.92,1.30963,-1.01986,3.96781
77.93,1.31223,-1.01986,3.97781
77.94,1.31483,-1.01986,3.98781
77.95,1.31743,1.04126,3.99781
77.96,1.318,-1.55744,4
77.97,1.318,-0.0678055,4
77.98,1.318,1.26767,4
77.99,1.318,-2.04259,4
78,1.318,4.75792,4
78.01,1.318,3.22955,4
78.02,1.318,17.8527,4
78.03,1.318,4.6689,4
78.04,1.318,-0.351375,4
78.05,1.318,2.4719,4
78.06,1.31597,-2.6359,3.99219
78.07,1.31337,1.6956,3.98219
78.08,1.31077,7.7487,3.97219
78.09,1.30817,4.45181,3.96219
78.1,1.30557,4.3723,3.95219
78.11,1.30297,2.4682,3.94219
78.12,1.30037,12.6712,3.93219
78.13,1.29777,-1.01858,3.92219
78.14,1.29517,10.8691,3.91219
78.15,1.29257,-1.78869,3.90219
78.16,1.29403,-4.57565,3.90781
78.17,1.29663,5.52905,3.91781
78.18,1.29923,-5.82452,3.92781
78.19,1.30183,-1.20884,3.93781
78.2,1.30443,6.43915,3.94781
78.21,1.30703,0.847545,3.95781
78.22,1.30963,6.74995,3.96781
78.23,1.31223,2.73472,3.97781
78.24,1.31483,-1.21955,3.98781
78.25,1.31743,-3.23847,3.99781
78.26,1.31597,2.10669,4
78.27,1.31337,-8.07423,4
78.28,1.31077,8.15814,4
78.29,1.30817,-0.384252,4
78.3,1.30557,1.66986,4
78.31,1.30297,-0.689343,4
78.32,1.30037,7.80446,4
78.33,1.29777,-3.08239,4
78.34,1.29517,1.45194,4
78.35,1.29257,8.64611,4
78.36,1.292,10.9525,3.99219
78.37,1.292,5.14018,3.98219
78.38,1.292,13.8562,3.97219
78.39,1.292,3.8336,3.96219
78.4,1.292,8.61396,3.95219
78.41,1.292,2.92238,3.94219
78.42,1.292,7.12122,3.93219
78.43,1.292,16.2806,3.92219
78.44,1.292,7.03495,3.91219
78.45,1.292,1.13228,3.90219
78.46,1.29411,-0.660601,3.9
78.47,1.29681,-4.48809,3.9
78.48,1.29951,1.7856,3.9
78.49,1.30221,7.06838,3.9
78.5,1.30491,5.55723,3.9
78.51,1.30761,-0.420471,3.9
78.52,1.31031,-2.28547,3.9
78.53,1.31301,-2.41962,3.9
78.54,1.31571,9.77883,3.9
78.55,1.31841,-2.49775,3.9
78.56,1.31689,7.06838,3.90781
78.57,1.31419,7.06838,3.91781
78.58,1.31149,7.06838,3.92781
78.59,1.30879,,3.93781
78.6,1.30609,,3.94781
78.61,1.30339,,3.95781
78.62,1.30069,,3.96781
78.63,1.29799,,3.97781
78.64,1.29529,7.06838,3.98781
78.65,1.29259,7.06838,3.99781
78.66,1.292,11.523,3.99219
78.67,1.292,11.7043,3.98219
78.68,1.292,8.30223,3.97219
78.69,1.292,14.6985,3.96219
78.7,1.292,5.29226,3.95219
78.71,1.292,8.66627,3.94219
78.72,1.292,11.53,3.93219
78.73,1.292,9.76446,3.92219
78.74,1.292,9.97595,3.91219
78.75,1.292,11.6836,3.90219
78.76,1.29411,9.76446,3.9
78.77,1.29681,10.3297,3.9
78.78,1.29951,12.4008,3.9
78.79,1.30221,-2.30728,3.9
78.8,1.30491,3.34354,3.9
78.81,1.30761,-6.33472,3.9
78.82,1.31031,-3.20266,3.9
78.83,1.31301,1.61764,3.9
78.84,1.31571,-6.08359,3.9
78.85,1.31841,-3.09404,3.9
78.86,1.31689,6.04758,3.90781
78.87,1.31419,7.06838,3.91781
78.88,1.31149,-2.42056,3.92781
78.89,1.30879,2.50603,3.93781
78.9,1.30609,4.3723,3.94781
78.91,1.30339,-4.50879,3.95781
78.92,1.30069,2.55215,3.96781
78.93,1.29799,-3.27995,3.97781
78.94,1.29529,-5.95954,3.98781
78.95,1.29259,1.35443,3.99781
78.96,1.292,6.28522,3.99219
78.97,1.292,5.84414,3.98219
78.98,1.292,-0.549465,3.97219
78.99,1.292,8.15939,3.96219
79,1.292,-5.21693,3.95219
79.01,1.292,0.184825,3.94219
79.02,1.292,7.40771,3.93219
79.03,1.292,2.86438,3.92219
79.04,1.292,3.68766,3.91219
79.05,1.292,10.5111,3.90219
79.06,1.29411,-1.01986,3.9
79.07,1.29681,4.42292,3.9
79.08,1.29951,3.95506,3.9
79.09,1.30221,6.04308,3.9
79.1,1.30491,-1.51603,3.9
79.11,1.30761,-0.3329,3.9
79.12,1.31031,-0.169046,3.9
79.13,1.31301,2.67161,3.9
79.14,1.31571,1.17611,3.9
79.15,1.31841,4.02675,3.9
79.16,1.31689,3.0325,3.90781
79.17,1.31419,9.54201,3.91781
79.18,1.31149,2.26238,3.92781
79.19,1.30879,1.0572,3.93781
79.2,1.30609,1.71106,3.94781
79.21,1.30339,1.87148,3.95781
79.22,1.30069,2.0319,3.96781
79.23,1.29799,,3.97781
79.24,1.29529,,3.98781
79.25,1.29259,,3.99781
79.26,1.292,,3.99219
79.27,1.292,,3.98219
79.28,1.292,,3.97219
79.29,1.292,3.15482,3.96219
79.3,1.292,3.31524,3.95219
79.31,1.292,3.58636,3.94219
79.32,1.292,12.3732,3.93219
79.33,1.292,3.52836,3.92219
79.34,1.292,14.3847,3.91219
79.35,1.292,7.5717,3.90219
79.36,1.29411,6.23623,3.90781
79.37,1.29681,10.7091,3.91781
79.38,1.29951,4.88802,3.92781
79.39,1.30221,4.3723,3.93781
79.4,1.30491,2.8448,3.94781
79.41,1.30761,8.14573,3.95781
79.42,1.31031,-3.24266,3.96781
79.43,1.31301,-0.66642,3.97781
79.44,1.31571,4.55493,3.98781
79.45,1.31841,3.56036,3.99781
79.46,1.31689,12.8802,4
79.47,1.31419,4.95956,4
79.48,1.31149,11.0689,4
79.49,1.30879,4.23103,4
79.5,1.30609,2.99239,4
79.51,1.30339,16.0911,4
79.52,1.30069,10.5817,4
79.53,1.29799,4.52411,4
79.54,1.29529,2.1478,4
79.55,1.29259,-0.223124,4
79.56,1.292,-1.21722,3.99219
79.57,1.292,5.90244,3.98219
79.58,1.292,20.3647,3.97219
79.59,1.292,0.342864,3.96219
79.6,1.292,8.99109,3.95219
79.61,1.292,-6.41202,3.94219
79.62,1.292,-6.84734,3.93219
79.63,1.292,-4.51186,3.92219
79.64,1.292,6.43763,3.91219
79.65,1.292,9.58361,3.90219
79.66,1.29413,2.91859,3.90789
79.67,1.29686,5.57491,3.91799
79.68,1.29958,8.45806,3.92809
79.69,1.30231,-4.63046,3.93819
79.7,1.30504,1.67622,3.94829
79.71,1.30777,4.80547,3.95839
79.72,1.31049,3.22218,3.96849
79.73,1.31322,10.5311,3.97859
79.74,1.31595,-2.48077,3.98869
79.75,1.31867,5.53048,3.9988
79.76,1.31665,-3.66511,4
79.77,1.31397,-1.1208,4
79.78,1.3113,6.97088,4
79.79,1.30863,-5.12527,4
79.8,1.30595,15.429,4
79.81,1.30328,3.51119,4
79.82,1.30061,-2.69502,4
79.83,1.29793,-2.62211,4
79.84,1.29526,0.929498,4
79.85,1.29259,3.87331,4
79.86,1.292,8.90353,3.99219
79.87,1.292,0.863738,3.98219
79.88,1.292,-2.75542,3.97219
79.89,1.292,-1.43797,3.96219
79.9,1.292,-0.123,3.95219
79.91,1.292,,3.94219
79.92,1.292,,3.93219
79.93,1.292,,3.92219
79.94,1.292,,3.91219
79.95,1.292,,3.90219
79.96,1.29411,,3.9
79.97,1.29681,,3.9
79.98,1.29951,,3.9
79.99,1.30221,,3.9
80,1.30491,,3.9
80.01,1.30761,,3.9
80.02,1.31031,15.6567,3.9
80.03,1.31301,16.9716,3.9
80.04,1.31571,14.918,3.9
80.05,1.31841,10.3751,3.9
80.06,1.31689,10.179,3.90781
80.07,1.31419,-0.345853,3.91781
80.08,1.31149,3.94836,3.92781
80.09,1.30879,8.03946,3.93781
80.1,1.30609,1.10301,3.94781
80.11,1.30339,4.60187,3.95781
80.12,1.30069,4.48556,3.96781
80.13,1.29799,-2.38234,3.97781
80.14,1.29529,9.09033,3.98781
80.15,1.29259,10.2941,3.99781
80.16,1.292,2.24661,3.99219
80.17,1.292,-0.781935,3.98219
80.18,1.292,4.46965,3.97219
80.19,1.292,6.93421,3.96219
80.2,1.292,-1.05342,3.95219
80.21,1.292,8.60228,3.94219
80.22,1.292,7.11031,3.93219
80.23,1.292,4.70273,3.92219
80.24,1.292,1.58942,3.91219
80.25,1.292,8.79134,3.90219
80.26,1.29411,9.76446,3.9
80.27,1.29681,5.99217,3.9
80.28,1.29951,-1.35832,3.9
80.29,1.30221,-1.01986,3.9
80.3,1.30491,-2.66612,3.9
80.31,1.30761,13.5683,3.9
80.32,1.31031,13.0084,3.9
80.33,1.31301,-0.17574,3.9
80.34,1.31571,5.11308,3.9
80.35,1.31841,10.4984,3.9
80.36,1.31689,17.1292,3.90781
80.37,1.31419,3.23119,3.91781
80.38,1.31149,-3.71594,3.92781
80.39,1.30879,-1.96519,3.93781
80.4,1.30609,7.19229,3.94781
80.41,1.30339,17.4599,3.95781
80.42,1.30069,1.26963,3.96781
80.43,1.29799,-3.32594,3.97781
80.44,1.29529,-3.47643,3.98781
80.45,1.29259,-6.41202,3.99781
80.46,1.292,-5.73461,3.99219
80.47,1.292,4.82896,3.98219
80.48,1.292,1.13491,3.97219
80.49,1.292,-1.01986,3.96219
80.5,1.292,16.8517,3.95219
80.51,1.292,-4.98526,3.94219
80.52,1.292,5.17664,3.93219
80.53,1.292,4.8413,3.92219
80.54,1.292,9.41164,3.91219
80.55,1.292,9.13659,3.90219
80.56,1.29411,8.4562,3.9
80.57,1.29681,,3.9
80.58,1.29951,,3.9
80.59,1.30221,,3.9
80.6,1.30491,,3.9
80.61,1.30761,,3.9
80.62,1.31031,,3.9
80.63,1.31301,,3.9
80.64,1.31571,3.01306,3.9
80.65,1.31841,2.33267,3.9
80.66,1.31689,1.70649,3.90781
80.67,1.31419,2.5669,3.91781
80.68,1.31149,1.68608,3.92781
80.69,1.30879,10.7029,3.93781
80.7,1.30609,1.0173,3.94781
80.71,1.30339,7.28814,3.95781
80.72,1.30069,6.12193,3.96781
80.73,1.29799,-1.36634,3.97781
80.74,1.29529,-1.32088,3.98781
80.75,1.29259,2.16742,3.99781
80.76,1.292,4.08619,3.99219
80.77,1.292,12.4425,3.98219
80.78,1.292,0.0248077,3.97219
80.79,1.292,6.22508,3.96219
80.8,1.292,13.6974,3.95219
80.81,1.292,14.9653,3.94219
80.82,1.292,4.4662,3.93219
80.83,1.292,2.48492,3.92219
80.84,1.292,7.85867,3.91219
80.85,1.292,19.3912,3.90219
80.86,1.292,10.3435,3.9
80.87,1.292,0.885115,3.9
80.88,1.292,3.57539,3.9
80.89,1.292,2.30578,3.9
80.9,1.292,-2.41263,3.9
80.91,1.292,11.1691,3.9
80.92,1.292,15.5815,3.9
80.93,1.292,2.43216,3.9
80.94,1.292,-1.90917,3.9
80.95,1.292,2.60434,3.9
80.96,1.292,-4.94176,3.90781
80.97,1.292,-4.08331,3.91781
80.98,1.292,10.8658,3.92781
80.99,1.292,1.47331,3.93781
81,1.292,1.54009,3.94781
81.01,1.292,-3.6083,3.95781
81.02,1.292,-6.06621,3.96781
81.03,1.292,14.5213,3.97781
81.04,1.292,2.18251,3.98781
81.05,1.292,11.1873,3.99781
81.06,1.292,-5.62261,3.99211
81.07,1.292,-1.3087,3.98201
81.08,1.292,-3.32747,3.97191
81.09,1.292,1.19359,3.96181
81.1,1.292,4.66432,3.95171
81.11,1.292,7.38696,3.94161
81.12,1.292,7.89887,3.93151
81.13,1.292,-4.17672,3.92141
81.14,1.292,-3.71594,3.91131
81.15,1.292,6.17982,3.9012
81.16,1.29438,-7.02228,3.9
81.17,1.29708,-4.58651,3.9
81.18,1.29978,-1.01986,3.9
81.19,1.30248,-2.20593,3.9
81.2,1.30518,-2.52379,3.9
81.21,1.30788,12.8084,3.9
81.22,1.31058,-3.75045,3.9
81.23,1.31328,-3.86245,3.9
81.24,1.31598,-3.97444,3.9
81.25,1.31868,,3.9
81.26,1.31665,,3.90872
81.27,1.31397,,3.91862
81.28,1.3113,,3.92852
81.29,1.30863,,3.93842
81.3,1.30595,,3.94832
81.31,1.30328,,3.95822
81.32,1.30061,-4.87041,3.96813
81.33,1.29793,-4.98241,3.97803
81.34,1.29526,0.396437,3.98793
81.35,1.29259,4.21384,3.99783
81.36,1.292,0.331407,3.99219
81.37,1.292,9.76446,3.98219
81.38,1.292,2.83376,3.97219
81.39,1.292,-1.18863,3.96219
81.4,1.292,-0.104724,3.95219
81.41,1.292,0.284636,3.94219
81.42,1.292,-1.9057,3.93219
81.43,1.292,-3.53423,3.92219
81.44,1.292,-1.22846,3.91219
81.45,1.292,5.99207,3.90219
81.46,1.29411,1.96051,3.9
81.47,1.29681,16.8597,3.9
81.48,1.29951,18.2953,3.9
81.49,1.30221,-0.766021,3.9
81.5,1.30491,-4.33035,3.9
81.51,1.30761,-6.00141,3.9
81.52,1.31031,-2.02246,3.9
81.53,1.31301,-5.41026,3.9
81.54,1.31571,2.33634,3.9
81.55,1.31841,4.3723,3.9
81.56,1.31689,7.58371,3.90781
81.57,1.31419,14.37,3.91781
81.58,1.31149,10.0959,3.92781
81.59,1.30879,4.52593,3.93781
81.6,1.30609,4.34248,3.94781
81.61,1.30339,13.6946,3.95781
81.62,1.30069,10.3195,3.96781
81.63,1.29799,4.92902,3.97781
81.64,1.29529,-4.07667,3.98781
81.65,1.29259,0.163945,3.99781
81.66,1.292,16.8141,3.99219
81.67,1.292,7.73327,3.98219
81.68,1.292,-3.37133,3.97219
81.69,1.292,-2.02705,3.96219
81.7,1.292,-2.1018,3.95219
81.71,1.292,-3.02263,3.94219
81.72,1.292,15.1566,3.93219
81.73,1.292,5.86048,3.92219
81.74,1.292,15.0554,3.91219
81.75,1.292,-5.51487,3.90219
81.76,1.292,4.90513,3.9
81.77,1.292,10.3971,3.9
81.78,1.292,7.06838,3.9
81.79,1.292,14.9574,3.9
81.8,1.292,3.49956,3.9
81.81,1.292,-3.06559,3.9
81.82,1.292,-0.722854,3.9
81.83,1.292,-1.67735,3.9
81.84,1.292,5.28962,3.9
81.85,1.292,13.1559,3.9
81.86,1.292,7.29195,3.90781
81.87,1.292,-1.31103,3.91781
81.88,1.292,9.15161,3.92781
81.89,1.292,17.3366,3.93781
81.9,1.292,10.7509,3.94781
81.91,1.292,6.36339,3.95781
81.92,1.292,10.5709,3.96781
81.93,1.292,-2.99044,3.97781
81.94,1.292,9.94065,3.98781
81.95,1.292,10.389,3.99781
81.96,1.292,10.8374,3.99219
81.97,1.292,,3.98219
81.98,1.292,,3.97219
81.99,1.292,,3.96219
82,1.292,,3.95219
82.01,1.292,,3.94219
82.02,1.292,,3.93219
82.03,1.292,,3.92219
82.04,1.292,14.4246,3.91219
82.05,1.292,14.873,3.90219
82.06,1.292,8.58144,3.9
82.07,1.292,-1.73358,3.9
82.08,1.292,-0.537431,3.9
82.09,1.292,-1.40939,3.9
82.1,1.292,5.57125,3.9
82.11,1.292,3.84851,3.9
82.12,1.292,7.64275,3.9
82.13,1.292,0.576554,3.9
82.14,1.292,12.2122,3.9
82.15,1.292,5.51642,3.9
82.16,1.29403,-0.499831,3.90781
82.17,1.29663,6.59423,3.91781
82.18,1.29923,-1.4546,3.92781
82.19,1.30183,5.94812,3.93781
82.2,1.30443,-2.49945,3.94781
82.21,1.30703,3.65005,3.95781
82.22,1.30963,8.672,3.96781
82.23,1.31223,15.9921,3.97781
82.24,1.31483,-1.50302,3.98781
82.25,1.31743,-5.99573,3.99781
82.26,1.31597,-5.28986,3.99219
82.27,1.31337,-2.98892,3.98219
82.28,1.31077,2.67236,3.97219
82.29,1.30817,1.43915,3.96219
82.3,1.30557,17.7805,3.95219
82.31,1.30297,6.97439,3.94219
82.32,1.30037,9.48702,3.93219
82.33,1.29777,2.80687,3.92219
82.34,1.29517,6.47952,3.91219
82.35,1.29257,7.6703,3.90219
82.36,1.29411,9.08571,3.9
82.37,1.29681,4.56875,3.9
82.38,1.29951,2.38698,3.9
82.39,1.30221,3.44775,3.9
82.4,1.30491,-5.9896,3.9
82.41,1.30761,-0.615394,3.9
82.42,1.31031,6.54243,3.9
82.43,1.31301,6.24266,3.9
82.44,1.31571,6.17784,3.9
82.45,1.31841,1.79184,3.9
82.46,1.31689,1.95386,3.90781
82.47,1.31419,-1.93117,3.91781
82.48,1.31149,2.10554,3.92781
82.49,1.30879,-3.10077,3.93781
82.5,1.30609,9.10475,3.94781
82.51,1.30339,-5.01033,3.95781
82.52,1.30069,5.61948,3.96781
82.53,1.29799,-3.05227,3.97781
82.54,1.29529,4.09606,3.98781
82.55,1.29259,5.57231,3.99781
82.56,1.292,5.89879,3.99219
82.57,1.292,6.10124,3.98219
82.58,1.292,,3.97219
82.59,1.292,,3.96219
82.6,1.292,,3.95219
82.61,1.292,,3.94219
82.62,1.292,,3.93219
82.63,1.292,,3.92219
82.64,1.292,7.51844,3.91219
82.65,1.292,7.7209,3.90219
82.66,1.292,7.92336,3.9
82.67,1.292,2.58347,3.9
82.68,1.292,-7.25385,3.9
82.69,1.292,-2.16077,3.9
82.7,1.292,3.77218,3.9
82.71,1.292,2.82014,3.9
82.72,1.292,-4.26823,3.9
82.73,1.292,2.44521,3.9
82.74,1.292,-1.16657,3.9
82.75,1.292,0.209544,3.9
82.76,1.292,5.66165,3.90872
82.77,1.292,6.07956,3.91862
82.78,1.292,12.6846,3.92852
82.79,1.292,15.1566,3.93842
82.8,1.292,3.90583,3.94832
82.81,1.292,-1.01986,3.95822
82.82,1.292,-1.92163,3.96813
82.83,1.292,0.315067,3.97803
82.84,1.292,12.52,3.98793
82.85,1.292,11.1597,3.99783
82.86,1.292,2.79139,3.99211
82.87,1.292,3.06814,3.98201
82.88,1.292,-4.62757,3.97191
82.89,1.292,0.328177,3.96181
82.9,1.292,-2.5833,3.95171
82.91,1.292,6.79834,3.94161
82.92,1.292,5.8561,3.93151
82.93,1.292,2.17331,3.92141
82.94,1.292,-2.82423,3.91131
82.95,1.292,4.76624,3.9012
82.96,1.29435,8.6996,3.9
82.97,1.29703,7.54181,3.9
82.98,1.2997,5.19476,3.9
82.99,1.30237,-2.04805,3.9
83,1.30505,-4.68262,3.9
83.01,1.30772,4.3723,3.9
83.02,1.31039,6.66798,3.9
83.03,1.31307,13.2744,3.9
83.04,1.31574,9.59543,3.9
83.05,1.31841,-1.01986,3.9
83.06,1.31689,-1.01986,3.90781
83.07,1.31419,-5.85789,3.91781
83.08,1.31149,-4.17909,3.92781
83.09,1.30879,0.592609,3.93781
83.1,1.30609,1.43819,3.94781
83.11,1.30339,-3.99907,3.95781
83.12,1.30069,9.50668,3.96781
83.13,1.29799,3.54789,3.97781
83.14,1.29529,8.27448,3.98781
83.15,1.29259,16.6306,3.99781
83.16,1.292,-2.48873,3.99219
83.17,1.292,3.30364,3.98219
83.18,1.292,1.55206,3.97219
83.19,1.292,4.16266,3.96219
83.2,1.292,12.5415,3.95219
83.21,1.292,14.1997,3.94219
83.22,1.292,12.841,3.93219
83.23,1.292,,3.92219
83.24,1.292,,3.91219
83.25,1.292,,3.90219
83.26,1.29411,,3.9
83.27,1.29681,,3.9
83.28,1.29951,,3.9
83.29,1.30221,,3.9
83.3,1.30491,1.97188,3.9
83.31,1.30761,0.613235,3.9
83.32,1.31031,-0.745409,3.9
83.33,1.31301,-2.78939,3.9
83.34,1.31571,-0.0733281,3.9
83.35,1.31841,1.04016,3.9
83.36,1.31689,-0.504274,3.90781
83.37,1.31419,-0.433317,3.91781
83.38,1.31149,4.48536,3.92781
83.39,1.30879,7.86717,3.93781
83.4,1.30609,4.15456,3.94781
83.41,1.30339,13.4212,3.95781
83.42,1.30069,17.2206,3.96781
83.43,1.29799,9.92807,3.97781
83.44,1.29529,8.94057,3.98781
83.45,1.29259,-0.561154,3.99781
83.46,1.292,-3.0939,3.99219
83.47,1.292,7.09465,3.98219
83.48,1.292,12.6812,3.97219
83.49,1.292,-5.57821,3.96219
83.5,1.292,-3.71594,3.95219
83.51,1.292,0.207618,3.94219
83.52,1.292,13.4632,3.93219
83.53,1.292,8.06659,3.92219
83.54,1.292,-3.60956,3.91219
83.55,1.292,1.19267,3.90219
83.56,1.29411,-1.64856,3.9
83.57,1.29681,4.913,3.9
83.58,1.29951,-1.94384,3.9
83.59,1.30221,13.3562,3.9
83.6,1.30491,-0.91311,3.9
83.61,1.30761,9.14632,3.9
83.62,1.31031,-2.48608,3.9
83.63,1.31301,-1.39114,3.9
83.64,1.31571,5.87415,3.9
83.65,1.31841,7.06838,3.9
83.66,1.31689,7.06838,3.9
83.67,1.31419,-3.71594,3.9
83.68,1.31149,4.78197,3.9
83.69,1.30879,14.9083,3.9
83.7,1.30609,-3.63451,3.9
83.71,1.30339,9.41015,3.9
83.72,1.30069,11.0514,3.9
83.73,1.29799,9.92918,3.9
83.74,1.29529,9.76446,3.9
83.75,1.29259,-0.627631,3.9
83.76,1.292,2.93908,3.9
83.77,1.292,6.48157,3.9
83.78,1.292,9.15165,3.9
83.79,1.292,-2.67199,3.9
83.8,1.292,15.0523,3.9
83.81,1.292,9.93778,3.9
83.82,1.292,2.53704,3.9
83.83,1.292,12.3834,3.9
83.84,1.292,5.3141,3.9
83.85,1.292,-0.00345799,3.9
83.86,1.292,-2.10001,3.9
83.87,1.292,0.781252,3.9
83.88,1.292,4.88222,3.9
83.89,1.292,0.900812,3.9
83.9,1.292,10.3903,3.9
83.91,1.292,3.58526,3.9
83.92,1.292,0.0328756,3.9
83.93,1.292,8.32615,3.9
83.94,1.292,8.01705,3.9
83.95,1.292,7.70795,3.9
83.96,1.292,,3.9
83.97,1.292,,3.9
83.98,1.292,,3.9
83.99,1.292,,3.9
84,1.292,,3.9
84.01,1.292,,3.9
84.02,1.292,,3.9
84.03,1.292,,3.9
84.04,1.292,4.92601,3.9
84.05,1.292,4.61691,3.9
84.06,1.292,6.99779,3.9
84.07,1.292,5.8473,3.9
84.08,1.292,8.44999,3.9
84.09,1.292,-2.36812,3.9
84.1,1.292,8.18355,3.9
84.11,1.292,3.56259,3.9
84.12,1.292,10.1086,3.9
84.13,1.292,17.8527,3.9
84.14,1.292,17.7753,3.9
84.15,1.292,4.48202,3.9
84.16,1.292,-5.9915,3.9
84.17,1.292,-3.5406,3.9
84.18,1.292,6.59658,3.9
84.19,1.292,6.23777,3.9
84.2,1.292,-1.81097,3.9
84.21,1.292,-4.81398,3.9
84.22,1.292,-4.82117,3.9
84.23,1.292,3.23114,3.9
84.24,1.292,1.60899,3.9
84.25,1.292,3.79292,3.9
84.26,1.292,0.869093,3.90781
84.27,1.292,4.80565,3.91781
84.28,1.292,-2.25642,3.92781
84.29,1.292,5.5037,3.93781
84.3,1.292,10.98,3.94781
84.31,1.292,-3.71594,3.95781
84.32,1.292,-0.675517,3.96781
84.33,1.292,5.15292,3.97781
84.34,1.292,10.4139,3.98781
84.35,1.292,0.19864,3.99781
84.36,1.292,-3.22203,3.99219
84.37,1.292,-0.529706,3.98219
84.38,1.292,0.731514,3.97219
84.39,1.292,9.25599,3.96219
84.4,1.292,4.72744,3.95219
84.41,1.292,-2.86411,3.94219
84.42,1.292,-1.70491,3.93219
84.43,1.292,-3.30162,3.92219
84.44,1.292,11.7696,3.91219
84.45,1.292,4.45988,3.90219
84.46,1.292,16.5454,3.9
84.47,1.292,17.8527,3.9
84.48,1.292,14.3819,3.9
84.49,1.292,-5.00095,3.9
84.5,1.292,-2.03254,3.9
84.51,1.292,-5.74284,3.9
84.52,1.292,8.20697,3.9
84.53,1.292,-5.90816,3.9
84.54,1.292,7.4724,3.9
84.55,1.292,-3.59656,3.9
84.56,1.292,-0.743189,3.9
84.57,1.292,1.18835,3.9
84.58,1.292,11.5953,3.9
84.59,1.292,9.79887,3.9
84.6,1.292,7.06838,3.9
84.61,1.292,2.06754,3.9
84.62,1.292,8.83664,3.9
84.63,1.292,10.1372,3.9
84.64,1.292,7.59703,3.9
84.65,1.292,7.12651,3.9
84.66,1.292,7.23008,3.9
84.67,1.292,,3.9
84.68,1.292,,3.9
84.69,1.292,,3.9
84.7,1.292,,3.9
84.71,1.292,,3.9
84.72,1.292,,3.9
84.73,1.292,,3.9
84.74,1.292,,3.9
84.75,1.292,8.16223,3.9
84.76,1.292,8.2658,3.9
84.77,1.292,8.36937,3.9
84.78,1.292,3.34646,3.9
84.79,1.292,-0.582736,3.9
84.8,1.292,-2.18896,3.9
84.81,1.292,-2.93886,3.9
84.82,1.292,6.6342,3.9
84.83,1.292,10.132,3.9
84.84,1.292,3.42407,3.9
84.85,1.292,-1.12328,3.9
84.86,1.292,-2.7835,3.9
84.87,1.292,0.416241,3.9
84.88,1.292,0.974173,3.9
84.89,1.292,-2.12887,3.9
84.9,1.292,-0.0354617,3.9
84.91,1.292,-3.71594,3.9
84.92,1.292,6.19112,3.9
84.93,1.292,-1.01986,3.9
84.94,1.292,-4.82229,3.9
84.95,1.292,7.06838,3.9
84.96,1.292,5.89804,3.9
84.97,1.292,-3.64361,3.9
84.98,1.292,2.95331,3.9
84.99,1.292,1.49261,3.9
85,1.292,-3.41875,3.9
85.01,1.292,11.9456,3.9
85.02,1.292,2.4535,3.9
85.03,1.292,10.782,3.9
85.04,1.292,5.46922,3.9
85.05,1.292,7.28263,3.9
85.06,1.292,2.82796,3.9
85.07,1.292,-0.390284,3.9
85.08,1.292,3.18127,3.9
85.09,1.292,7.42659,3.9
85.1,1.292,2.17531,3.9
85.11,1.292,1.14259,3.9
85.12,1.292,3.77643,3.9
85.13,1.292,1.52789,3.9
85.14,1.292,5.96026,3.9
85.15,1.292,4.91675,3.9
85.16,1.292,-2.3679,3.90781
85.17,1.292,6.94264,3.91781
85.18,1.292,9.98478,3.92781
85.19,1.292,5.78181,3.93781
85.2,1.292,3.63186,3.94781
85.21,1.292,0.9948,3.95781
85.22,1.292,5.69299,3.96781
85.23,1.292,3.02372,3.97781
85.24,1.292,2.34445,3.98781
85.25,1.292,3.54976,3.99781
85.26,1.292,5.1806,3.99219
85.27,1.292,3.33385,3.98219
85.28,1.292,-3.45604,3.97219
85.29,1.292,-2.28177,3.96219
85.3,1.292,4.45143,3.95219
85.31,1.292,4.966,3.94219
85.32,1.292,-5.25987,3.93219
85.33,1.292,9.58099,3.92219
85.34,1.292,8.994,3.91219
85.35,1.292,8.40701,3.90219
85.36,1.292,,3.9
85.37,1.292,,3.9
85.38,1.292,,3.9
85.39,1.292,,3.9
85.4,1.292,,3.9
85.41,1.292,,3.9
85.42,1.292,,3.9
85.43,1.292,,3.9
85.44,1.292,,3.9
85.45,1.292,,3.9
85.46,1.292,,3.90781
85.47,1.292,1.36309,3.91781
85.48,1.292,0.776102,3.92781
85.49,1.292,4.46964,3.93781
85.5,1.292,14.4455,3.94781
85.51,1.292,1.96795,3.95781
85.52,1.292,-0.652232,3.96781
85.53,1.292,2.63909,3.97781
85.54,1.292,2.71508,3.98781
85.55,1.292,2.02989,3.99781
85.56,1.292,10.259,3.99219
85.57,1.292,0.895556,3.98219
85.58,1.292,4.16467,3.97219
85.59,1.292,-4.34417,3.96219
85.6,1.292,-5.11501,3.95219
85.61,1.292,4.4809,3.94219
85.62,1.292,5.97504,3.93219
85.63,1.292,13.4288,3.92219
85.64,1.292,3.20211,3.91219
85.65,1.292,-1.34776,3.90219
85.66,1.292,8.80913,3.9
85.67,1.292,1.24699,3.9
85.68,1.292,9.39855,3.9
85.69,1.292,11.4323,3.9
85.7,1.292,11.4389,3.9
85.71,1.292,6.03087,3.9
85.72,1.292,-2.47502,3.9
85.73,1.292,12.7538,3.9
85.74,1.292,-3.42028,3.9
85.75,1.292,10.5934,3.9
85.76,1.292,3.52801,3.90781
85.77,1.292,-3.10386,3.91781
85.78,1.292,-1.04873,3.92781
85.79,1.292,2.06451,3.93781
85.8,1.292,11.7402,3.94781
85.81,1.292,8.94212,3.95781
85.82,1.292,-3.34091,3.96781
85.83,1.292,-1.93591,3.97781
85.84,1.292,0.136408,3.98781
85.85,1.292,-1.39659,3.99781
85.86,1.292,-4.16298,3.99219
85.87,1.292,6.81015,3.98219
85.88,1.292,2.20228,3.97219
85.89,1.292,1.37121,3.96219
85.9,1.292,-3.20496,3.95219
85.91,1.292,-0.347643,3.94219
85.92,1.292,5.5915,3.93219
85.93,1.292,0.312736,3.92219
85.94,1.292,4.1287,3.91219
85.95,1.292,0.253667,3.90219
85.96,1.29411,-0.145384,3.9
85.97,1.29681,-3.71594,3.9
85.98,1.29951,12.4605,3.9
85.99,1.30221,6.86729,3.9
86,1.30491,1.67622,3.9
86.01,1.30761,5.84515,3.9
86.02,1.31031,1.77263,3.9
86.03,1.31301,7.06838,3.9
86.04,1.31571,11.3575,3.9
86.05,1.31841,9.59943,3.9
86.06,1.31689,5.50327,3.9
86.07,1.31419,7.03566,3.9
86.08,1.31149,6.96698,3.9
86.09,1.30879,6.8983,3.9
86.1,1.30609,,3.9
86.11,1.30339,,3.9
86.12,1.30069,,3.9
86.13,1.29799,,3.9
86.14,1.29529,,3.9
86.15,1.29259,,3.9
86.16,1.292,,3.9
86.17,1.292,,3.9
86.18,1.292,6.2802,3.9
86.19,1.292,6.21152,3.9
86.2,1.292,7.90283,3.9
86.21,1.292,10.1659,3.9
86.22,1.292,9.93612,3.9
86.23,1.292,13.4339,3.9
86.24,1.292,8.25939,3.9
86.25,1.292,4.64368,3.9
86.26,1.29435,6.46088,3.9
86.27,1.29703,5.23136,3.9
86.28,1.2997,6.74772,3.9
86.29,1.30237,-3.25753,3.9
86.3,1.30505,4.4328,3.9
86.31,1.30772,-2.31295,3.9
86.32,1.31039,5.07624,3.9
86.33,1.31307,-3.71594,3.9
86.34,1.31574,-3.71594,3.9
86.35,1.31841,6.14269,3.9
86.36,1.31689,-5.9511,3.9
86.37,1.31419,-7.72398,3.9
86.38,1.31149,-4.10783,3.9
86.39,1.30879,16.2647,3.9
86.4,1.30609,15.8228,3.9
86.41,1.30339,6.53721,3.9
86.42,1.30069,6.75744,3.9
86.43,1.29799,6.11546,3.9
86.44,1.29529,13.4981,3.9
86.45,1.29259,17.3464,3.9
86.46,1.292,9.16097,3.9
86.47,1.292,-3.99651,3.9
86.48,1.292,-0.765494,3.9
86.49,1.292,8.60001,3.9
86.5,1.292,7.12068,3.9
86.51,1.292,14.657,3.9
86.52,1.292,-3.71594,3.9
86.53,1.292,-2.07815,3.9
86.54,1.292,2.75887,3.9
86.55,1.292,5.01253,3.9
86.56,1.29411,10.0698,3.9
86.57,1.29681,15.1566,3.9
86.58,1.29951,10.6653,3.9
86.59,1.30221,5.72034,3.9
86.6,1.30491,1.15526,3.9
86.61,1.30761,-0.706148,3.9
86.62,1.31031,8.1972,3.9
86.63,1.31301,-2.54071,3.9
86.64,1.31571,16.003,3.9
86.65,1.31841,10.6419,3.9
86.66,1.31689,17.955,3.9
86.67,1.31419,-8.15193,3.9
86.68,1.31149,-4.09769,3.9
86.69,1.30879,5.3983,3.9
86.7,1.30609,8.72543,3.9
86.71,1.30339,-6.71214,3.9
86.72,1.30069,1.5064,3.9
86.73,1.29799,9.0334,3.9
86.74,1.29529,17.0712,3.9
86.75,1.29259,1.3141,3.9
86.76,1.292,1.03241,3.9
86.77,1.292,-3.6572,3.9
86.78,1.292,-3.26315,3.9
86.79,1.292,-2.86911,3.9
86.8,1.292,,3.9
86.81,1.292,,3.9
86.82,1.292,,3.9
86.83,1.292,,3.9
86.84,1.292,,3.9
86.85,1.292,-0.504835,3.9
86.86,1.292,-0.110789,3.9
86.87,1.292,0.283256,3.9
86.88,1.292,5.09688,3.9
86.89,1.292,14.0624,3.9
86.9,1.292,15.3831,3.9
86.91,1.292,0.178874,3.9
86.92,1.292,2.56383,3.9
86.93,1.292,13.805,3.9
86.94,1.292,15.8354,3.9
86.95,1.292,0.986071,3.9
86.96,1.292,0.950652,3.90781
86.97,1.292,-0.196451,3.91781
86.98,1.292,9.84983,3.92781
86.99,1.292,17.8527,3.93781
87,1.292,16.3872,3.94781
87.01,1.292,10.2837,3.95781
87.02,1.292,7.13202,3.96781
87.03,1.292,5.66174,3.97781
87.04,1.292,7.17101,3.98781
87.05,1.292,3.48789,3.99781
87.06,1.292,-2.1161,3.99219
87.07,1.292,4.55335,3.98219
87.08,1.292,2.05592,3.97219
87.09,1.292,3.16124,3.96219
87.1,1.292,3.04448,3.95219
87.11,1.292,1.85984,3.94219
87.12,1.292,7.26651,3.93219
87.13,1.292,7.27968,3.92219
87.14,1.292,0.725595,3.91219
87.15,1.292,-4.39359,3.90219
87.16,1.292,2.6697,3.9
87.17,1.292,10.8386,3.9
87.18,1.292,4.15949,3.9
87.19,1.292,4.81355,3.9
87.2,1.292,1.80807,3.9
87.21,1.292,9.53331,3.9
87.22,1.292,-2.31271,3.9
87.23,1.292,4.11463,3.9
87.24,1.292,9.37238,3.9
87.25,1.292,7.84766,3.9
87.26,1.292,-4.72897,3.9
87.27,1.292,5.82607,3.9
87.28,1.292,7.62773,3.9
87.29,1.292,11.2634,3.9
87.3,1.292,7.48245,3.9
87.31,1.292,9.71413,3.9
87.32,1.292,8.32836,3.9
87.33,1.292,6.04347,3.9
87.34,1.292,-2.5155,3.9
87.35,1.292,-0.77552,3.9
87.36,1.292,-0.500056,3.9
87.37,1.292,,3.9
87.38,1.292,,3.9
87.39,1.292,,3.9
87.4,1.292,,3.9
87.41,1.292,,3.9
87.42,1.292,1.15273,3.9
87.43,1.292,1.42819,3.9
87.44,1.292,2.20593,3.9
87.45,1.292,6.07838,3.9
87.46,1.292,-4.6957,3.9
87.47,1.292,5.33028,3.9
87.48,1.292,7.00067,3.9
87.49,1.292,-1.80782,3.9
87.5,1.292,0.166984,3.9
87.51,1.292,4.81354,3.9
87.52,1.292,5.6688,3.9
87.53,1.292,16.2436,3.9
87.54,1.292,8.57085,3.9
87.55,1.292,8.04783,3.9
87.56,1.292,8.41642,3.9
87.57,1.292,0.841201,3.9
87.58,1.292,-1.93644,3.9
87.59,1.292,9.76777,3.9
87.6,1.292,6.53951,3.9
87.61,1.292,16.3399,3.9
87.62,1.292,10.7022,3.9
87.63,1.292,12.8987,3.9
87.64,1.292,-1.61375,3.9
87.65,1.292,-5.7659,3.9
87.66,1.292,-2.09903,3.9
87.67,1.292,-2.82285,3.9
87.68,1.292,-7.00265,3.9
87.69,1.292,4.6496,3.9
87.7,1.292,1.15492,3.9
87.71,1.292,-2.82733,3.9
87.72,1.292,11.5109,3.9
87.73,1.292,6.67235,3.9
87.74,1.292,-0.197396,3.9
87.75,1.292,6.95929,3.9
87.76,1.292,17.0731,3.9
87.77,1.292,-1.7612,3.9
87.78,1.292,4.38886,3.9
87.79,1.292,7.87432,3.9
87.8,1.292,1.99324,3.9
87.81,1.292,8.84459,3.9
87.82,1.292,5.21161,3.9
87.83,1.292,4.88492,3.9
87.84,1.292,4.3723,3.9
87.85,1.292,0.267946,3.9
87.86,1.292,3.33245,3.9
87.87,1.292,-1.01158,3.9
87.88,1.292,-1.38674,3.9
87.89,1.292,10.7791,3.9
87.9,1.292,14.5334,3.9
87.91,1.292,0.578406,3.9
87.92,1.292,12.3297,3.9
87.93,1.292,11.6767,3.9
87.94,1.292,8.50699,3.9
87.95,1.292,16.2471,3.9
87.96,1.292,-2.43721,3.9
87.97,1.292,-3.71594,3.9
87.98,1.292,13.7979,3.9
87.99,1.292,-2.7955,3.9
88,1.292,9.76446,3.9
88.01,1.292,12.9407,3.9
88.02,1.292,11.4681,3.9
88.03,1.292,1.19453,3.9
88.04,1.292,1.65875,3.9
88.05,1.292,1.59864,3.9
88.06,1.292,1.53853,3.9
88.07,1.292,,3.9
88.08,1.292,,3.9
88.09,1.292,,3.9
88.1,1.292,,3.9
88.11,1.292,,3.9
88.12,1.292,,3.9
88.13,1.292,,3.9
88.14,1.292,,3.9
88.15,1.292,,3.9
88.16,1.292,,3.9
88.17,1.292,0.877351,3.9
88.18,1.292,0.817243,3.9
88.19,1.292,-0.542119,3.9
88.2,1.292,0.649659,3.9
88.21,1.292,5.38558,3.9
88.22,1.292,8.74021,3.9
88.23,1.292,-3.10914,3.9
88.24,1.292,0.90507,3.9
88.25,1.292,1.20664,3.9
88.26,1.292,-2.8126,3.9
88.27,1.292,0.589698,3.9
88.28,1.292,-6.17836,3.9
88.29,1.292,5.9821,3.9
88.3,1.292,-2.09567,3.9
88.31,1.292,-3.40297,3.9
88.32,1.292,4.74017,3.9
88.33,1.292,16.8118,3.9
88.34,1.292,0.661805,3.9
88.35,1.292,-3.71594,3.9
88.36,1.292,0.0885985,3.9
88.37,1.292,0.68493,3.9
88.38,1.292,-0.563107,3.9
88.39,1.292,-4.32369,3.9
88.4,1.292,4.54753,3.9
88.41,1.292,-3.12193,3.9
88.42,1.292,-3.16893,3.9
88.43,1.292,-4.1663,3.9
88.44,1.292,-5.04967,3.9
88.45,1.292,-4.96772,3.9
88.46,1.292,3.84857,3.9
88.47,1.292,-2.80987,3.9
88.48,1.292,0.0697297,3.9
88.49,1.292,5.45754,3.9
88.5,1.292,0.48233,3.9
88.51,1.292,2.37814,3.9
88.52,1.292,11.8049,3.9
88.53,1.292,7.70659,3.9
88.54,1.292,8.86067,3.9
88.55,1.292,11.9128,3.9
88.56,1.292,1.93488,3.9
88.57,1.292,2.60947,3.9
88.58,1.292,10.7173,3.9
88.59,1.292,4.52787,3.9
88.6,1.292,-1.85135,3.9
88.61,1.292,-2.67624,3.9
88.62,1.292,0.954242,3.9
88.63,1.292,4.3723,3.9
88.64,1.292,4.3723,3.9
88.65,1.292,9.61793,3.9
88.66,1.292,-2.65655,3.9
88.67,1.292,6.99125,3.9
88.68,1.292,-3.59572,3.9
88.69,1.292,-2.25631,3.9
88.7,1.292,-0.916901,3.9
88.71,1.292,,3.9
88.72,1.292,,3.9
88.73,1.292,,3.9
88.74,1.292,,3.9
88.75,1.292,,3.9
88.76,1.292,7.11955,3.9
88.77,1.292,8.45896,3.9
88.78,1.292,9.47011,3.9
88.79,1.292,-2.15372,3.9
88.8,1.292,1.23812,3.9
88.81,1.292,1.3522,3.9
88.82,1.292,-2.64071,3.9
88.83,1.292,19.5509,3.9
88.84,1.292,8.77938,3.9
88.85,1.292,-1.64333,3.9
88.86,1.29208,0.695254,3.9
88.87,1.29218,3.07079,3.9
88.88,1.29228,12.0462,3.9
88.89,1.29238,6.70365,3.9
88.9,1.29248,14.0414,3.9
88.91,1.29258,3.64719,3.9
88.92,1.29268,4.14204,3.9
88.93,1.29278,-6.41202,3.9
88.94,1.29288,-1.81027,3.9
88.95,1.29298,-2.58241,3.9
88.96,1.29292,-5.07927,3.9
88.97,1.29282,-0.0514721,3.9
88.98,1.29272,6.83819,3.9
88.99,1.29262,2.43346,3.9
89,1.29252,-6.41202,3.9
89.01,1.29242,-3.89376,3.9
89.02,1.29232,2.79917,3.9
89.03,1.29222,6.1864,3.9
89.04,1.29212,-1.03724,3.9
89.05,1.29202,-5.25049,3.9
89.06,1.292,2.40646,3.9
89.07,1.292,7.93908,3.9
89.08,1.292,4.52872,3.9
89.09,1.292,-1.65171,3.9
89.1,1.292,-4.44692,3.9
89.11,1.292,-2.59324,3.9
89.12,1.292,7.28762,3.9
89.13,1.292,-3.47411,3.9
89.14,1.292,6.39033,3.9
89.15,1.292,-0.355992,3.9
89.16,1.292,5.68323,3.9
89.17,1.292,2.77825,3.9
89.18,1.292,13.0365,3.9
89.19,1.292,17.7864,3.9
89.2,1.292,-2.96743,3.9
89.21,1.292,-1.29467,3.9
89.22,1.292,14.2419,3.9
89.23,1.292,6.37234,3.9
89.24,1.292,12.3258,3.9
89.25,1.292,4.81583,3.9
89.26,1.292,-3.49491,3.9
89.27,1.292,2.73283,3.9
89.28,1.292,-3.28303,3.9
89.29,1.292,-2.82408,3.9
89.3,1.292,-2.0086,3.9
89.31,1.292,9.04689,3.9
89.32,1.292,2.36701,3.9
89.33,1.292,7.90053,3.9
89.34,1.292,-3.94615,3.9
89.35,1.292,-6.2506,3.9
89.36,1.292,2.36336,3.9
89.37,1.292,7.06838,3.9
89.38,1.292,11.0356,3.9
89.39,1.292,8.23767,3.9
89.4,1.292,7.55937,3.9
89.41,1.292,6.88107,3.9
89.42,1.292,,3.9
89.43,1.292,,3.9
89.44,1.292,,3.9
89.45,1.292,,3.9
89.46,1.292,,3.9
89.47,1.292,,3.9
89.48,1.292,,3.9
89.49,1.292,1.45465,3.9
89.5,1.292,0.776351,3.9
89.51,1.292,-0.723207,3.9
89.52,1.292,1.66265,3.9
89.53,1.292,7.71346,3.9
89.54,1.292,0.750271,3.9
89.55,1.292,11.6375,3.9
89.56,1.292,7.46092,3.9
89.57,1.292,4.6652,3.9
89.58,1.292,5.81367,3.9
89.59,1.292,8.14695,3.9
89.6,1.292,-1.03818,3.9
89.61,1.292,5.96849,3.9
89.62,1.292,8.35026,3.9
89.63,1.292,-0.386609,3.9
89.64,1.292,5.08357,3.9
89.65,1.292,-3.71594,3.9
89.66,1.292,8.28035,3.9
89.67,1.292,7.14849,3.9
89.68,1.292,14.118,3.9
89.69,1.292,-2.81609,3.9
89.7,1.292,-0.476999,3.9
89.71,1.292,10.9593,3.9
89.72,1.292,-0.231332,3.9
89.73,1.292,-1.89281,3.9
89.74,1.292,-0.904046,3.9
89.75,1.292,12.166,3.9
89.76,1.29208,11.8026,3.9
89.77,1.29218,3.61436,3.9
89.78,1.29228,-2.29355,3.9
89.79,1.29238,-3.71594,3.9
89.8,1.29248,7.56642,3.9
89.81,1.29258,7.4368,3.9
89.82,1.29268,-1.94901,3.9
89.83,1.29278,-0.393085,3.9
89.84,1.29288,-1.531,3.9
89.85,1.29298,4.66717,3.9
89.86,1.29503,12.0528,3.9
89.87,1.29763,4.15546,3.9
89.88,1.30023,0.0889977,3.9
89.89,1.30283,2.65845,3.9
89.9,1.30543,9.62516,3.9
89.91,1.30803,9.62831,3.9
89.92,1.31063,9.13621,3.9
89.93,1.31323,6.19103,3.9
89.94,1.31583,2.82732,3.9
89.95,1.31843,-0.451482,3.9
89.96,1.31689,4.52443,3.9
89.97,1.31419,19.5398,3.9
89.98,1.31149,-0.493739,3.9
89.99,1.30879,0.0781672,3.9
90,1.30609,4.69294,3.9
90.01,1.30339,3.69124,3.9
90.02,1.30069,1.49979,3.9
90.03,1.29799,0.505304,3.9
90.04,1.29529,1.60657,3.9
90.05,1.29259,2.70783,3.9
90.06,1.29208,,3.9
90.07,1.29218,,3.9
90.08,1.29228,,3.9
90.09,1.29238,,3.9
90.1,1.29248,,3.9
90.11,1.29258,,3.9
90.12,1.29268,10.4167,3.9
90.13,1.29278,11.5179,3.9
90.14,1.29288,10.5242,3.9
90.15,1.29298,1.12825,3.9
90.16,1.29292,16.3537,3.9
90.17,1.29282,18.9436,3.9
90.18,1.29272,5.68598,3.9
90.19,1.29262,4.7326,3.9
90.2,1.29252,-1.83471,3.9
90.21,1.29242,6.40804,3.9
90.22,1.29232,6.40413,3.9
90.23,1.29221,11.5481,3.9
90.24,1.29211,0.0312606,3.9
90.25,1.29201,0.69451,3.9
90.26,1.292,2.89608,3.9
90.27,1.292,-0.773372,3.9
90.28,1.292,5.29041,3.9
90.29,1.292,6.96418,3.9
90.3,1.292,-0.599793,3.9
90.31,1.292,-1.27101,3.9
90.32,1.292,6.35528,3.9
90.33,1.292,16.6526,3.9
90.34,1.292,16.0809,3.9
90.35,1.292,-1.01986,3.9
90.36,1.29208,-2.59058,3.9
90.37,1.29218,0.878086,3.9
90.38,1.29228,9.76993,3.9
90.39,1.29238,0.6948,3.9
90.4,1.29248,11.094,3.9
90.41,1.29258,6.31313,3.9
90.42,1.29268,-4.23563,3.9
90.43,1.29278,-1.99907,3.9
90.44,1.29288,9.68282,3.9
90.45,1.29298,10.4402,3.9
90.46,1.29292,1.31585,3.9
90.47,1.29282,-2.65102,3.9
90.48,1.29272,6.00374,3.9
90.49,1.29262,16.1132,3.9
90.5,1.29252,9.69943,3.9
90.51,1.29242,1.21086,3.9
90.52,1.29232,2.7702,3.9
90.53,1.29221,0.328177,3.9
90.54,1.29211,3.93512,3.9
90.55,1.29201,-0.811819,3.9
90.56,1.292,-3.71594,3.9
90.57,1.292,3.63309,3.9
90.58,1.292,7.2145,3.9
90.59,1.292,7.35795,3.9
90.6,1.292,-1.76667,3.9
90.61,1.292,6.37697,3.9
90.62,1.292,-2.53133,3.9
90.63,1.292,-3.56101,3.9
90.64,1.292,-2.90995,3.9
90.65,1.292,-2.2589,3.9
90.66,1.292,,3.9
90.67,1.292,,3.9
90.68,1.292,,3.9
90.69,1.292,,3.9
90.7,1.292,,3.9
90.71,1.292,,3.9
90.72,1.292,2.29848,3.9
90.73,1.292,2.94954,3.9
90.74,1.292,2.60679,3.9
90.75,1.292,-1.34885,3.9
90.76,1.292,-1.84858,3.9
90.77,1.292,3.72705,3.9
90.78,1.292,9.20396,3.9
90.79,1.292,5.15445,3.9
90.8,1.292,-0.419943,3.9
90.81,1.292,-2.61106,3.9
90.82,1.292,11.9334,3.9
90.83,1.292,10.7083,3.9
90.84,1.292,2.5861,3.9
90.85,1.292,-6.33217,3.9
90.86,1.292,-1.61778,3.9
90.87,1.292,10.3659,3.9
90.88,1.292,4.26907,3.9
90.89,1.292,-0.881963,3.9
90.9,1.292,0.306395,3.9
90.91,1.292,8.80504,3.9
90.92,1.292,9.76446,3.9
90.93,1.292,3.00967,3.9
90.94,1.292,-1.28288,3.9
90.95,1.292,-5.2995,3.9
90.96,1.29208,3.30191,3.9
90.97,1.29218,-3.50516,3.9
90.98,1.29228,-1.01986,3.9
90.99,1.29238,1.26366,3.9
91,1.29248,3.11204,3.9
91.01,1.29258,8.76462,3.9
91.02,1.29268,5.55472,3.9
91.03,1.29278,-1.36383,3.9
91.04,1.29288,1.74826,3.9
91.05,1.29298,10.7013,3.9
91.06,1.29292,9.40863,3.9
91.07,1.29282,-0.111195,3.9
91.08,1.29272,-0.172747,3.9
91.09,1.29262,16.6801,3.9
91.1,1.29252,3.28236,3.9
91.11,1.29242,-0.870974,3.9
91.12,1.29232,-3.56643,3.9
91.13,1.29222,3.44611,3.9
91.14,1.29212,7.83464,3.9
91.15,1.29202,0.0516246,3.9
91.16,1.292,-1.89398,3.9
91.17,1.292,-4.2479,3.9
91.18,1.292,-1.01986,3.9
91.19,1.292,10.6678,3.9
91.2,1.292,-1.27208,3.9
91.21,1.292,4.12052,3.9
91.22,1.292,1.9112,3.9
91.23,1.292,4.56848,3.9
91.24,1.292,7.25815,3.9
91.25,1.292,8.82177,3.9
91.26,1.29209,-3.71594,3.9
91.27,1.29219,-3.71594,3.9
91.28,1.29229,-3.71594,3.9
91.29,1.29238,-3.71594,3.9
91.3,1.29248,-3.71594,3.9
91.31,1.29258,,3.9
91.32,1.29268,,3.9
91.33,1.29278,,3.9
91.34,1.29288,,3.9
91.35,1.29298,,3.9
91.36,1.29292,-3.71594,3.9
91.37,1.29282,-3.71594,3.9
91.38,1.29272,-3.71594,3.9
91.39,1.29262,9.52704,3.9
91.4,1.29252,14.9966,3.9
91.41,1.29242,-0.413863,3.9
91.42,1.29232,-2.23175,3.9
91.43,1.29222,6.24015,3.9
91.44,1.29212,4.96086,3.9
91.45,1.29202,6.55864,3.9
91.46,1.292,13.2287,3.9
91.47,1.292,3.36147,3.9
91.48,1.292,-3.87984,3.9
91.49,1.292,6.75351,3.9
91.5,1.292,0.581407,3.9
91.51,1.292,-3.71594,3.9
91.52,1.292,-3.71594,3.9
91.53,1.292,5.09746,3.9
91.54,1.292,12.9585,3.9
91.55,1.292,10.5102,3.9
91.56,1.292,6.42142,3.9
91.57,1.292,7.54043,3.9
91.58,1.292,4.74369,3.9
91.59,1.292,1.99542,3.9
91.6,1.292,4.36474,3.9
91.61,1.292,0.82835,3.9
91.62,1.292,15.1303,3.9
91.63,1.292,3.32324,3.9
91.64,1.292,4.00633,3.9
91.65,1.292,9.13601,3.9
91.66,1.292,8.98049,3.9
91.67,1.292,9.53897,3.9
91.68,1.292,12.023,3.9
91.69,1.292,5.9573,3.9
91.7,1.292,6.88187,3.9
91.71,1.292,17.475,3.9
91.72,1.292,3.57792,3.9
91.73,1.292,4.89066,3.9
91.74,1.292,5.28788,3.9
91.75,1.292,1.87215,3.9
91.76,1.292,-1.01986,3.9
91.77,1.292,1.60673,3.9
91.78,1.292,6.97945,3.9
91.79,1.292,-3.6106,3.9
91.8,1.292,4.99775,3.9
91.81,1.292,-3.30185,3.9
91.82,1.292,-1.05478,3.9
91.83,1.292,3.25085,3.9
91.84,1.292,13.1333,3.9
91.85,1.292,15.1224,3.9
91.86,1.29208,-6.15437,3.9
91.87,1.29218,-1.04743,3.9
91.88,1.29228,9.39349,3.9
91.89,1.29238,7.06028,3.9
91.9,1.29248,6.89808,3.9
91.91,1.29258,6.73588,3.9
91.92,1.29268,,3.9
91.93,1.29278,,3.9
91.94,1.29288,,3.9
91.95,1.29298,,3.9
91.96,1.29503,,3.9
91.97,1.29763,,3.9
91.98,1.30023,5.60046,3.9
91.99,1.30283,5.43825,3.9
92,1.30543,5.27605,3.9
92.01,1.30803,15.1181,3.9
92.02,1.31063,-3.32281,3.9
92.03,1.31323,0.680572,3.9
92.04,1.31583,1.57642,3.9
92.05,1.31843,8.58298,3.9
92.06,1.319,12.1022,3.9
92.07,1.319,14.6097,3.9
92.08,1.319,4.43799,3.9
92.09,1.319,-2.23692,3.9
92.1,1.319,-1.7963,3.9
92.11,1.319,8.39822,3.9
92.12,1.319,0.764099,3.9
92.13,1.319,-4.817,3.9
92.14,1.319,8.55268,3.9
92.15,1.319,9.76036,3.9
92.16,1.31689,6.97638,3.9
92.17,1.31419,4.35301,3.9
92.18,1.31149,16.1137,3.9
92.19,1.30879,-5.06811,3.9
92.2,1.30609,0.480737,3.9
92.21,1.30339,6.97617,3.9
92.22,1.30069,-1.28785,3.9
92.23,1.29799,1.38895,3.9
92.24,1.29529,5.53743,3.9
92.25,1.29259,12.4119,3.9
92.26,1.29411,0.096017,3.9
92.27,1.29681,-2.83855,3.9
92.28,1.29951,13.8083,3.9
92.29,1.30221,1.75006,3.9
92.3,1.30491,4.3723,3.9
92.31,1.30761,4.3723,3.9
92.32,1.31031,7.35152,3.9
92.33,1.31301,2.6214,3.9
92.34,1.31571,-4.97936,3.9
92.35,1.31841,-4.13855,3.9
92.36,1.31689,1.03574,3.9
92.37,1.31419,9.61416,3.9
92.38,1.31149,14.4209,3.9
92.39,1.30879,14.4418,3.9
92.4,1.30609,6.48295,3.9
92.41,1.30339,15.6829,3.9
92.42,1.30069,7.89739,3.9
92.43,1.29799,0.562944,3.9
92.44,1.29529,0.165061,3.9
92.45,1.29259,9.1846,3.9
92.46,1.29208,11.2369,3.9
92.47,1.29218,7.34274,3.9
92.48,1.29228,1.21405,3.9
92.49,1.29238,3.02635,3.9
92.5,1.29248,0.965399,3.9
92.51,1.29258,1.31338,3.9
92.52,1.29268,-2.04516,3.9
92.53,1.29278,-1.27668,3.9
92.54,1.29288,4.05881,3.9
92.55,1.29298,3.71255,3.9
92.56,1.29503,2.66,3.9
92.57,1.29763,7.34141,3.9
92.58,1.30023,7.32773,3.9
92.59,1.30283,12.0819,3.9
92.6,1.30543,2.46858,3.9
92.61,1.30803,11.1474,3.9
92.62,1.31063,4.74282,3.9
92.63,1.31323,15.1566,3.9
92.64,1.31583,12.2842,3.9
92.65,1.31843,-3.62777,3.9
92.66,1.31689,-2.19753,3.9
92.67,1.31419,-0.767282,3.9
92.68,1.31149,,3.9
92.69,1.30879,,3.9
92.7,1.30609,,3.9
92.71,1.30339,,3.9
92.72,1.30069,,3.9
92.73,1.29799,,3.9
92.74,1.29529,,3.9
92.75,1.29259,,3.9
92.76,1.29208,12.1049,3.9
92.77,1.29218,13.5352,3.9
92.78,1.29228,14.9654,3.9
92.79,1.29238,6.98779,3.9
92.8,1.29248,13.8762,3.9
92.81,1.29258,7.68444,3.9
92.82,1.29268,-3.38203,3.9
92.83,1.29278,14.3306,3.9
92.84,1.29288,16.5451,3.9
92.85,1.29298,1.42758,3.9
92.86,1.29292,8.84131,3.9
92.87,1.29282,5.61018,3.9
92.88,1.29272,3.1928,3.9
92.89,1.29262,3.82602,3.9
92.9,1.29252,-6.41202,3.9
92.91,1.29242,0.910902,3.9
92.92,1.29232,-4.6853,3.9
92.93,1.29222,-0.742565,3.9
92.94,1.29212,5.82173,3.9
92.95,1.29202,7.49778,3.9
92.96,1.292,12.6082,3.9
92.97,1.292,-1.82155,3.9
92.98,1.292,14.0566,3.9
92.99,1.292,-3.71594,3.9
93,1.292,-3.71594,3.9
93.01,1.292,-5.18322,3.9
93.02,1.292,5.86251,3.9
93.03,1.292,13.4656,3.9
93.04,1.292,-2.01357,3.9
93.05,1.292,-1.50646,3.9
93.06,1.292,9.89759,3.9
93.07,1.292,17.827,3.9
93.08,1.292,-5.2923,3.9
93.09,1.292,10.8456,3.9
93.1,1.292,4.7722,3.9
93.11,1.292,13.4945,3.9
93.12,1.292,7.38734,3.9
93.13,1.292,12.6274,3.9
93.14,1.292,15.7579,3.9
93.15,1.292,10.9662,3.9
93.16,1.292,-0.685749,3.9
93.17,1.292,3.63843,3.9
93.18,1.292,6.17024,3.9
93.19,1.292,5.42166,3.9
93.2,1.292,9.66681,3.9
93.21,1.292,5.47736,3.9
93.22,1.292,2.0711,3.9
93.23,1.292,-2.45139,3.9
93.24,1.292,-2.47863,3.9
93.25,1.292,-1.73751,3.9
93.26,1.292,8.65542,3.9
93.27,1.292,6.4212,3.9
93.28,1.292,-3.71594,3.9
93.29,1.292,0.633454,3.9
93.3,1.292,3.24284,3.9
93.31,1.292,2.15895,3.9
93.32,1.292,0.983813,3.9
93.33,1.292,-1.83033,3.9
93.34,1.292,8.88212,3.9
93.35,1.292,7.05868,3.9
93.36,1.29208,3.4927,3.9
93.37,1.29218,7.06838,3.9
93.38,1.29228,7.06838,3.9
93.39,1.29238,7.06838,3.9
93.4,1.29248,,3.9
93.41,1.29258,,3.9
93.42,1.29268,,3.9
93.43,1.29278,,3.9
93.44,1.29288,,3.9
93.45,1.29298,,3.9
93.46,1.29292,7.06838,3.9
93.47,1.29282,7.06838,3.9
93.48,1.29272,5.37116,3.9
93.49,1.29262,0.859282,3.9
93.5,1.29252,-1.28219,3.9
93.51,1.29242,-1.68254,3.9
93.52,1.29232,0.273929,3.9
93.53,1.29222,-0.865226,3.9
93.54,1.29212,9.36922,3.9
93.55,1.29202,7.31326,3.9
93.56,1.292,11.6826,3.9
93.57,1.292,1.40352,3.9
93.58,1.292,-3.35973,3.9
93.59,1.292,20.1058,3.9
93.6,1.292,0.635757,3.9
93.61,1.292,1.52636,3.9
93.62,1.292,8.37712,3.9
93.63,1.292,2.87546,3.9
93.64,1.292,-1.46507,3.9
93.65,1.292,-5.60552,3.9
93.66,1.29208,-1.53457,3.9
93.67,1.29218,12.218,3.9
93.68,1.29228,-0.604846,3.9
93.69,1.29238,10.2839,3.9
93.7,1.29248,8.89313,3.9
93.71,1.29258,14.6834,3.9
93.72,1.29268,4.88059,3.9
93.73,1.29278,-0.114097,3.9
93.74,1.29288,5.43208,3.9
93.75,1.29298,10.9622,3.9
93.76,1.29292,5.09454,3.9
93.77,1.29282,2.20852,3.9
93.78,1.29272,5.83537,3.9
93.79,1.29262,10.5808,3.9
93.8,1.29252,11.8069,3.9
93.81,1.29242,7.28533,3.9
93.82,1.29232,8.99458,3.9
93.83,1.29222,7.64173,3.9
93.84,1.29212,1.04884,3.9
93.85,1.29202,-2.52646,3.9
93.86,1.292,16.0281,3.9
93.87,1.292,1.89177,3.9
93.88,1.292,-0.0227424,3.9
93.89,1.292,3.24581,3.9
93.9,1.292,3.74101,3.9
93.91,1.292,4.68909,3.9
93.92,1.292,9.71638,3.9
93.93,1.292,8.1951,3.9
93.94,1.292,4.1421,3.9
93.95,1.292,16.3867,3.9
93.96,1.29208,1.8707,3.9
93.97,1.29218,9.72799,3.9
93.98,1.29228,8.44342,3.9
93.99,1.29238,9.69507,3.9
94,1.29248,1.75246,3.9
94.01,1.29258,-4.58106,3.9
94.02,1.29268,3.24355,3.9
94.03,1.29278,1.87062,3.9
94.04,1.29288,-3.98591,3.9
94.05,1.29298,2.8735,3.9
94.06,1.29503,-0.620513,3.9
94.07,1.29763,-2.87062,3.9
94.08,1.30023,-1.84197,3.9
94.09,1.30283,-0.830387,3.9
94.1,1.30543,-0.56185,3.9
94.11,1.30803,,3.9
94.12,1.31063,,3.9
94.13,1.31323,,3.9
94.14,1.31583,,3.9
94.15,1.31843,,3.9
94.16,1.31687,,3.9
94.17,1.31414,,3.9
94.18,1.31142,,3.9
94.19,1.30869,,3.9
94.2,1.30596,,3.9
94.21,1.30323,2.39206,3.9
94.22,1.30051,2.66059,3.9
94.23,1.29778,2.92913,3.9
94.24,1.29505,4.89328,3.9
94.25,1.29233,8.85193,3.9
94.26,1.29209,7.36733,3.9
94.27,1.29219,8.25338,3.9
94.28,1.29229,9.30466,3.9
94.29,1.29238,2.79961,3.9
94.3,1.29248,3.62601,3.9
94.31,1.29258,8.55724,3.9
94.32,1.29268,4.02295,3.9
94.33,1.29278,1.29269,3.9
94.34,1.29288,3.13207,3.9
94.35,1.29298,3.35243,3.9
94.36,1.29503,7.33317,3.9
94.37,1.29763,5.89071,3.9
94.38,1.30023,2.55458,3.9
94.39,1.30283,2.5274,3.9
94.4,1.30543,2.67969,3.9
94.41,1.30803,9.04311,3.9
94.42,1.31063,19.0317,3.9
94.43,1.31323,-3.71594,3.9
94.44,1.31583,-3.71594,3.9
94.45,1.31843,-1.36787,3.9
94.46,1.31689,1.85969,3.9
94.47,1.31419,6.8194,3.9
94.48,1.31149,5.44295,3.9
94.49,1.30879,0.328177,3.9
94.5,1.30609,-0.465692,3.9
94.51,1.30339,-1.266,3.9
94.52,1.30069,9.26541,3.9
94.53,1.29799,8.81044,3.9
94.54,1.29529,6.79616,3.9
94.55,1.29259,13.2392,3.9
94.56,1.29208,16.1075,3.9
94.57,1.29218,6.943,3.9
94.58,1.29228,14.5306,3.9
94.59,1.29238,1.11459,3.9
94.6,1.29248,15.8159,3.9
94.61,1.29258,-2.92267,3.9
94.62,1.29268,4.63631,3.9
94.63,1.29278,6.57572,3.9
94.64,1.29288,-0.691122,3.9
94.65,1.29298,0.293182,3.9
94.66,1.29503,-1.05093,3.9
94.67,1.29763,-2.38748,3.9
94.68,1.30023,-6.31878,3.9
94.69,1.30283,7.41655,3.9
94.7,1.30543,14.1934,3.9
94.71,1.30803,15.1566,3.9
94.72,1.31063,-3.06785,3.9
94.73,1.31323,1.29087,3.9
94.74,1.31583,1.96174,3.9
94.75,1.31843,0.971533,3.9
94.76,1.31689,1.3772,3.9
94.77,1.31419,2.15745,3.9
94.78,1.31149,,3.9
94.79,1.30879,,3.9
94.8,1.30609,,3.9
94.81,1.30339,,3.9
94.82,1.30069,,3.9
94.83,1.29799,,3.9
94.84,1.29529,,3.9
94.85,1.29259,,3.9
94.86,1.29208,,3.9
94.87,1.29218,,3.9
94.88,1.29228,10.7402,3.9
94.89,1.29238,11.5205,3.9
94.9,1.29248,12.3007,3.9
94.91,1.29258,8.18373,3.9
94.92,1.29268,2.86778,3.9
94.93,1.29278,6.32718,3.9
94.94,1.29288,8.19607,3.9
94.95,1.29298,2.22048,3.9
94.96,1.29503,-0.939328,3.9
94.97,1.29763,12.8803,3.9
94.98,1.30023,11.716,3.9
94.99,1.30283,0.600856,3.9
95,1.30543,6.09709,3.9
95.01,1.30803,14.0199,3.9
95.02,1.31063,15.1566,3.9
95.03,1.31323,1.03749,3.9
95.04,1.31583,4.17718,3.9
95.05,1.31843,-2.81887,3.9
95.06,1.31689,0.273014,3.9
95.07,1.31419,-0.661504,3.9
95.08,1.31149,2.07152,3.9
95.09,1.30879,2.46933,3.9
95.1,1.30609,2.93393,3.9
95.11,1.30339,-2.80026,3.9
95.12,1.30069,-2.42381,3.9
95.13,1.29799,0.414253,3.9
95.14,1.29529,7.69092,3.9
95.15,1.29259,-5.61982,3.9
95.16,1.29208,-3.10187,3.9
95.17,1.29218,-3.48474,3.9
95.18,1.29228,10.2355,3.9
95.19,1.29238,10.9096,3.9
95.2,1.29248,10.8791,3.9
95.21,1.29258,-2.04467,3.9
95.22,1.29268,5.56616,3.9
95.23,1.29279,6.66833,3.9
95.24,1.29289,2.91997,3.9
95.25,1.29299,6.93688,3.9
95.26,1.293,4.92323,3.9
95.27,1.293,-0.809819,3.9
95.28,1.293,3.49822,3.9
95.29,1.293,5.46246,3.9
95.3,1.293,5.53668,3.9
95.31,1.293,-0.0150277,3.9
95.32,1.293,9.63165,3.9
95.33,1.293,2.24048,3.9
95.34,1.293,-3.71594,3.9
95.35,1.293,0.285339,3.9
95.36,1.29292,6.91178,3.9
95.37,1.29282,6.41416,3.9
95.38,1.29272,5.91655,3.9
95.39,1.29262,,3.9
95.4,1.29252,,3.9
95.41,1.29242,,3.9
95.42,1.29232,,3.9
95.43,1.29222,,3.9
95.44,1.29212,,3.9
95.45,1.29202,2.43325,3.9
95.46,1.29208,1.93564,3.9
95.47,1.29218,0.953527,3.9
95.48,1.29228,9.34145,3.9
95.49,1.29238,0.105159,3.9
95.5,1.29248,-1.33089,3.9
95.51,1.29258,-2.68222,3.9
95.52,1.29268,2.44239,3.9
95.53,1.29278,-6.38476,3.9
95.54,1.29288,4.35469,3.9
95.55,1.29298,9.72124,3.9
95.56,1.293,15.9831,3.9
95.57,1.293,-0.147708,3.9
95.58,1.293,-6.41202,3.9
95.59,1.293,9.70676,3.9
95.6,1.293,8.43014,3.9
95.61,1.293,1.67622,3.9
95.62,1.293,14.876,3.9
95.63,1.293,4.07395,3.9
95.64,1.293,11.708,3.9
95.65,1.293,-6.27853,3.9
95.66,1.29505,3.44894,3.9
95.67,1.29768,16.9957,3.9
95.68,1.3003,-4.01549,3.9
95.69,1.30293,-1.46979,3.9
95.7,1.30556,8.61529,3.9
95.71,1.30818,8.21191,3.9
95.72,1.31081,12.1964,3.9
95.73,1.31343,13.307,3.9
95.74,1.31606,16.0649,3.9
95.75,1.31869,6.81492,3.9
95.76,1.31673,0.0249569,3.9
95.77,1.31416,-2.66902,3.9
95.78,1.31158,6.55177,3.9
95.79,1.30901,8.45069,3.9
95.8,1.30644,6.46827,3.9
95.81,1.30386,10.4478,3.9
95.82,1.30129,3.63283,3.9
95.83,1.29871,-2.30399,3.9
95.84,1.29614,4.44021,3.9
95.85,1.29356,7.72211,3.9
95.86,1.29503,2.76993,3.9
95.87,1.29763,-0.57522,3.9
95.88,1.30023,7.02776,3.9
95.89,1.30283,9.00155,3.9
95.9,1.30543,7.40907,3.9
95.91,1.30803,4.10415,3.9
95.92,1.31063,-4.176,3.9
95.93,1.31323,0.157679,3.9
95.94,1.31583,4.93861,3.9
95.95,1.31843,1.47594,3.9
95.96,1.31689,5.02589,3.9
95.97,1.31419,15.1071,3.9
95.98,1.31149,-2.75139,3.9
95.99,1.30879,3.39424,3.9
96,1.30609,6.32642,3.9
96.01,1.30339,-1.94568,3.9
96.02,1.30069,16.4296,3.9
96.03,1.29799,16.0288,3.9
96.04,1.29529,15.628,3.9
96.05,1.29259,,3.9
96.06,1.29208,,3.9
96.07,1.29218,,3.9
96.08,1.29228,,3.9
96.09,1.29238,,3.9
96.1,1.29248,13.2231,3.9
96.11,1.29258,12.8223,3.9
96.12,1.29268,11.847,3.9
96.13,1.29278,5.54811,3.9
96.14,1.29288,-2.15042,3.9
96.15,1.29298,12.411,3.9
96.16,1.293,-0.684426,3.9
96.17,1.293,1.63565,3.9
96.18,1.293,-1.5475,3.9
96.19,1.293,11.8353,3.9
96.2,1.293,-1.14109,3.9
96.21,1.293,15.0955,3.9
96.22,1.293,17.8527,3.9
96.23,1.293,8.0484,3.9
96.24,1.293,11.9236,3.9
96.25,1.293,8.71428,3.9
96.26,1.29291,3.92034,3.9
96.27,1.29281,9.33843,3.9
96.28,1.29271,3.43608,3.9
96.29,1.29262,3.84109,3.9
96.3,1.29252,8.59995,3.9
96.31,1.29242,11.3579,3.9
96.32,1.29232,3.46777,3.9
96.33,1.29222,6.29248,3.9
96.34,1.29212,7.30667,3.9
96.35,1.29202,6.67812,3.9
96.36,1.29208,16.3614,3.9
96.37,1.29218,5.18447,3.9
96.38,1.29228,9.0768,3.9
96.39,1.29238,11.7368,3.9
96.4,1.29248,6.15111,3.9
96.41,1.29258,8.85108,3.9
96.42,1.29268,-5.54042,3.9
96.43,1.29278,2.75587,3.9
96.44,1.29288,15.3626,3.9
96.45,1.29298,-2.38827,3.9
96.46,1.293,3.61538,3.9
96.47,1.293,-0.372118,3.9
96.48,1.293,-0.725338,3.9
96.49,1.293,10.1281,3.9
96.5,1.293,-3.57739,3.9
96.51,1.293,15.0512,3.9
96.52,1.293,-3.71594,3.9
96.53,1.293,-3.71594,3.9
96.54,1.293,-3.71594,3.9
96.55,1.293,18.0834,3.9
96.56,1.29292,18.7892,3.9
96.57,1.29282,-1.01986,3.9
96.58,1.29272,-1.18933,3.9
96.59,1.29262,-2.94875,3.9
96.6,1.29252,5.95472,3.9
96.61,1.29242,8.83019,3.9
96.62,1.29232,-2.48397,3.9
96.63,1.29222,-5.56175,3.9
96.64,1.29212,0.971752,3.9
96.65,1.29202,-5.04217,3.9
96.66,1.29208,6.01244,3.9
96.67,1.29218,0.810655,3.9
96.68,1.29228,14.9784,3.9
96.69,1.29238,-0.101563,3.9
96.7,1.29248,12.1792,3.9
96.71,1.29258,-3.71594,3.9
96.72,1.29268,1.92989,3.9
96.73,1.29278,5.51799,3.9
96.74,1.29288,8.68704,3.9
96.75,1.29298,4.0118,3.9
96.76,1.29503,-1.01986,3.9
96.77,1.29763,1.37627,3.9
96.78,1.30023,9.42733,3.9
96.79,1.30283,-4.59094,3.9
96.8,1.30543,9.9286,3.9
96.81,1.30803,10.3777,3.9
96.82,1.31063,10.8268,3.9
96.83,1.31323,,3.9
96.84,1.31583,,3.9
96.85,1.31843,,3.9
96.86,1.31689,,3.9
96.87,1.31419,,3.9
96.88,1.31149,,3.9
96.89,1.30879,,3.9
96.9,1.30609,14.4198,3.9
96.91,1.30339,14.8689,3.9
96.92,1.30069,8.37907,3.9
96.93,1.29799,-1.55268,3.9
96.94,1.29529,0.590101,3.9
96.95,1.29259,13.7967,3.9
96.96,1.29208,15.6083,3.9
96.97,1.29218,7.8344,3.9
96.98,1.29228,15.3824,3.9
96.99,1.29238,5.48365,3.9
97,1.29248,-0.619166,3.9
97.01,1.29258,-1.69721,3.9
97.02,1.29268,6.71789,3.9
97.03,1.29278,4.07942,3.9
97.04,1.29288,-2.20309,3.9
97.05,1.29298,0.993282,3.9
97.06,1.293,20.0805,3.9
97.07,1.293,3.32442,3.9
97.08,1.293,15.1222,3.9
97.09,1.293,0.101755,3.9
97.1,1.293,-3.59892,3.9
97.11,1.293,11.4559,3.9
97.12,1.293,4.86198,3.9
97.13,1.293,2.54664,3.9
97.14,1.293,-2.8894,3.9
97.15,1.293,6.19225,3.9
97.16,1.29292,5.02899,3.9
97.17,1.29282,6.23052,3.9
97.18,1.29272,0.952904,3.9
97.19,1.29262,2.88238,3.9
97.2,1.29252,4.3723,3.9
97.21,1.29242,-2.77817,3.9
97.22,1.29232,-3.55592,3.9
97.23,1.29222,5.39931,3.9
97.24,1.29212,1.64567,3.9
97.25,1.29202,-0.778697,3.9
97.26,1.29208,6.89773,3.9
97.27,1.29218,12.8134,3.9
97.28,1.29228,7.26132,3.9
97.29,1.29238,5.14908,3.9
97.3,1.29248,5.42336,3.9
97.31,1.29258,4.50383,3.9
97.32,1.29268,13.9216,3.9
97.33,1.29278,4.83277,3.9
97.34,1.29288,-4.70968,3.9
97.35,1.29298,-5.48806,3.9
97.36,1.293,10.7179,3.9
97.37,1.293,12.2194,3.9
97.38,1.293,0.742851,3.9
97.39,1.293,6.07568,3.9
97.4,1.293,8.92484,3.9
97.41,1.293,2.61931,3.9
97.42,1.293,9.86308,3.9
97.43,1.293,-5.6117,3.9
97.44,1.293,1.94495,3.9
97.45,1.293,-3.2164,3.9
97.46,1.293,6.84336,3.9
97.47,1.293,15.5515,3.9
97.48,1.293,-3.00159,3.9
97.49,1.293,2.78073,3.9
97.5,1.293,-3.53968,3.9
97.51,1.293,4.35355,3.9
97.52,1.293,-2.92327,3.9
97.53,1.293,-3.50704,3.9
97.54,1.293,-3.27261,3.9
97.55,1.293,,3.9
97.56,1.29503,,3.9
97.57,1.29763,,3.9
97.58,1.30023,,3.9
97.59,1.30283,,3.9
97.6,1.30543,,3.9
97.61,1.30803,,3.9
97.62,1.31063,-1.39711,3.9
97.63,1.31323,-1.16267,3.9
97.64,1.31583,9.4941,3.9
97.65,1.31843,6.06196,3.9
97.66,1.31695,9.51306,3.9
97.67,1.31432,13.5521,3.9
97.68,1.3117,-2.28208,3.9
97.69,1.30907,11.3945,3.9
97.7,1.30644,5.02421,3.9
97.71,1.30382,-0.609798,3.9
97.72,1.30119,13.9308,3.9
97.73,1.29857,6.81062,3.9
97.74,1.29594,8.80776,3.9
97.75,1.29331,2.97127,3.9
97.76,1.29291,-4.19514,3.9
97.77,1.29281,11.9345,3.9
97.78,1.29271,13.1735,3.9
97.79,1.29262,6.29459,3.9
97.8,1.29252,-1.47112,3.9
97.81,1.29242,-2.74717,3.9
97.82,1.29232,8.66265,3.9
97.83,1.29222,6.45915,3.9
97.84,1.29212,-1.09585,3.9
97.85,1.29202,4.27822,3.9
97.86,1.29208,9.72413,3.9
97.87,1.29218,13.2027,3.9
97.88,1.29228,13.0458,3.9
97.89,1.29238,15.1173,3.9
97.9,1.29248,2.11844,3.9
97.91,1.29258,4.89686,3.9
97.92,1.29268,-1.21061,3.9
97.93,1.29278,1.18561,3.9
97.94,1.29288,17.1568,3.9
97.95,1.29298,6.3317,3.9
97.96,1.293,6.58666,3.9
97.97,1.293,8.04278,3.9
97.98,1.293,9.7717,3.9
97.99,1.293,12.3262,3.9
98,1.293,4.08026,3.9
98.01,1.293,5.70953,3.9
98.02,1.293,8.2754,3.9
98.03,1.293,1.99513,3.9
98.04,1.293,1.02349,3.9
98.05,1.293,2.12249,3.9
98.06,1.293,4.20204,3.9
98.07,1.293,9.07544,3.9
98.08,1.293,5.78059,3.9
98.09,1.293,3.6235,3.9
98.1,1.293,-3.15165,3.9
98.11,1.293,-5.72708,3.9
98.12,1.293,-1.68073,3.9
98.13,1.293,0.503211,3.9
98.14,1.293,1.71377,3.9
98.15,1.293,2.92433,3.9
98.16,1.293,,3.9
98.17,1.293,,3.9
98.18,1.293,,3.9
98.19,1.293,,3.9
98.2,1.293,,3.9
98.21,1.293,,3.9
98.22,1.293,,3.9
98.23,1.293,,3.9
98.24,1.293,,3.9
98.25,1.293,,3.9
98.26,1.293,,3.9
98.27,1.293,,3.9
98.28,1.293,18.6616,3.9
98.29,1.293,19.8721,3.9
98.3,1.293,7.72411,3.9
98.31,1.293,5.07511,3.9
98.32,1.293,1.35413,3.9
98.33,1.293,-2.54722,3.9
98.34,1.293,-1.05667,3.9
98.35,1.293,3.105,3.9
98.36,1.293,5.52352,3.9
98.37,1.293,8.12303,3.9
98.38,1.293,2.51881,3.9
98.39,1.293,7.64321,3.9
98.4,1.293,-2.24153,3.9
98.41,1.293,-1.1524,3.9
98.42,1.293,-3.40584,3.9
98.43,1.293,2.82455,3.9
98.44,1.293,4.3723,3.9
98.45,1.293,4.42435,3.9
98.46,1.293,5.59028,3.9
98.47,1.293,2.02268,3.9
98.48,1.293,10.3864,3.9
98.49,1.293,3.36417,3.9
98.5,1.293,12.1594,3.9
98.51,1.293,4.43878,3.9
98.52,1.293,6.05779,3.9
98.53,1.293,3.0573,3.9
98.54,1.293,3.46243,3.9
98.55,1.293,-2.82776,3.9
98.56,1.29503,10.9282,3.9
98.57,1.29763,-0.920966,3.9
98.58,1.30023,-2.54661,3.9
98.59,1.30283,5.86176,3.9
98.6,1.30543,6.00329,3.9
98.61,1.30803,5.72034,3.9
98.62,1.31063,0.0305088,3.9
98.63,1.31323,5.84227,3.9
98.64,1.31583,-8.24832,3.9
98.65,1.31843,0.107788,3.9
98.66,1.31695,2.42597,3.9
98.67,1.31432,9.69018,3.9
98.68,1.3117,17.8527,3.9
98.69,1.30907,17.8527,3.9
98.7,1.30644,14.1077,3.9
98.71,1.30382,0.699049,3.9
98.72,1.30119,-1.20908,3.9
98.73,1.29857,1.67622,3.9
98.74,1.29594,0.901778,3.9
98.75,1.29331,2.72965,3.9
98.76,1.293,5.22697,3.9
98.77,1.293,9.69826,3.9
98.78,1.293,9.58694,3.9
98.79,1.293,,3.9
98.8,1.293,,3.9
98.81,1.293,,3.9
98.82,1.293,,3.9
98.83,1.293,,3.9
98.84,1.293,,3.9
98.85,1.293,,3.9
98.86,1.293,,3.9
98.87,1.293,8.58501,3.9
98.88,1.293,8.47369,3.9
98.89,1.293,2.52537,3.9
98.9,1.293,0.8672,3.9
98.91,1.293,-0.841034,3.9
98.92,1.293,-5.97044,3.9
98.93,1.293,-0.493216,3.9
98.94,1.293,14.1854,3.9
98.95,1.293,3.05741,3.9
98.96,1.29292,2.92,3.9
98.97,1.29282,9.58207,3.9
98.98,1.29272,2.4621,3.9
98.99,1.29262,1.21724,3.9
99,1.29252,3.73436,3.9
99.01,1.29242,9.17898,3.9
99.02,1.29232,12.1287,3.9
99.03,1.29222,-1.72297,3.9
99.04,1.29212,-2.54648,3.9
99.05,1.29202,16.6411,3.9
99.06,1.29208,10.9679,3.9
99.07,1.29218,6.59077,3.9
99.08,1.29228,12.0382,3.9
99.09,1.29238,7.8339,3.9
99.1,1.29248,3.72355,3.9
99.11,1.29258,11.2903,3.9
99.12,1.29268,7.30622,3.9
99.13,1.29278,17.7085,3.9
99.14,1.29288,14.5147,3.9
99.15,1.29298,-2.37346,3.9
99.16,1.293,5.88862,3.9
99.17,1.293,-3.85535,3.9
99.18,1.293,-5.04974,3.9
99.19,1.293,-3.36366,3.9
99.2,1.293,1.48443,3.9
99.21,1.293,2.39903,3.9
99.22,1.293,9.43592,3.9
99.23,1.293,1.30044,3.9
99.24,1.293,6.36286,3.9
99.25,1.293,9.87544,3.9
99.26,1.293,5.35525,3.9
99.27,1.293,2.7934,3.9
99.28,1.293,10.0377,3.9
99.29,1.293,11.7419,3.9
99.3,1.293,6.48139,3.9
99.31,1.293,8.55785,3.9
99.32,1.293,12.4605,3.9
99.33,1.293,-2.38556,3.9
99.34,1.293,-2.49642,3.9
99.35,1.293,7.9387,3.9
99.36,1.293,-1.01986,3.9
99.37,1.293,2.81077,3.9
99.38,1.293,16.3359,3.9
99.39,1.293,8.6354,3.9
99.4,1.293,0.928189,3.9
99.41,1.293,1.27145,3.9
99.42,1.293,5.28062,3.9
99.43,1.293,4.3723,3.9
99.44,1.293,-3.5581,3.9
99.45,1.293,16.6495,3.9
99.46,1.29503,12.3471,3.9
99.47,1.29763,11.5928,3.9
99.48,1.30023,10.8384,3.9
99.49,1.30283,,3.9
99.5,1.30543,,3.9
99.51,1.30803,,3.9
99.52,1.31063,,3.9
99.53,1.31323,,3.9
99.54,1.31583,,3.9
99.55,1.31843,,3.9
99.56,1.31697,4.8039,3.9
99.57,1.31437,4.04958,3.9
99.58,1.31177,5.70537,3.9
99.59,1.30917,12.6126,3.9
99.6,1.30657,4.49897,3.9
99.61,1.30397,-0.572115,3.9
99.62,1.30137,0.841987,3.9
99.63,1.29877,-1.56301,3.9
99.64,1.29617,12.2412,3.9
99.65,1.29357,1.21622,3.9
99.66,1.293,14.6485,3.9
99.67,1.293,8.92275,3.9
99.68,1.293,0.426825,3.9
99.69,1.293,15.9305,3.9
99.7,1.293,-3.51424,3.9
99.71,1.293,-0.58412,3.9
99.72,1.293,3.737,3.9
99.73,1.293,-3.62,3.9
99.74,1.293,-2.40098,3.9
99.75,1.293,-0.684064,3.9
99.76,1.293,6.15214,3.9
99.77,1.293,20.4744,3.9
99.78,1.293,16.6951,3.9
99.79,1.293,-6.16293,3.9
99.8,1.293,-1.01986,3.9
99.81,1.293,-0.864473,3.9
99.82,1.293,4.79867,3.9
99.83,1.293,17.3104,3.9
99.84,1.293,0.675852,3.9
99.85,1.293,14.5706,3.9
99.86,1.293,2.25154,3.9
99.87,1.293,-3.50265,3.9
99.88,1.293,-2.83939,3.9
99.89,1.293,1.09563,3.9
99.9,1.293,15.5807,3.9
99.91,1.293,3.46515,3.9
99.92,1.293,4.01473,3.9
99.93,1.293,6.40646,3.9
99.94,1.293,1.32464,3.9
99.95,1.293,12.8455,3.9
99.96,1.293,7.83117,3.9
99.97,1.293,-3.71594,3.9
99.98,1.293,8.53244,3.9
99.99,1.293,-2.60231,3.9
100,1.293,7.23407,3.9
100.01,1.293,6.5115,3.9
100.02,1.293,4.86592,3.9
100.03,1.293,0.515873,3.9
100.04,1.293,5.9064,3.9
100.05,1.293,0.813069,3.9
100.06,1.29503,4.41658,3.9
100.07,1.29763,8.38053,3.9
100.08,1.30023,6.0308,3.9
100.09,1.30283,9.25085,3.9
100.1,1.30543,9.76446,3.9
100.11,1.30803,16.2669,3.9
100.12,1.31063,9.88926,3.9
100.13,1.31323,7.38774,3.9
100.14,1.31583,14.872,3.9
100.15,1.31843,12.4605,3.9
100.16,1.31689,5.03027,3.9
100.17,1.31419,1.67622,3.9
100.18,1.31149,1.89779,3.9
100.19,1.30879,2.15064,3.9
100.2,1.30609,,3.9
100.21,1.30339,,3.9
100.22,1.30069,,3.9
100.23,1.29799,,3.9
100.24,1.29529,,3.9
100.25,1.29259,,3.9
100.26,1.29208,3.92061,3.9
100.27,1.29218,4.17346,3.9
100.28,1.29228,4.11195,3.9
100.29,1.29238,1.90148,3.9
100.3,1.29248,-4.49669,3.9
100.31,1.29258,4.78295,3.9
100.32,1.29268,10.239,3.9
100.33,1.29278,-5.03623,3.9
100.34,1.29288,-0.760072,3.9
100.35,1.29298,5.59714,3.9
100.36,1.293,13.1288,3.9
100.37,1.293,3.15387,3.9
100.38,1.293,7.63629,3.9
100.39,1.293,-6.41202,3.9
100.4,1.293,15.0914,3.9
100.41,1.293,-0.674406,3.9
100.42,1.293,-0.19551,3.9
100.43,1.293,11.9754,3.9
100.44,1.293,0.963197,3.9
100.45,1.293,6.68916,3.9
100.46,1.293,7.93219,3.9
100.47,1.293,0.239866,3.9
100.48,1.293,-3.41686,3.9
100.49,1.293,2.46683,3.9
100.5,1.293,0.25899,3.9
100.51,1.293,3.09334,3.9
100.52,1.293,4.08437,3.9
100.53,1.293,3.18538,3.9
100.54,1.293,8.50456,3.9
100.55,1.293,11.9853,3.9
100.56,1.293,-2.42529,3.9
100.57,1.293,5.55889,3.9
100.58,1.293,3.73937,3.9
100.59,1.293,1.58367,3.9
100.6,1.293,5.41386,3.9
100.61,1.293,11.9213,3.9
100.62,1.293,8.98269,3.9
100.63,1.293,7.9226,3.9
100.64,1.293,2.7911,3.9
100.65,1.293,3.56826,3.9
100.66,1.29505,7.96732,3.9
100.67,1.29768,0.858573,3.9
100.68,1.3003,-0.0271782,3.9
100.69,1.30293,6.57573,3.9
100.7,1.30556,3.61348,3.9
100.71,1.30818,7.17548,3.9
100.72,1.31081,17.9979,3.9
100.73,1.31343,12.2192,3.9
100.74,1.31606,11.3222,3.9
100.75,1.31869,10.4252,3.9
100.76,1.31673,,3.9
100.77,1.31416,,3.9
100.78,1.31158,,3.9
100.79,1.30901,,3.9
100.8,1.30644,5.94017,3.9
100.81,1.30386,5.04317,3.9
100.82,1.30129,1.6962,3.9
100.83,1.29871,-3.90619,3.9
100.84,1.29614,9.582,3.9
100.85,1.29356,5.94232,3.9
100.86,1.293,1.67622,3.9
100.87,1.293,-0.0457072,3.9
100.88,1.293,-8.30211,3.9
100.89,1.293,14.8608,3.9
100.9,1.293,14.9952,3.9
100.91,1.293,-5.09371,3.9
100.92,1.293,19.7915,3.9
100.93,1.293,4.07565,3.9
100.94,1.293,-1.96225,3.9
100.95,1.293,6.92528,3.9
100.96,1.293,18.9813,3.9
100.97,1.293,13.2575,3.9
100.98,1.293,13.9362,3.9
100.99,1.293,17.2852,3.9
101,1.293,13.2815,3.9
101.01,1.293,16.1157,3.9
101.02,1.293,4.80456,3.9
101.03,1.293,6.70775,3.9
101.04,1.293,-0.724801,3.9
101.05,1.293,3.97364,3.9
101.06,1.293,8.92133,3.9
101.07,1.293,-3.58018,3.9
101.08,1.293,9.36165,3.9
101.09,1.293,2.2366,3.9
101.1,1.293,11.4078,3.9
101.11,1.293,-2.64963,3.9
101.12,1.293,4.25801,3.9
101.13,1.293,6.95499,3.9
101.14,1.293,10.2888,3.9
101.15,1.293,10.8837,3.9
101.16,1.293,4.87126,3.9
101.17,1.293,3.29751,3.9
101.18,1.293,6.44387,3.9
101.19,1.293,10.7139,3.9
101.2,1.293,8.0084,3.9
101.21,1.293,0.354523,3.9
101.22,1.293,2.74367,3.9
101.23,1.293,15.5813,3.9
101.24,1.293,20.5488,3.9
101.25,1.293,1.43675,3.9
101.26,1.29503,6.78286,3.9
101.27,1.29763,6.65263,3.9
101.28,1.30023,18.7825,3.9
101.29,1.30283,0.935548,3.9
101.3,1.30543,13.7023,3.9
101.31,1.30803,4.43735,3.9
101.32,1.31063,17.6927,3.9
101.33,1.31323,15.899,3.9
101.34,1.31583,14.1053,3.9
101.35,1.31843,,3.9
101.36,1.31697,,3.9
101.37,1.31437,,3.9
101.38,1.31177,,3.9
101.39,1.30917,,3.9
101.4,1.30657,,3.9
101.41,1.30397,,3.9
101.42,1.30137,-0.244298,3.9
101.43,1.29877,-2.038,3.9
101.44,1.29617,-1.52719,3.9
101.45,1.29357,11.2457,3.9
101.46,1.293,3.44512,3.9
101.47,1.293,-3.71575,3.9
101.48,1.293,9.50191,3.9
101.49,1.293,11.0994,3.9
101.5,1.293,0.342062,3.9
101.51,1.293,8.41001,3.9
101.52,1.293,4.77962,3.9
101.53,1.293,16.1253,3.9
101.54,1.293,0.62101,3.9
101.55,1.293,0.178256,3.9
101.56,1.29503,-5.09901,3.9
101.57,1.29763,13.2022,3.9
101.58,1.30023,17.8527,3.9
101.59,1.30283,-0.326661,3.9
101.6,1.30543,3.91015,3.9
101.61,1.30803,2.76475,3.9
101.62,1.31063,12.5739,3.9
101.63,1.31323,11.0608,3.9
101.64,1.31583,11.461,3.9
101.65,1.31843,-0.099386,3.9
101.66,1.31697,1.03104,3.9
101.67,1.31437,4.60429,3.9
101.68,1.31177,4.75878,3.9
101.69,1.30917,7.42392,3.9
101.7,1.30657,3.17553,3.9
101.71,1.30397,-2.55869,3.9
101.72,1.30137,-2.47856,3.9
101.73,1.29877,-4.17526,3.9
101.74,1.29617,2.56076,3.9
101.75,1.29357,-1.01986,3.9
101.76,1.293,-1.01986,3.9
101.77,1.293,17.0344,3.9
101.78,1.293,2.97751,3.9
101.79,1.293,5.81801,3.9
101.8,1.293,2.15169,3.9
101.81,1.293,14.496,3.9
101.82,1.293,-1.14503,3.9
101.83,1.293,-4.76235,3.9
101.84,1.293,6.88715,3.9
101.85,1.293,-3.71594,3.9
101.86,1.293,17.3812,3.9
101.87,1.293,-3.41038,3.9
101.88,1.293,-1.33262,3.9
101.89,1.293,-4.75629,3.9
101.9,1.293,8.56144,3.9
101.91,1.293,-3.71594,3.9
101.92,1.293,-3.4389,3.9
101.93,1.293,-0.155481,3.9
101.94,1.293,-4.59747,3.9
101.95,1.293,14.5618,3.9
101.96,1.293,5.66718,3.9
101.97,1.293,4.43594,3.9
101.98,1.293,-0.912495,3.9
101.99,1.293,3.33688,3.9
102,1.293,-0.157359,3.9
102.01,1.293,7.30622,3.9
102.02,1.293,5.1403,3.9
102.03,1.293,-2.25933,3.9
102.04,1.293,16.0061,3.9
102.05,1.293,10.0523,3.9
102.06,1.293,8.12745,3.9
102.07,1.293,12.7257,3.9
102.08,1.293,14.871,3.9
102.09,1.293,14.4867,3.9
102.1,1.293,,3.9
102.11,1.293,,3.9
102.12,1.293,,3.9
102.13,1.293,,3.9
102.14,1.293,,3.9
102.15,1.293,,3.9
102.16,1.293,,3.9
102.17,1.293,,3.9
102.18,1.293,,3.9
102.19,1.293,10.644,3.9
102.2,1.293,10.2598,3.9
102.21,1.293,9.87549,3.9
102.22,1.293,0.188708,3.9
102.23,1.293,2.58547,3.9
102.24,1.293,1.43101,3.9
102.25,1.293,-1.90324,3.9
102.26,1.293,3.02426,3.9
102.27,1.293,-0.955914,3.9
102.28,1.293,-4.63563,3.9
102.29,1.293,-4.65234,3.9
102.3,1.293,3.22459,3.9
102.31,1.293,17.5328,3.9
102.32,1.293,3.41465,3.9
102.33,1.293,-1.26652,3.9
102.34,1.293,12.8099,3.9
102.35,1.293,18.5803,3.9
102.36,1.293,7.07443,3.9
102.37,1.293,14.0233,3.9
102.38,1.293,2.35975,3.9
102.39,1.293,3.29475,3.9
102.4,1.293,4.91857,3.9
102.41,1.293,-0.393936,3.9
102.42,1.293,5.60938,3.9
102.43,1.293,-2.77874,3.9
102.44,1.293,-6.25067,3.9
102.45,1.293,-1.46029,3.9
102.46,1.29505,-6.06247,3.9
102.47,1.29768,6.22875,3.9
102.48,1.3003,-1.51158,3.9
102.49,1.30293,-5.97665,3.9
102.5,1.30556,-4.18153,3.9
102.51,1.30818,10.684,3.9
102.52,1.31081,2.86214,3.9
102.53,1.31343,5.11679,3.9
102.54,1.31606,13.7465,3.9
102.55,1.31869,16.4567,3.9
102.56,1.319,10.399,3.9
102.57,1.319,4.83026,3.9
102.58,1.319,5.86635,3.9
102.59,1.319,10.1822,3.9
102.6,1.319,4.24995,3.9
102.61,1.319,-3.97722,3.9
102.62,1.319,1.67622,3.9
102.63,1.319,1.67622,3.9
102.64,1.319,-1.52152,3.9
102.65,1.319,5.29592,3.9
102.66,1.31697,12.4992,3.9
102.67,1.31437,18.542,3.9
102.68,1.31177,-5.97395,3.9
102.69,1.30917,-4.09952,3.9
102.7,1.30657,4.97311,3.9
102.71,1.30397,-2.84153,3.9
102.72,1.30137,1.19403,3.9
102.73,1.29877,4.14104,3.9
102.74,1.29617,-1.56054,3.9
102.75,1.29357,-5.91243,3.9
102.76,1.293,8.19275,3.9
102.77,1.293,11.4475,3.9
102.78,1.293,10.5466,3.9
102.79,1.293,3.47926,3.9
102.8,1.293,8.91756,3.9
102.81,1.293,9.87217,3.9
102.82,1.293,9.99136,3.9
102.83,1.293,,3.9
102.84,1.293,,3.9
102.85,1.293,,3.9
102.86,1.293,,3.9
102.87,1.293,,3.9
102.88,1.293,,3.9
102.89,1.293,10.8256,3.9
102.9,1.293,10.9448,3.9
102.91,1.293,11.064,3.9
102.92,1.293,1.99565,3.9
102.93,1.293,-0.46445,3.9
102.94,1.293,6.75656,3.9
102.95,1.293,-5.24763,3.9
102.96,1.293,9.86101,3.9
102.97,1.293,12.8131,3.9
102.98,1.293,6.76929,3.9
102.99,1.293,11.5263,3.9
103,1.293,11.9023,3.9
103.01,1.293,2.11123,3.9
103.02,1.293,9.22906,3.9
103.03,1.293,-2.38089,3.9
103.04,1.293,1.02435,3.9
103.05,1.293,-5.77798,3.9
103.06,1.293,11.3952,3.9
103.07,1.293,9.22772,3.9
103.08,1.293,-0.12564,3.9
103.09,1.293,1.96708,3.9
103.1,1.293,8.32974,3.9
103.11,1.293,-2.73912,3.9
103.12,1.293,17.4677,3.9
103.13,1.293,-5.21243,3.9
103.14,1.293,-6.05763,3.9
103.15,1.293,3.68597,3.9
103.16,1.293,9.46635,3.9
103.17,1.293,-1.08923,3.9
103.18,1.293,-3.13506,3.9
103.19,1.293,20.4704,3.9
103.2,1.293,1.67622,3.9
103.21,1.293,12.8964,3.9
103.22,1.293,7.58366,3.9
103.23,1.293,-0.31378,3.9
103.24,1.293,1.35653,3.9
103.25,1.293,8.90275,3.9
103.26,1.293,3.6647,3.9
103.27,1.293,9.37054,3.9
103.28,1.293,14.231,3.9
103.29,1.293,4.33984,3.9
103.3,1.293,5.50148,3.9
103.31,1.293,-0.195532,3.9
103.32,1.293,0.242644,3.9
103.33,1.293,10.0928,3.9
103.34,1.293,6.23337,3.9
103.35,1.293,-6.00368,3.9
103.36,1.29503,-2.26731,3.9
103.37,1.29763,4.735,3.9
103.38,1.30023,7.12216,3.9
103.39,1.30283,9.47273,3.9
103.4,1.30543,7.00955,3.9
103.41,1.30803,-0.104942,3.9
103.42,1.31063,8.41471,3.9
103.43,1.31323,4.12652,3.9
103.44,1.31583,1.18211,3.9
103.45,1.31843,11.8489,3.9
103.46,1.31697,17.8527,3.9
103.47,1.31437,7.50826,3.9
103.48,1.31177,11.9872,3.9
103.49,1.30917,-1.57672,3.9
103.5,1.30657,11.7316,3.9
103.51,1.30397,0.328177,3.9
103.52,1.30137,0.409237,3.9
103.53,1.29877,1.08261,3.9
103.54,1.29617,1.75598,3.9
103.55,1.29357,,3.9
103.56,1.293,,3.9
103.57,1.293,,3.9
103.58,1.293,,3.9
103.59,1.293,,3.9
103.6,1.293,,3.9
103.61,1.293,,3.9
103.62,1.293,7.14295,3.9
103.63,1.293,7.81633,3.9
103.64,1.293,7.82015,3.9
103.65,1.293,2.34117,3.9
103.66,1.29503,0.114376,3.9
103.67,1.29763,3.95013,3.9
103.68,1.30023,-5.9174,3.9
103.69,1.30283,16.6142,3.9
103.7,1.30543,11.4274,3.9
103.71,1.30803,3.29291,3.9
103.72,1.31063,15.229,3.9
103.73,1.31323,-0.682337,3.9
103.74,1.31583,0.707495,3.9
103.75,1.31843,6.34985,3.9
103.76,1.31697,1.09108,3.9
103.77,1.31437,12.639,3.9
103.78,1.31177,12.0091,3.9
103.79,1.30917,6.0791,3.9
103.8,1.30657,-1.7593,3.9
103.81,1.30397,-0.594629,3.9
103.82,1.30137,10.7871,3.9
103.83,1.29877,7.98085,3.9
103.84,1.29617,10.6251,3.9
103.85,1.29357,5.57142,3.9
103.86,1.293,2.37313,3.9
103.87,1.293,5.22466,3.9
103.88,1.293,1.70613,3.9
103.89,1.293,9.97971,3.9
103.9,1.293,-1.56132,3.9
103.91,1.293,-3.11002,3.9
103.92,1.293,-1.6606,3.9
103.93,1.293,10.2584,3.9
103.94,1.293,-3.93627,3.9
103.95,1.293,4.2603,3.9
103.96,1.293,7.9726,3.9
103.97,1.293,7.69921,3.9
103.98,1.293,-1.68065,3.9
103.99,1.293,-3.71594,3.9
104,1.293,17.0426,3.9
104.01,1.293,10.6337,3.9
104.02,1.293,5.89366,3.9
104.03,1.293,-1.14819,3.9
104.04,1.293,-3.51923,3.9
104.05,1.293,3.51373,3.9
104.06,1.293,-5.72738,3.9
104.07,1.293,0.0167913,3.9
104.08,1.293,17.484,3.9
104.09,1.293,13.2648,3.9
104.1,1.293,-0.393185,3.9
104.11,1.293,5.73091,3.9
104.12,1.293,0.0609841,3.9
104.13,1.293,12.3345,3.9
104.14,1.293,14.635,3.9
104.15,1.293,3.07035,3.9
104.16,1.293,2.31227,3.9
104.17,1.293,6.60776,3.9
104.18,1.293,6.99354,3.9
104.19,1.293,5.35518,3.9
104.2,1.293,-2.97278,3.9
104.21,1.293,-1.58446,3.9
104.22,1.293,3.9141,3.9
104.23,1.293,9.76446,3.9
104.24,1.293,9.76446,3.9
104.25,1.293,9.76446,3.9
104.26,1.293,,3.9
104.27,1.293,,3.9
104.28,1.293,,3.9
104.29,1.293,,3.9
104.3,1.293,,3.9
104.31,1.293,,3.9
104.32,1.293,9.76446,3.9
104.33,1.293,9.76446,3.9
104.34,1.293,7.746,3.9
104.35,1.293,1.30837,3.9
104.36,1.293,9.97594,3.9
104.37,1.293,6.19372,3.9
104.38,1.293,6.74235,3.9
104.39,1.293,-0.309944,3.9
104.4,1.293,-3.12862,3.9
104.41,1.293,-5.27102,3.9
104.42,1.293,-2.2962,3.9
104.43,1.293,-4.13739,3.9
104.44,1.293,-4.09778,3.9
104.45,1.293,17.3004,3.9
104.46,1.293,1.76368,3.9
104.47,1.293,13.9862,3.9
104.48,1.293,0.395045,3.9
104.49,1.293,-0.0871773,3.9
104.5,1.293,9.02177,3.9
104.51,1.293,4.81134,3.9
104.52,1.293,5.60152,3.9
104.53,1.293,-0.494702,3.9
104.54,1.293,6.38814,3.9
104.55,1.293,7.06838,3.9
104.56,1.29503,4.79537,3.9
104.57,1.29763,2.50181,3.9
104.58,1.30023,6.07073,3.9
104.59,1.30283,-3.19782,3.9
104.6,1.30543,2.85112,3.9
104.61,1.30803,10.9878,3.9
104.62,1.31063,12.4605,3.9
104.63,1.31323,15.6016,3.9
104.64,1.31583,0.876908,3.9
104.65,1.31843,3.60117,3.9
104.66,1.31697,5.87991,3.9
104.67,1.31437,0.903559,3.9
104.68,1.31177,3.33998,3.9
104.69,1.30917,11.7656,3.9
104.7,1.30657,4.89096,3.9
104.71,1.30397,-3.12755,3.9
104.72,1.30137,-4.96336,3.9
104.73,1.29877,-6.41202,3.9
104.74,1.29617,1.28741,3.9
104.75,1.29357,10.5632,3.9
104.76,1.293,7.69581,3.9
104.77,1.293,6.75301,3.9
104.78,1.293,9.12724,3.9
104.79,1.293,16.766,3.9
104.8,1.293,14.1241,3.9
104.81,1.293,-4.05857,3.9
104.82,1.293,-4.84262,3.9
104.83,1.293,-3.22865,3.9
104.84,1.293,0.00873005,3.9
104.85,1.293,2.72602,3.9
104.86,1.29503,1.90594,3.9
104.87,1.29763,3.53998,3.9
104.88,1.30023,5.0118,3.9
104.89,1.30283,1.67622,3.9
104.9,1.30543,1.67622,3.9
104.91,1.30803,1.67622,3.9
104.92,1.31063,,3.9
104.93,1.31323,,3.9
104.94,1.31583,,3.9
104.95,1.31843,,3.9
104.96,1.31697,,3.9
104.97,1.31437,,3.9
104.98,1.31177,,3.9
104.99,1.30917,1.67622,3.9
105,1.30657,1.67622,3.9
105.01,1.30397,0.922468,3.9
105.02,1.30137,-1.82176,3.9
105.03,1.29877,1.38681,3.9
105.04,1.29617,4.1829,3.9
105.05,1.29357,4.1925,3.9
105.06,1.293,7.22241,3.9
105.07,1.293,9.4022,3.9
105.08,1.293,-2.29253,3.9
105.09,1.293,2.39975,3.9
105.1,1.293,6.41416,3.9
105.11,1.293,6.29937,3.9
105.12,1.293,-2.15986,3.9
105.13,1.293,3.45502,3.9
105.14,1.293,19.536,3.9
105.15,1.293,0.429299,3.9
105.16,1.29503,5.58879,3.9
105.17,1.29763,-1.41503,3.9
105.18,1.30023,-1.59818,3.9
105.19,1.30283,13.6035,3.9
105.2,1.30543,-1.01986,3.9
105.21,1.30803,-1.01986,3.9
105.22,1.31063,4.5206,3.9
105.23,1.31323,5.97193,3.9
105.24,1.31583,3.03884,3.9
105.25,1.31843,2.98581,3.9
105.26,1.31697,4.42982,3.9
105.27,1.31437,7.79719,3.9
105.28,1.31177,9.02899,3.9
105.29,1.30917,-0.0385042,3.9
105.3,1.30657,6.58381,3.9
105.31,1.30397,10.4884,3.9
105.32,1.30137,13.426,3.9
105.33,1.29877,11.7764,3.9
105.34,1.29617,8.0171,3.9
105.35,1.29357,3.72619,3.9
105.36,1.293,2.44286,3.9
105.37,1.293,13.4487,3.9
105.38,1.293,12.6127,3.9
105.39,1.293,3.40987,3.9
105.4,1.293,-1.01986,3.9
105.41,1.293,-0.00766276,3.9
105.42,1.293,3.66975,3.9
105.43,1.293,0.706474,3.9
105.44,1.293,14.3352,3.9
105.45,1.293,7.06838,3.9
105.46,1.29503,-3.07378,3.9
105.47,1.29763,-1.01986,3.9
105.48,1.30023,-1.01986,3.9
105.49,1.30283,1.89944,3.9
105.5,1.30543,15.487,3.9
105.51,1.30803,11.0955,3.9
105.52,1.31063,15.6353,3.9
105.53,1.31323,2.07305,3.9
105.54,1.31583,-2.09785,3.9
105.55,1.31843,5.39289,3.9
105.56,1.31697,-6.23456,3.9
105.57,1.31437,4.38148,3.9
105.58,1.31177,4.62474,3.9
105.59,1.30917,4.86799,3.9
105.6,1.30657,,3.9
105.61,1.30397,,3.9
105.62,1.30137,,3.9
105.63,1.29877,,3.9
105.64,1.29617,,3.9
105.65,1.29357,,3.9
105.66,1.293,6.57075,3.9
105.67,1.293,6.814,3.9
105.68,1.293,7.05725,3.9
105.69,1.293,-1.46244,3.9
105.7,1.293,16.5549,3.9
105.71,1.293,7.95378,3.9
105.72,1.293,-1.67603,3.9
105.73,1.293,-1.49022,3.9
105.74,1.293,-2.51695,3.9
105.75,1.293,0.540606,3.9
105.76,1.29503,7.96571,3.9
105.77,1.29763,-3.71594,3.9
105.78,1.30023,11.9656,3.9
105.79,1.30283,12.8972,3.9
105.8,1.30543,3.45148,3.9
105.81,1.30803,-1.24282,3.9
105.82,1.31063,6.66976,3.9
105.83,1.31323,15.1566,3.9
105.84,1.31583,8.86723,3.9
105.85,1.31843,5.66039,3.9
105.86,1.31697,11.6575,3.9
105.87,1.31437,5.9141,3.9
105.88,1.31177,-2.50648,3.9
105.89,1.30917,17.8527,3.9
105.9,1.30657,12.2574,3.9
105.91,1.30397,2.63085,3.9
105.92,1.30137,4.91192,3.9
105.93,1.29877,-3.76679,3.9
105.94,1.29617,-2.51394,3.9
105.95,1.29357,-5.46802,3.9
105.96,1.293,-1.57851,3.9
105.97,1.293,3.41078,3.9
105.98,1.293,-0.41059,3.9
105.99,1.293,1.67622,3.9
106,1.293,2.8972,3.9
106.01,1.293,14.7103,3.9
106.02,1.293,17.7177,3.9
106.03,1.293,-6.02162,3.9
106.04,1.293,6.88078,3.9
106.05,1.293,2.02846,3.9
106.06,1.29503,4.3423,3.9
106.07,1.29763,-0.529815,3.9
106.08,1.30023,-3.33414,3.9
106.09,1.30283,9.17851,3.9
106.1,1.30543,14.7312,3.9
106.11,1.30803,9.76446,3.9
106.12,1.31063,7.85949,3.9
106.13,1.31323,0.123653,3.9
106.14,1.31583,-1.92073,3.9
106.15,1.31843,15.1195,3.9
106.16,1.31697,4.04218,3.9
106.17,1.31437,2.64838,3.9
106.18,1.31177,-6.41202,3.9
106.19,1.30917,4.28818,3.9
106.2,1.30657,-0.295716,3.9
106.21,1.30397,6.06939,3.9
106.22,1.30137,10.1883,3.9
106.23,1.29877,14.7998,3.9
106.24,1.29617,3.29867,3.9
106.25,1.29357,0.52886,3.9
106.26,1.293,1.62504,3.9
106.27,1.293,-3.37214,3.9
106.28,1.293,11.2496,3.9
106.29,1.293,14.1817,3.9
106.3,1.293,3.82193,3.9
106.31,1.293,4.3723,3.9
106.32,1.293,15.0811,3.9
106.33,1.293,13.3687,3.9
106.34,1.293,11.6564,3.9
106.35,1.293,,3.9
106.36,1.293,,3.9
106.37,1.293,,3.9
106.38,1.293,,3.9
106.39,1.293,,3.9
106.4,1.293,,3.9
106.41,1.293,-0.330093,3.9
106.42,1.293,-2.04244,3.9
106.43,1.293,-3.53939,3.9
106.44,1.293,4.24128,3.9
106.45,1.293,1.9525,3.9
106.46,1.293,-6.41202,3.9
106.47,1.293,5.7165,3.9
106.48,1.293,0.310238,3.9
106.49,1.293,0.395627,3.9
106.5,1.293,4.25166,3.9
106.51,1.293,1.56054,3.9
106.52,1.293,8.95963,3.9
106.53,1.293,17.6243,3.9
106.54,1.293,17.192,3.9
106.55,1.293,-3.62082,3.9
106.56,1.293,1.41202,3.9
106.57,1.293,2.43899,3.9
106.58,1.293,2.54711,3.9
106.59,1.293,2.788,3.9
106.6,1.293,2.25373,3.9
106.61,1.293,14.006,3.9
106.62,1.293,5.2313,3.9
106.63,1.293,5.35165,3.9
106.64,1.293,5.39549,3.9
106.65,1.293,1.67622,3.9
106.66,1.29503,5.52906,3.9
106.67,1.29763,13.2425,3.9
106.68,1.30023,2.42568,3.9
106.69,1.30283,6.24385,3.9
106.7,1.30543,10.5326,3.9
106.71,1.30803,5.94813,3.9
106.72,1.31063,11.9369,3.9
106.73,1.31323,5.97652,3.9
106.74,1.31583,11.9461,3.9
106.75,1.31843,8.48136,3.9
106.76,1.31697,1.20437,3.9
106.77,1.31437,-3.64969,3.9
106.78,1.31177,9.607,3.9
106.79,1.30917,9.45893,3.9
106.8,1.30657,0.376679,3.9
106.81,1.30397,-3.11965,3.9
106.82,1.30137,7.0293,3.9
106.83,1.29877,-3.53056,3.9
106.84,1.29617,17.5487,3.9
106.85,1.29357,-0.923589,3.9
106.86,1.293,6.76939,3.9
106.87,1.293,0.09842,3.9
106.88,1.293,-3.41202,3.9
106.89,1.293,1.81227,3.9
106.9,1.293,15.453,3.9
106.91,1.293,-1.18132,3.9
106.92,1.293,5.53647,3.9
106.93,1.293,-1.52687,3.9
106.94,1.293,2.85542,3.9
106.95,1.293,5.00624,3.9
106.96,1.29503,0.674814,3.9
106.97,1.29763,2.44498,3.9
106.98,1.30023,-6.22384,3.9
106.99,1.30283,-4.44457,3.9
107,1.30543,-2.66529,3.9
107.01,1.30803,,3.9
107.02,1.31063,,3.9
107.03,1.31323,,3.9
107.04,1.31583,,3.9
107.05,1.31843,,3.9
107.06,1.31697,,3.9
107.07,1.31437,9.78966,3.9
107.08,1.31177,11.5689,3.9
107.09,1.30917,11.5773,3.9
107.1,1.30657,7.70095,3.9
107.11,1.30397,3.1765,3.9
107.12,1.30137,3.56088,3.9
107.13,1.29877,2.45384,3.9
107.14,1.29617,-2.8215,3.9
107.15,1.29357,1.22961,3.9
107.16,1.293,5.60205,3.9
107.17,1.293,4.44911,3.9
107.18,1.293,-3.67624,3.9
107.19,1.293,-1.46078,3.9
107.2,1.293,7.92119,3.9
107.21,1.293,-7.09527,3.9
107.22,1.293,1.28263,3.9
107.23,1.293,-1.36063,3.9
107.24,1.293,4.69255,3.9
107.25,1.293,-3.65957,3.9
107.26,1.29503,3.4201,3.9
107.27,1.29763,6.14819,3.9
107.28,1.30023,16.642,3.9
107.29,1.30283,-0.925095,3.9
107.3,1.30543,8.35854,3.9
107.31,1.30803,2.62832,3.9
107.32,1.31063,6.52643,3.9
107.33,1.31323,12.1532,3.9
107.34,1.31583,0.189166,3.9
107.35,1.31843,8.00636,3.9
107.36,1.31697,16.2192,3.9
107.37,1.31437,2.65568,3.9
107.38,1.31177,4.63551,3.9
107.39,1.30917,9.67998,3.9
107.4,1.30657,-0.29174,3.9
107.41,1.30397,10.0809,3.9
107.42,1.30137,0.00151907,3.9
107.43,1.29877,7.10317,3.9
107.44,1.29617,5.71407,3.9
107.45,1.29357,3.99585,3.9
107.46,1.293,-5.70438,3.9
107.47,1.293,3.49599,3.9
107.48,1.293,-1.50461,3.9
107.49,1.293,-0.351868,3.9
107.5,1.293,6.36966,3.9
107.51,1.293,11.2783,3.9
107.52,1.293,6.874,3.9
107.53,1.293,2.64967,3.9
107.54,1.293,-0.574426,3.9
107.55,1.293,5.10372,3.9
107.56,1.29503,6.33274,3.9
107.57,1.29763,,3.9
107.58,1.30023,,3.9
107.59,1.30283,,3.9
107.6,1.30543,,3.9
107.61,1.30803,,3.9
107.62,1.31063,,3.9
107.63,1.31323,14.9359,3.9
107.64,1.31583,16.165,3.9
107.65,1.31843,17.394,3.9
107.66,1.31697,6.96617,3.9
107.67,1.31437,3.84128,3.9
107.68,1.31177,0.120867,3.9
107.69,1.30917,-1.61871,3.9
107.7,1.30657,1.89558,3.9
107.71,1.30397,-0.480145,3.9
107.72,1.30137,-3.40082,3.9
107.73,1.29877,0.788291,3.9
107.74,1.29617,5.41582,3.9
107.75,1.29357,12.1951,3.9
107.76,1.293,7.40156,3.9
107.77,1.293,-1.74045,3.9
107.78,1.293,-2.6075,3.9
107.79,1.293,0.749048,3.9
107.8,1.293,2.93669,3.9
107.81,1.293,4.3723,3.9
107.82,1.293,3.41843,3.9
107.83,1.293,7.83557,3.9
107.84,1.293,10.084,3.9
107.85,1.293,11.738,3.9
107.86,1.293,1.92755,3.9
107.87,1.293,5.39843,3.9
107.88,1.293,-1.77494,3.9
107.89,1.293,7.21468,3.9
107.9,1.293,-3.29259,3.9
107.91,1.293,3.44955,3.9
107.92,1.293,4.87349,3.9
107.93,1.293,4.25881,3.9
107.94,1.293,1.70479,3.9
107.95,1.293,7.05334,3.9
107.96,1.293,6.75555,3.9
107.97,1.293,-2.30569,3.9
107.98,1.293,9.0055,3.9
107.99,1.293,7.86948,3.9
108,1.293,-3.54772,3.9
108.01,1.293,-6.30145,3.9
108.02,1.293,-6.41202,3.9
108.03,1.293,10.9675,3.9
108.04,1.293,4.64959,3.9
108.05,1.293,1.67203,3.9
108.06,1.293,-0.862635,3.9
108.07,1.293,-0.442703,3.9
108.08,1.293,0.172627,3.9
108.09,1.293,,3.9
108.1,1.293,,3.9
108.11,1.293,,3.9
108.12,1.293,,3.9
108.13,1.293,,3.9
108.14,1.293,,3.9
108.15,1.293,,3.9
108.16,1.29505,,3.9
108.17,1.29768,5.71059,3.9
108.18,1.3003,6.32592,3.9
108.19,1.30293,6.94125,3.9
108.2,1.30556,5.65776,3.9
108.21,1.30818,6.63706,3.9
108.22,1.31081,3.17205,3.9
108.23,1.31343,2.59505,3.9
108.24,1.31606,0.452891,3.9
108.25,1.31869,0.486524,3.9
108.26,1.319,1.24133,3.9
108.27,1.319,5.92703,3.9
108.28,1.319,6.89723,3.9
108.29,1.319,3.71741,3.9
108.3,1.319,5.34761,3.9
108.31,1.319,7.01267,3.9
108.32,1.319,4.81693,3.9
108.33,1.319,0.315656,3.9
108.34,1.319,-1.03447,3.9
108.35,1.319,2.94479,3.9
108.36,1.31697,-4.21914,3.9
108.37,1.31437,-2.57992,3.9
108.38,1.31177,-1.13806,3.9
108.39,1.30917,1.35796,3.9
108.4,1.30657,-0.252781,3.9
108.41,1.30397,1.35699,3.9
108.42,1.30137,-2.3679,3.9
108.43,1.29877,-1.88017,3.9
108.44,1.29617,-0.0439666,3.9
108.45,1.29357,7.53193,3.9
108.46,1.29503,1.00018,3.9
108.47,1.29763,-0.7235,3.9
108.48,1.30023,5.1764,3.9
108.49,1.30283,10.8772,3.9
108.5,1.30543,0.283631,3.9
108.51,1.30803,0.562387,3.9
108.52,1.31063,-1.72152,3.9
108.53,1.31323,1.77077,3.9
108.54,1.31583,-1.68885,3.9
108.55,1.31843,4.86307,3.9
108.56,1.31697,7.95539,3.9
108.57,1.31437,4.66398,3.9
108.58,1.31177,-2.23865,3.9
108.59,1.30917,2.04405,3.9
108.6,1.30657,3.38581,3.9
108.61,1.30397,4.7235,3.9
108.62,1.30137,6.06119,3.9
108.63,1.29877,,3.9
108.64,1.29617,,3.9
108.65,1.29357,,3.9
108.66,1.293,,3.9
108.67,1.293,,3.9
108.68,1.293,,3.9
108.69,1.293,,3.9
108.7,1.293,16.7627,3.9
108.71,1.293,18.1004,3.9
108.72,1.293,17.048,3.9
108.73,1.293,4.67678,3.9
108.74,1.293,-4.48306,3.9
108.75,1.293,4.3723,3.9
108.76,1.29527,4.3723,3.9
108.77,1.29784,16.1083,3.9
108.78,1.30042,11.6765,3.9
108.79,1.30299,-1.79552,3.9
108.8,1.30556,-0.287684,3.9
108.81,1.30814,5.46613,3.9
108.82,1.31071,11.8515,3.9
108.83,1.31329,9.30889,3.9
108.84,1.31586,15.8824,3.9
108.85,1.31844,4.11803,3.9
108.86,1.31697,8.86384,3.9
108.87,1.31437,7.41105,3.9
108.88,1.31177,-3.03523,3.9
108.89,1.30917,4.30622,3.9
108.9,1.30657,3.14927,3.9
108.91,1.30397,-1.40875,3.9
108.92,1.30137,-5.53587,3.9
108.93,1.29877,5.22958,3.9
108.94,1.29617,0.253717,3.9
108.95,1.29357,14.7696,3.9
108.96,1.293,8.53898,3.9
108.97,1.293,5.64269,3.9
108.98,1.293,3.68144,3.9
108.99,1.293,14.7192,3.9
109,1.293,-0.997048,3.9
109.01,1.293,0.531417,3.9
109.02,1.293,12.2239,3.9
109.03,1.293,-0.974788,3.9
109.04,1.293,1.67622,3.9
109.05,1.293,1.67622,3.9
109.06,1.29511,11.3733,3.9
109.07,1.29781,9.3798,3.9
109.08,1.30051,-0.310292,3.9
109.09,1.30321,17.6294,3.9
109.1,1.30591,11.3852,3.9
109.11,1.30861,12.0149,3.9
109.12,1.31131,10.5553,3.9
109.13,1.31401,15.3803,3.9
109.14,1.31671,-4.32,3.9
109.15,1.31941,4.72513,3.9
109.16,1.31787,4.26915,3.9
109.17,1.31514,1.67622,3.9
109.18,1.31242,1.67622,3.9
109.19,1.30969,1.67622,3.9
109.2,1.30696,,3.9
109.21,1.30423,,3.9
109.22,1.30151,,3.9
109.23,1.29878,,3.9
109.24,1.29605,,3.9
109.25,1.29333,,3.9
109.26,1.293,,3.9
109.27,1.293,,3.9
109.28,1.293,1.67622,3.9
109.29,1.293,1.67622,3.9
109.3,1.293,1.44345,3.9
109.31,1.293,1.25987,3.9
109.32,1.293,3.25543,3.9
109.33,1.293,3.52015,3.9
109.34,1.293,1.49989,3.9
109.35,1.293,8.05327,3.9
109.36,1.293,17.8527,3.9
109.37,1.293,8.47127,3.9
109.38,1.293,4.57486,3.9
109.39,1.293,1.4762,3.9
109.4,1.293,1.96123,3.9
109.41,1.293,17.2245,3.9
109.42,1.293,0.605673,3.9
109.43,1.293,12.1147,3.9
109.44,1.293,-0.240551,3.9
109.45,1.293,-4.71545,3.9
109.46,1.293,9.56321,3.9
109.47,1.293,8.05398,3.9
109.48,1.293,1.27886,3.9
109.49,1.293,-4.67203,3.9
109.5,1.293,-0.451916,3.9
109.51,1.293,1.58138,3.9
109.52,1.293,16.707,3.9
109.53,1.293,3.48985,3.9
109.54,1.293,-0.705519,3.9
109.55,1.293,13.2338,3.9
109.56,1.293,7.06818,3.9
109.57,1.293,-0.385725,3.9
109.58,1.293,5.46176,3.9
109.59,1.293,11.9071,3.9
109.6,1.293,6.7395,3.9
109.61,1.293,0.303469,3.9
109.62,1.293,2.06556,3.9
109.63,1.293,2.01227,3.9
109.64,1.293,12.9175,3.9
109.65,1.293,3.08159,3.9
109.66,1.29503,4.41707,3.9
109.67,1.29763,11.7083,3.9
109.68,1.30023,3.87586,3.9
109.69,1.30283,2.07665,3.9
109.7,1.30543,10.5746,3.9
109.71,1.30803,6.47122,3.9
109.72,1.31063,2.30843,3.9
109.73,1.31323,8.22088,3.9
109.74,1.31583,11.5777,3.9
109.75,1.31843,10.3355,3.9
109.76,1.31697,1.31897,3.9
109.77,1.31437,2.35256,3.9
109.78,1.31177,-3.53885,3.9
109.79,1.30917,-2.81044,3.9
109.8,1.30657,-2.08203,3.9
109.81,1.30397,,3.9
109.82,1.30137,,3.9
109.83,1.29877,,3.9
109.84,1.29617,,3.9
109.85,1.29357,,3.9
109.86,1.293,,3.9
109.87,1.293,3.01684,3.9
109.88,1.293,3.74525,3.9
109.89,1.293,4.10656,3.9
109.9,1.293,2.19691,3.9
109.91,1.293,7.72488,3.9
109.92,1.293,1.33243,3.9
109.93,1.293,6.19826,3.9
109.94,1.293,-2.88855,3.9
109.95,1.293,-3.69401,3.9
109.96,1.293,3.10567,3.9
109.97,1.293,9.63346,3.9
109.98,1.293,6.13016,3.9
109.99,1.293,16.3102,3.9
110,1.293,3.71808,3.9
110.01,1.293,10.373,3.9
110.02,1.293,5.33189,3.9
110.03,1.293,-2.64429,3.9
110.04,1.293,0.72367,3.9
110.05,1.293,12.0115,3.9
110.06,1.293,8.26307,3.9
110.07,1.293,-1.93172,3.9
110.08,1.293,6.07852,3.9
110.09,1.293,-6.31887,3.9
110.1,1.293,6.71732,3.9
110.11,1.293,12.7682,3.9
110.12,1.293,16.8869,3.9
110.13,1.293,11.2867,3.9
110.14,1.293,9.49238,3.9
110.15,1.293,2.07284,3.9
110.16,1.293,4.58428,3.9
110.17,1.293,3.68483,3.9
110.18,1.293,1.51006,3.9
110.19,1.293,2.12665,3.9
110.2,1.293,3.41064,3.9
110.21,1.293,14.4042,3.9
110.22,1.293,2.74872,3.9
110.23,1.293,6.23855,3.9
110.24,1.293,13.2717,3.9
110.25,1.293,6.2438,3.9
110.26,1.29511,7.54903,3.9
110.27,1.29781,-0.186079,3.9
110.28,1.30051,2.72138,3.9
110.29,1.30321,-3.48388,3.9
110.3,1.30591,-0.814993,3.9
110.31,1.30861,-0.0493579,3.9
110.32,1.31131,0.716277,3.9
110.33,1.31401,,3.9
110.34,1.31671,,3.9
110.35,1.31941,,3.9
110.36,1.31789,,3.9
110.37,1.31519,,3.9
110.38,1.31249,,3.9
110.39,1.30979,,3.9
110.4,1.30709,,3.9
110.41,1.30439,,3.9
110.42,1.30169,8.37263,3.9
110.43,1.29899,9.13826,3.9
110.44,1.29629,7.5552,3.9
110.45,1.29359,-0.659646,3.9
110.46,1.293,8.42586,3.9
110.47,1.293,8.37132,3.9
110.48,1.293,2.13412,3.9
110.49,1.293,5.74648,3.9
110.5,1.293,11.7026,3.9
110.51,1.293,6.67685,3.9
110.52,1.293,-0.204088,3.9
110.53,1.293,-1.84092,3.9
110.54,1.293,2.80853,3.9
110.55,1.293,4.41738,3.9
110.56,1.29503,13.9488,3.9
110.57,1.29763,10.4909,3.9
110.58,1.30023,2.432,3.9
110.59,1.30283,1.32686,3.9
110.6,1.30543,5.67419,3.9
110.61,1.30803,1.5412,3.9
110.62,1.31063,2.9027,3.9
110.63,1.31323,15.3711,3.9
110.64,1.31583,-0.461971,3.9
110.65,1.31843,8.14678,3.9
110.66,1.31697,5.5913,3.9
110.67,1.31437,-0.667589,3.9
110.68,1.31177,1.78872,3.9
110.69,1.30917,4.02849,3.9
110.7,1.30657,4.3723,3.9
110.71,1.30397,8.1427,3.9
110.72,1.30137,8.85972,3.9
110.73,1.29877,-0.613661,3.9
110.74,1.29617,9.16482,3.9
110.75,1.29357,-4.32114,3.9
110.76,1.293,9.22314,3.9
110.77,1.293,-3.32269,3.9
110.78,1.293,-0.204864,3.9
110.79,1.293,-0.444973,3.9
110.8,1.293,-0.895827,3.9
110.81,1.293,-3.34286,3.9
110.82,1.293,1.67622,3.9
110.83,1.293,6.09693,3.9
110.84,1.293,-0.0400079,3.9
110.85,1.293,-0.310113,3.9
110.86,1.29503,0.91046,3.9
110.87,1.29763,,3.9
110.88,1.30023,,3.9
110.89,1.30283,,3.9
110.9,1.30543,,3.9
110.91,1.30803,,3.9
110.92,1.31063,8.2339,3.9
110.93,1.31323,9.45447,3.9
110.94,1.31583,10.675,3.9
110.95,1.31843,5.05843,3.9
110.96,1.31697,4.66759,3.9
110.97,1.31437,11.3168,3.9
110.98,1.31177,5.62915,3.9
110.99,1.30917,-1.00523,3.9
111,1.30657,2.11771,3.9
111.01,1.30397,1.73843,3.9
111.02,1.30137,1.56686,3.9
111.03,1.29877,5.06068,3.9
111.04,1.29617,8.5533,3.9
111.05,1.29357,-2.6685,3.9
111.06,1.293,8.70539,3.9
111.07,1.293,-1.01986,3.9
111.08,1.293,6.72227,3.9
111.09,1.293,3.24228,3.9
111.1,1.293,10.0531,3.9
111.11,1.293,-5.90046,3.9
111.12,1.293,-2.93111,3.9
111.13,1.293,4.35185,3.9
111.14,1.293,15.0674,3.9
111.15,1.293,-6.41202,3.9
111.16,1.29513,9.59585,3.9
111.17,1.29786,6.20869,3.9
111.18,1.30058,10.5251,3.9
111.19,1.30331,0.26084,3.9
111.2,1.30604,-0.530165,3.9
111.21,1.30877,9.87848,3.9
111.22,1.31149,10.7226,3.9
111.23,1.31422,7.66163,3.9
111.24,1.31695,4.07922,3.9
111.25,1.31967,-1.33814,3.9
111.26,1.31765,11.6525,3.9
111.27,1.31497,5.33023,3.9
111.28,1.3123,14.639,3.9
111.29,1.30963,4.44381,3.9
111.3,1.30695,0.677986,3.9
111.31,1.30428,11.0215,3.9
111.32,1.30161,5.33199,3.9
111.33,1.29893,6.74799,3.9
111.34,1.29626,2.80233,3.9
111.35,1.29359,5.4934,3.9
111.36,1.293,-1.45984,3.9
111.37,1.293,-1.89172,3.9
111.38,1.293,-1.01986,3.9
111.39,1.293,-0.703105,3.9
111.4,1.293,-0.293234,3.9
111.41,1.293,,3.9
111.42,1.293,,3.9
111.43,1.293,,3.9
111.44,1.293,,3.9
111.45,1.293,,3.9
111.46,1.293,,3.9
111.47,1.293,,3.9
111.48,1.293,,3.9
111.49,1.293,3.39561,3.9
111.5,1.293,3.80548,3.9
111.51,1.293,4.21535,3.9
111.52,1.293,3.27097,3.9
111.53,1.293,-0.405375,3.9
111.54,1.293,2.63647,3.9
111.55,1.293,9.78897,3.9
111.56,1.293,5.71228,3.9
111.57,1.293,2.80795,3.9
111.58,1.293,4.25512,3.9
111.59,1.293,4.81953,3.9
111.6,1.293,6.19628,3.9
111.61,1.293,2.60927,3.9
111.62,1.293,3.29266,3.9
111.63,1.293,2.64323,3.9
111.64,1.293,-1.15318,3.9
111.65,1.293,8.45466,3.9
111.66,1.293,11.3454,3.9
111.67,1.293,-0.620314,3.9
111.68,1.293,3.38071,3.9
111.69,1.293,6.16896,3.9
111.7,1.293,6.24308,3.9
111.71,1.293,-1.22371,3.9
111.72,1.293,11.3306,3.9
111.73,1.293,4.13253,3.9
111.74,1.293,-3.54573,3.9
111.75,1.293,4.85288,3.9
111.76,1.29511,10.8879,3.9
111.77,1.29781,9.32519,3.9
111.78,1.30051,5.21652,3.9
111.79,1.30321,7.68823,3.9
111.8,1.30591,-3.51342,3.9
111.81,1.30861,-3.76801,3.9
111.82,1.31131,-3.97253,3.9
111.83,1.31401,2.77011,3.9
111.84,1.31671,0.690163,3.9
111.85,1.31941,2.9836,3.9
111.86,1.31789,17.8527,3.9
111.87,1.31519,15.1566,3.9
111.88,1.31249,3.46874,3.9
111.89,1.30979,10.9655,3.9
111.9,1.30709,4.1361,3.9
111.91,1.30439,-1.10172,3.9
111.92,1.30169,13.744,3.9
111.93,1.29899,7.26478,3.9
111.94,1.29629,2.18854,3.9
111.95,1.29359,1.37634,3.9
111.96,1.293,-3.71594,3.9
111.97,1.293,-3.71594,3.9
111.98,1.293,,3.9
111.99,1.293,,3.9
112,1.293,,3.9
112.01,1.293,,3.9
112.02,1.293,-3.71594,3.9
112.03,1.293,-3.71594,3.9
112.04,1.293,-3.71594,3.9
112.05,1.293,7.17128,3.9
112.06,1.293,7.22442,3.9
112.07,1.293,9.02554,3.9
112.08,1.293,7.41336,3.9
112.09,1.293,4.10529,3.9
112.1,1.293,13.0614,3.9
112.11,1.293,1.80316,3.9
112.12,1.293,5.12546,3.9
112.13,1.293,2.7086,3.9
112.14,1.293,-4.87624,3.9
112.15,1.293,1.29469,3.9
112.16,1.29511,12.1549,3.9
112.17,1.29781,10.5871,3.9
112.18,1.30051,16.0409,3.9
112.19,1.30321,-0.598439,3.9
112.2,1.30591,1.72326,3.9
112.21,1.30861,1.30935,3.9
112.22,1.31131,0.0420351,3.9
112.23,1.31401,3.36789,3.9
112.24,1.31671,0.385014,3.9
112.25,1.31941,-2.19968,3.9
112.26,1.31789,0.114226,3.9
112.27,1.31519,1.25139,3.9
112.28,1.31249,10.7805,3.9
112.29,1.30979,13.5848,3.9
112.3,1.30709,14.3371,3.9
112.31,1.30439,11.632,3.9
112.32,1.30169,5.03909,3.9
112.33,1.29899,5.5071,3.9
112.34,1.29629,1.00444,3.9
112.35,1.29359,-1.58126,3.9
112.36,1.29511,5.41751,3.9
112.37,1.29781,8.31036,3.9
112.38,1.30051,1.86253,3.9
112.39,1.30321,0.776,3.9
112.4,1.30591,12.2004,3.9
112.41,1.30861,8.46639,3.9
112.42,1.31131,5.76498,3.9
112.43,1.31401,5.57466,3.9
112.44,1.31671,0.265918,3.9
112.45,1.31941,-2.8554,3.9
112.46,1.31789,0.447315,3.9
112.47,1.31519,1.0736,3.9
112.48,1.31249,1.69988,3.9
112.49,1.30979,,3.9
112.5,1.30709,,3.9
112.51,1.30439,,3.9
112.52,1.30169,,3.9
112.53,1.29899,,3.9
112.54,1.29629,,3.9
112.55,1.29359,,3.9
112.56,1.293,,3.9
112.57,1.293,7.33644,3.9
112.58,1.293,7.96272,3.9
112.59,1.293,6.55842,3.9
112.6,1.293,4.65158,3.9
112.61,1.293,9.73309,3.9
112.62,1.293,3.07074,3.9
112.63,1.293,5.4735,3.9
112.64,1.293,7.75386,3.9
112.65,1.293,1.19659,3.9
112.66,1.293,0.435473,3.9
112.67,1.293,13.0202,3.9
112.68,1.293,8.66325,3.9
112.69,1.293,14.5,3.9
112.7,1.293,14.097,3.9
112.71,1.293,-0.854043,3.9
112.72,1.293,2.39468,3.9
112.73,1.293,17.3713,3.9
112.74,1.293,6.89346,3.9
112.75,1.293,-3.56979,3.9
112.76,1.293,4.36938,3.9
112.77,1.293,1.76639,3.9
112.78,1.293,8.34846,3.9
112.79,1.293,7.53862,3.9
112.8,1.293,-0.00484504,3.9
112.81,1.293,2.52594,3.9
112.82,1.293,-1.61735,3.9
112.83,1.293,-2.04126,3.9
112.84,1.293,-2.90135,3.9
112.85,1.293,5.38322,3.9
112.86,1.293,8.41642,3.9
112.87,1.293,6.00524,3.9
112.88,1.293,3.10892,3.9
112.89,1.293,12.6431,3.9
112.9,1.293,6.6447,3.9
112.91,1.293,11.177,3.9
112.92,1.293,4.92299,3.9
112.93,1.293,15.7064,3.9
112.94,1.293,13.9461,3.9
112.95,1.293,1.46793,3.9
112.96,1.29511,5.94228,3.9
112.97,1.29781,-3.51626,3.9
112.98,1.30051,-2.3137,3.9
112.99,1.30321,15.2164,3.9
113,1.30591,-2.2965,3.9
113.01,1.30861,16.9711,3.9
113.02,1.31131,3.69543,3.9
113.03,1.31401,15.259,3.9
113.04,1.31671,0.39066,3.9
113.05,1.31941,1.5985,3.9
113.06,1.31789,-1.11929,3.9
113.07,1.31519,11.8004,3.9
113.08,1.31249,4.53906,3.9
113.09,1.30979,-0.889599,3.9
113.1,1.30709,2.62998,3.9
113.11,1.30439,-0.903893,3.9
113.12,1.30169,7.41194,3.9
113.13,1.29899,9.49731,3.9
113.14,1.29629,3.2108,3.9
113.15,1.29359,-2.78448,3.9
113.16,1.293,4.3723,3.9
113.17,1.293,-0.417837,3.9
113.18,1.293,-3.5736,3.9
113.19,1.293,-3.30033,3.9
113.2,1.293,,3.9
113.21,1.293,,3.9
113.22,1.293,,3.9
113.23,1.293,,3.9
113.24,1.293,,3.9
113.25,1.293,-1.66067,3.9
113.26,1.29511,-1.38739,3.9
113.27,1.29781,-1.11411,3.9
113.28,1.30051,3.32636,3.9
113.29,1.30321,-0.306042,3.9
113.3,1.30591,5.22981,3.9
113.31,1.30861,3.83436,3.9
113.32,1.31131,-0.855841,3.9
113.33,1.31401,-0.434022,3.9
113.34,1.31671,1.91318,3.9
113.35,1.31941,5.7124,3.9
113.36,1.32,1.91542,3.9
113.37,1.32,9.78728,3.9
113.38,1.32,7.88852,3.9
113.39,1.32,1.76716,3.9
113.4,1.32,11.6131,3.9
113.41,1.32,7.29971,3.9
113.42,1.32,-3.71594,3.9
113.43,1.32,-3.71594,3.9
113.44,1.32,-1.73915,3.9
113.45,1.32,12.3699,3.9
113.46,1.31789,4.63995,3.9
113.47,1.31519,7.05484,3.9
113.48,1.31249,17.8527,3.9
113.49,1.30979,16.1092,3.9
113.5,1.30709,5.02206,3.9
113.51,1.30439,-3.92284,3.9
113.52,1.30169,9.57662,3.9
113.53,1.29899,6.76133,3.9
113.54,1.29629,1.83074,3.9
113.55,1.29359,3.84452,3.9
113.56,1.293,0.488394,3.9
113.57,1.293,-3.52586,3.9
113.58,1.293,6.96904,3.9
113.59,1.293,-4.6075,3.9
113.6,1.293,6.50651,3.9
113.61,1.293,-1.94092,3.9
113.62,1.293,-0.444839,3.9
113.63,1.293,2.49044,3.9
113.64,1.293,9.23801,3.9
113.65,1.293,9.85767,3.9
113.66,1.293,6.16538,3.9
113.67,1.293,-2.6634,3.9
113.68,1.293,6.69458,3.9
113.69,1.293,0.755393,3.9
113.7,1.293,0.0225827,3.9
113.71,1.293,-1.75839,3.9
113.72,1.293,8.65197,3.9
113.73,1.293,13.3502,3.9
113.74,1.293,8.39078,3.9
113.75,1.293,2.54547,3.9
113.76,1.293,8.51923,3.9
113.77,1.293,3.87778,3.9
113.78,1.293,-0.0538267,3.9
113.79,1.293,12.0755,3.9
113.8,1.293,11.5173,3.9
113.81,1.293,9.17305,3.9
113.82,1.293,17.0497,3.9
113.83,1.293,15.4367,3.9
113.84,1.293,13.8238,3.9
113.85,1.293,,3.9
113.86,1.29511,,3.9
113.87,1.29781,,3.9
113.88,1.30051,,3.9
113.89,1.30321,,3.9
113.9,1.30591,4.14606,3.9
113.91,1.30861,2.5331,3.9
113.92,1.31131,1.21139,3.9
113.93,1.31401,2.44776,3.9
113.94,1.31671,8.38742,3.9
113.95,1.31941,4.36548,3.9
113.96,1.31789,15.4405,3.9
113.97,1.31519,15.773,3.9
113.98,1.31249,10.0496,3.9
113.99,1.30979,6.56337,3.9
114,1.30709,1.87138,3.9
114.01,1.30439,6.90214,3.9
114.02,1.30169,-2.94926,3.9
114.03,1.29899,9.05134,3.9
114.04,1.29629,3.29069,3.9
114.05,1.29359,-0.628755,3.9
114.06,1.293,1.47107,3.9
114.07,1.293,17.5734,3.9
114.08,1.293,7.24239,3.9
114.09,1.293,-2.36847,3.9
114.1,1.293,-2.39692,3.9
114.11,1.293,4.88069,3.9
114.12,1.293,2.05595,3.9
114.13,1.293,18.5138,3.9
114.14,1.293,2.67723,3.9
114.15,1.293,7.48574,3.9
114.16,1.293,2.23353,3.9
114.17,1.293,-0.599651,3.9
114.18,1.293,0.826198,3.9
114.19,1.293,3.23307,3.9
114.2,1.293,2.81161,3.9
114.21,1.293,7.06838,3.9
114.22,1.293,3.3136,3.9
114.23,1.293,-3.43862,3.9
114.24,1.293,0.108477,3.9
114.25,1.293,-1.01917,3.9
114.26,1.293,8.67826,3.9
114.27,1.293,-0.313404,3.9
114.28,1.293,13.0433,3.9
114.29,1.293,7.2974,3.9
114.3,1.293,3.25918,3.9
114.31,1.293,0.672327,3.9
114.32,1.293,9.67011,3.9
114.33,1.293,-0.06675,3.9
114.34,1.293,10.5726,3.9
114.35,1.293,16.7535,3.9
114.36,1.293,-3.18648,3.9
114.37,1.293,6.9312,3.9
114.38,1.293,-3.71594,3.9
114.39,1.293,-3.71594,3.9
114.4,1.293,-3.69512,3.9
114.41,1.293,-2.47968,3.9
114.42,1.293,-3.65246,3.9
114.43,1.293,-6.22214,3.9
114.44,1.293,6.21782,3.9
114.45,1.293,4.79766,3.9
114.46,1.29511,5.57927,3.9
114.47,1.29781,7.9241,3.9
114.48,1.30051,4.10661,3.9
114.49,1.30321,4.0319,3.9
114.5,1.30591,8.643,3.9
114.51,1.30861,1.6899,3.9
114.52,1.31131,-0.527907,3.9
114.53,1.31401,0.147181,3.9
114.54,1.31671,,3.9
114.55,1.31941,,3.9
114.56,1.31789,,3.9
114.57,1.31519,,3.9
114.58,1.31249,,3.9
114.59,1.30979,,3.9
114.6,1.30709,,3.9
114.61,1.30439,5.54789,3.9
114.62,1.30169,6.22298,3.9
114.63,1.29899,6.89806,3.9
114.64,1.29629,9.05082,3.9
114.65,1.29359,13.0532,3.9
114.66,1.293,12.0904,3.9
114.67,1.293,11.9738,3.9
114.68,1.293,0.00840689,3.9
114.69,1.293,3.41955,3.9
114.7,1.293,12.6804,3.9
114.71,1.293,5.14923,3.9
114.72,1.293,6.82265,3.9
114.73,1.293,8.93903,3.9
114.74,1.293,4.27919,3.9
114.75,1.293,5.35241,3.9
114.76,1.293,-4.04699,3.9
114.77,1.293,-0.173648,3.9
114.78,1.293,-2.48476,3.9
114.79,1.293,3.59107,3.9
114.8,1.293,12.9305,3.9
114.81,1.293,2.06724,3.9
114.82,1.293,7.96753,3.9
114.83,1.293,12.2195,3.9
114.84,1.293,14.9828,3.9
114.85,1.293,15.9632,3.9
114.86,1.293,3.57077,3.9
114.87,1.293,-2.21011,3.9
114.88,1.293,17.2337,3.9
114.89,1.293,1.14194,3.9
114.9,1.293,8.81521,3.9
114.91,1.293,4.3723,3.9
114.92,1.293,-2.55968,3.9
114.93,1.293,-3.71594,3.9
114.94,1.293,-3.71594,3.9
114.95,1.293,-5.86441,3.9
114.96,1.293,2.18471,3.9
114.97,1.293,7.97191,3.9
114.98,1.293,-0.617005,3.9
114.99,1.293,-0.458411,3.9
115,1.293,12.648,3.9
115.01,1.293,-2.3601,3.9
115.02,1.293,-3.19493,3.9
115.03,1.293,8.24391,3.9
115.04,1.293,14.7269,3.9
115.05,1.293,3.44627,3.9
115.06,1.293,5.08425,3.9
115.07,1.293,5.0245,3.9
115.08,1.293,8.27359,3.9
115.09,1.293,-0.308437,3.9
115.1,1.293,9.45358,3.9
115.11,1.293,-4.53436,3.9
115.12,1.293,-0.946283,3.9
115.13,1.293,6.15862,3.9
115.14,1.293,17.8527,3.9
115.15,1.293,8.28794,3.9
115.16,1.293,2.27162,3.9
115.17,1.293,-3.71594,3.9
115.18,1.293,-3.71594,3.9
115.19,1.293,-3.71594,3.9
115.2,1.293,,3.9
115.21,1.293,,3.9
115.22,1.293,,3.9
115.23,1.293,,3.9
115.24,1.293,,3.9
115.25,1.293,-3.71594,3.9
115.26,1.29097,-3.71594,3.9
115.27,1.28837,-3.71594,3.9
115.28,1.28577,4.80747,3.9
115.29,1.28317,2.43535,3.9
115.3,1.28057,6.46587,3.9
115.31,1.27797,5.35026,3.9
115.32,1.27537,3.20487,3.9
115.33,1.27277,4.33392,3.9
115.34,1.27017,17.3912,3.9
115.35,1.26757,11.8802,3.9
115.36,1.26903,6.07043,3.9
115.37,1.27163,-3.59907,3.9
115.38,1.27423,-3.70292,3.9
115.39,1.27683,6.30489,3.9
115.4,1.27943,2.99539,3.9
115.41,1.28203,-1.68611,3.9
115.42,1.28463,-1.11299,3.9
115.43,1.28723,1.45102,3.9
115.44,1.28983,1.67622,3.9
115.45,1.29243,-3.17357,3.9
115.46,1.293,-6.10596,3.9
115.47,1.293,-1.01986,3.9
115.48,1.293,-1.01986,3.9
115.49,1.293,1.7329,3.9
115.5,1.293,11.8602,3.9
115.51,1.293,5.74307,3.9
115.52,1.293,0.270007,3.9
115.53,1.293,3.23878,3.9
115.54,1.293,1.32321,3.9
115.55,1.293,2.05984,3.9
115.56,1.293,-3.71594,3.9
115.57,1.293,9.45069,3.9
115.58,1.293,6.86681,3.9
115.59,1.293,12.4196,3.9
115.6,1.293,19.1907,3.9
115.61,1.293,14.8051,3.9
115.62,1.293,7.52557,3.9
115.63,1.293,6.19077,3.9
115.64,1.293,2.53473,3.9
115.65,1.293,6.62159,3.9
115.66,1.29511,11.4402,3.9
115.67,1.29781,4.25798,3.9
115.68,1.30051,2.06383,3.9
115.69,1.30321,2.74736,3.9
115.7,1.30591,-1.87754,3.9
115.71,1.30861,-1.31385,3.9
115.72,1.31131,-2.36044,3.9
115.73,1.31401,-2.97175,3.9
115.74,1.31671,0.518828,3.9
115.75,1.31941,6.353,3.9
115.76,1.31789,10.7619,3.9
115.77,1.31519,4.85008,3.9
115.78,1.31249,7.06838,3.9
115.79,1.30979,7.06838,3.9
115.8,1.30709,6.51125,3.9
115.81,1.30439,-1.16558,3.9
115.82,1.30169,-3.64986,3.9
115.83,1.29899,-1.79118,3.9
115.84,1.29629,9.57433,3.9
115.85,1.29359,15.1328,3.9
115.86,1.293,13.5941,3.9
115.87,1.293,12.0554,3.9
115.88,1.293,,3.9
115.89,1.293,,3.9
115.9,1.293,,3.9
115.91,1.293,,3.9
115.92,1.293,,3.9
115.93,1.293,,3.9
115.94,1.293,,3.9
115.95,1.293,,3.9
115.96,1.293,,3.9
115.97,1.293,-3.3313,3.9
115.98,1.293,-4.86997,3.9
115.99,1.293,-6.40865,3.9
116,1.293,7.72023,3.9
116.01,1.293,14.7979,3.9
116.02,1.293,10.9708,3.9
116.03,1.293,0.819827,3.9
116.04,1.293,0.849001,3.9
116.05,1.293,-1.15242,3.9
116.06,1.293,6.17959,3.9
116.07,1.293,14.2237,3.9
116.08,1.293,5.94376,3.9
116.09,1.293,5.69579,3.9
116.1,1.293,6.31772,3.9
116.11,1.293,4.79735,3.9
116.12,1.293,-0.275327,3.9
116.13,1.293,-3.71594,3.9
116.14,1.293,6.24328,3.9
116.15,1.293,10.9462,3.9
116.16,1.293,9.55106,3.9
116.17,1.293,5.546,3.9
116.18,1.293,6.35057,3.9
116.19,1.293,6.39194,3.9
116.2,1.293,5.86876,3.9
116.21,1.293,12.3742,3.9
116.22,1.293,6.32201,3.9
116.23,1.293,-5.03766,3.9
116.24,1.293,-3.71594,3.9
116.25,1.293,2.85406,3.9
116.26,1.29511,15.4147,3.9
116.27,1.29781,8.5095,3.9
116.28,1.30051,-1.11206,3.9
116.29,1.30321,3.6208,3.9
116.3,1.30591,7.99802,3.9
116.31,1.30861,-5.67918,3.9
116.32,1.31131,-3.22422,3.9
116.33,1.31401,2.93794,3.9
116.34,1.31671,15.1566,3.9
116.35,1.31941,15.1566,3.9
116.36,1.31789,12.1722,3.9
116.37,1.31519,-3.30037,3.9
116.38,1.31249,1.60446,3.9
116.39,1.30979,-3.5097,3.9
116.4,1.30709,4.3723,3.9
116.41,1.30439,4.3723,3.9
116.42,1.30169,3.90462,3.9
116.43,1.29899,-3.38565,3.9
116.44,1.29629,-3.71594,3.9
116.45,1.29359,-3.71594,3.9
116.46,1.293,-1.22431,3.9
116.47,1.293,-2.95305,3.9
116.48,1.293,-2.91587,3.9
116.49,1.293,6.65437,3.9
116.5,1.293,1.05347,3.9
116.51,1.293,1.97083,3.9
116.52,1.293,17.0207,3.9
116.53,1.293,7.26582,3.9
116.54,1.293,11.1744,3.9
116.55,1.293,14.6732,3.9
116.56,1.293,6.15876,3.9
116.57,1.293,7.36602,3.9
116.58,1.293,0.36293,3.9
116.59,1.293,-1.75198,3.9
116.6,1.293,-8.96348,3.9
116.61,1.293,8.72575,3.9
116.62,1.293,10.2629,3.9
116.63,1.293,9.38797,3.9
116.64,1.293,8.83773,3.9
116.65,1.293,,3.9
116.66,1.293,,3.9
116.67,1.293,,3.9
116.68,1.293,,3.9
116.69,1.293,,3.9
116.7,1.293,,3.9
116.71,1.293,,3.9
116.72,1.293,,3.9
116.73,1.293,3.88549,3.9
116.74,1.293,3.33524,3.9
116.75,1.293,0.745707,3.9
116.76,1.293,-3.45998,3.9
116.77,1.293,-5.66649,3.9
116.78,1.293,2.7981,3.9
116.79,1.293,-4.24735,3.9
116.8,1.293,-4.62548,3.9
116.81,1.293,7.09667,3.9
116.82,1.293,3.07902,3.9
116.83,1.293,-0.361642,3.9
116.84,1.293,-0.986921,3.9
116.85,1.293,6.09753,3.9
116.86,1.29511,-1.44488,3.9
116.87,1.29781,3.12525,3.9
116.88,1.30051,2.25195,3.9
116.89,1.30321,9.37826,3.9
116.9,1.30591,8.90722,3.9
116.91,1.30861,-0.827623,3.9
116.92,1.31131,9.79219,3.9
116.93,1.31401,11.0637,3.9
116.94,1.31671,-1.0436,3.9
116.95,1.31941,-3.50356,3.9
116.96,1.31789,1.3734,3.9
116.97,1.31519,-1.66287,3.9
116.98,1.31249,0.641248,3.9
116.99,1.30979,7.85786,3.9
117,1.30709,1.12186,3.9
117.01,1.30439,1.96151,3.9
117.02,1.30169,1.30542,3.9
117.03,1.29899,10.4539,3.9
117.04,1.29629,4.18054,3.9
117.05,1.29359,14.5185,3.9
117.06,1.293,-2.02044,3.9
117.07,1.293,0.100958,3.9
117.08,1.293,11.4806,3.9
117.09,1.293,1.67622,3.9
117.1,1.293,2.74116,3.9
117.11,1.293,13.0465,3.9
117.12,1.293,12.234,3.9
117.13,1.293,-0.977622,3.9
117.14,1.293,-1.89713,3.9
117.15,1.293,3.36415,3.9
117.16,1.29511,3.03866,3.9
117.17,1.29781,5.99496,3.9
117.18,1.30051,0.19197,3.9
117.19,1.30321,5.4944,3.9
117.2,1.30591,8.05839,3.9
117.21,1.30861,-0.614865,3.9
117.22,1.31131,-0.368073,3.9
117.23,1.31401,2.03403,3.9
117.24,1.31671,4.17072,3.9
117.25,1.31941,18.6931,3.9
117.26,1.31789,12.7246,3.9
117.27,1.31519,2.2916,3.9
117.28,1.31249,10.0109,3.9
117.29,1.30979,10.6475,3.9
117.3,1.30709,11.2842,3.9
117.31,1.30439,,3.9
117.32,1.30169,,3.9
117.33,1.29899,,3.9
117.34,1.29629,,3.9
117.35,1.29359,,3.9
117.36,1.293,15.1041,3.9
117.37,1.293,15.7407,3.9
117.38,1.293,16.3774,3.9
117.39,1.293,4.40313,3.9
117.4,1.293,9.81476,3.9
117.41,1.293,1.06521,3.9
117.42,1.293,-0.676532,3.9
117.43,1.293,1.68782,3.9
117.44,1.293,-5.5607,3.9
117.45,1.293,9.01564,3.9
117.46,1.293,2.62669,3.9
117.47,1.293,3.73575,3.9
117.48,1.293,5.79975,3.9
117.49,1.293,2.2631,3.9
117.5,1.293,-1.35075,3.9
117.51,1.293,4.64381,3.9
117.52,1.293,5.57321,3.9
117.53,1.293,-3.76234,3.9
117.54,1.293,-0.747289,3.9
117.55,1.293,5.1469,3.9
117.56,1.293,12.419,3.9
117.57,1.293,5.79434,3.9
117.58,1.293,15.2894,3.9
117.59,1.293,11.2866,3.9
117.6,1.293,5.15263,3.9
117.61,1.293,-0.058112,3.9
117.62,1.293,19.5269,3.9
117.63,1.293,17.5473,3.9
117.64,1.293,5.46715,3.9
117.65,1.293,-3.36866,3.9
117.66,1.293,9.73498,3.9
117.67,1.293,-0.32342,3.9
117.68,1.293,11.31,3.9
117.69,1.293,10.2839,3.9
117.7,1.293,6.32842,3.9
117.71,1.293,0.0156111,3.9
117.72,1.293,-3.03324,3.9
117.73,1.293,-2.54006,3.9
117.74,1.293,1.21244,3.9
117.75,1.293,9.98027,3.9
117.76,1.29511,10.3288,3.9
117.77,1.29781,8.00126,3.9
117.78,1.30051,8.90752,3.9
117.79,1.30321,3.4472,3.9
117.8,1.30591,0.033394,3.9
117.81,1.30861,-0.941977,3.9
117.82,1.31131,-0.494313,3.9
117.83,1.31401,9.76446,3.9
117.84,1.31671,9.27544,3.9
117.85,1.31941,6.41308,3.9
117.86,1.31789,10.1449,3.9
117.87,1.31519,15.2123,3.9
117.88,1.31249,12.8578,3.9
117.89,1.30979,1.04634,3.9
117.9,1.30709,11.7351,3.9
117.91,1.30439,7.57233,3.9
117.92,1.30169,3.7327,3.9
117.93,1.29899,-4.96715,3.9
117.94,1.29629,-4.55597,3.9
117.95,1.29359,-4.23187,3.9
117.96,1.29511,-3.90778,3.9
117.97,1.29781,,3.9
117.98,1.30051,,3.9
117.99,1.30321,,3.9
118,1.30591,,3.9
118.01,1.30861,,3.9
118.02,1.31131,,3.9
118.03,1.31401,-1.63914,3.9
118.04,1.31671,-1.31505,3.9
118.05,1.31941,10.066,3.9
118.06,1.31789,-0.84506,3.9
118.07,1.31519,11.4151,3.9
118.08,1.31249,10.6321,3.9
118.09,1.30979,0.751191,3.9
118.1,1.30709,3.23861,3.9
118.11,1.30439,-3.63889,3.9
118.12,1.30169,3.58463,3.9
118.13,1.29899,15.9039,3.9
118.14,1.29629,19.6689,3.9
118.15,1.29359,-1.06308,3.9
118.16,1.293,3.62042,3.9
118.17,1.293,11.6234,3.9
118.18,1.293,-4.34506,3.9
118.19,1.293,5.14846,3.9
118.2,1.293,9.36261,3.9
118.21,1.293,0.129128,3.9
118.22,1.293,3.02275,3.9
118.23,1.293,-0.30104,3.9
118.24,1.293,5.22696,3.9
118.25,1.293,6.81786,3.9
118.26,1.293,8.7658,3.9
118.27,1.293,-1.84782,3.9
118.28,1.293,16.615,3.9
118.29,1.293,9.31092,3.9
118.3,1.293,7.06838,3.9
118.31,1.293,5.28674,3.9
118.32,1.293,3.47788,3.9
118.33,1.293,12.9081,3.9
118.34,1.293,16.115,3.9
118.35,1.293,3.46176,3.9
118.36,1.293,-1.01986,3.9
118.37,1.293,14.1714,3.9
118.38,1.293,1.98828,3.9
118.39,1.293,-4.67566,3.9
118.4,1.293,0.0947968,3.9
118.41,1.293,15.2928,3.9
118.42,1.293,7.06838,3.9
118.43,1.293,6.11423,3.9
118.44,1.293,8.97764,3.9
118.45,1.293,17.8527,3.9
118.46,1.293,15.6973,3.9
118.47,1.293,9.10461,3.9
118.48,1.293,7.66356,3.9
118.49,1.293,13.3373,3.9
118.5,1.293,1.02435,3.9
118.51,1.293,11.2013,3.9
118.52,1.293,0.444768,3.9
118.53,1.293,10.9089,3.9
118.54,1.293,-2.83428,3.9
118.55,1.293,12.413,3.9
118.56,1.293,11.2206,3.9
118.57,1.293,5.7858,3.9
118.58,1.293,5.39351,3.9
118.59,1.293,5.06298,3.9
118.6,1.293,,3.9
118.61,1.293,,3.9
118.62,1.293,,3.9
118.63,1.293,,3.9
118.64,1.293,,3.9
118.65,1.293,,3.9
118.66,1.293,,3.9
118.67,1.293,2.41878,3.9
118.68,1.293,2.08826,3.9
118.69,1.293,1.75773,3.9
118.7,1.293,5.87653,3.9
118.71,1.293,9.84478,3.9
118.72,1.293,3.97326,3.9
118.73,1.293,6.69014,3.9
118.74,1.293,3.73647,3.9
118.75,1.293,10.2244,3.9
118.76,1.293,4.71215,3.9
118.77,1.293,-2.17776,3.9
118.78,1.293,9.9638,3.9
118.79,1.293,8.59235,3.9
118.8,1.293,3.66837,3.9
118.81,1.293,1.67622,3.9
118.82,1.293,0.644389,3.9
118.83,1.293,-2.79103,3.9
118.84,1.293,11.0591,3.9
118.85,1.293,-0.897875,3.9
118.86,1.293,-4.60978,3.9
118.87,1.293,-1.70656,3.9
118.88,1.293,14.1351,3.9
118.89,1.293,-0.273645,3.9
118.9,1.293,2.35429,3.9
118.91,1.293,7.29004,3.9
118.92,1.293,13.9673,3.9
118.93,1.293,-2.13666,3.9
118.94,1.293,10.525,3.9
118.95,1.293,3.92908,3.9
118.96,1.29511,11.7734,3.9
118.97,1.29781,-3.71594,3.9
118.98,1.30051,2.02807,3.9
118.99,1.30321,11.7565,3.9
119,1.30591,8.98431,3.9
119.01,1.30861,19.9546,3.9
119.02,1.31131,5.7343,3.9
119.03,1.31401,7.00568,3.9
119.04,1.31671,4.48704,3.9
119.05,1.31941,7.02583,3.9
119.06,1.31789,0.567545,3.9
119.07,1.31519,4.29943,3.9
119.08,1.31249,1.95147,3.9
119.09,1.30979,10.5979,3.9
119.1,1.30709,10.7415,3.9
119.11,1.30439,-0.559534,3.9
119.12,1.30169,-1.01986,3.9
119.13,1.29899,-1.01986,3.9
119.14,1.29629,0.0773899,3.9
119.15,1.29359,6.33016,3.9
119.16,1.293,-0.937975,3.9
119.17,1.293,10.2833,3.9
119.18,1.293,0.268817,3.9
119.19,1.293,-7.7976,3.9
119.2,1.293,7.78741,3.9
119.21,1.293,8.83416,3.9
119.22,1.293,12.4605,3.9
119.23,1.293,14.2462,3.9
119.24,1.293,6.86614,3.9
119.25,1.293,-0.485188,3.9
119.26,1.29511,0.473635,3.9
119.27,1.29781,,3.9
119.28,1.30051,,3.9
119.29,1.30321,,3.9
119.3,1.30591,,3.9
119.31,1.30861,,3.9
119.32,1.31131,,3.9
119.33,1.31401,,3.9
119.34,1.31671,,3.9
119.35,1.31941,,3.9
119.36,1.31789,,3.9
119.37,1.31519,11.0207,3.9
119.38,1.31249,11.9795,3.9
119.39,1.30979,4.87569,3.9
119.4,1.30709,1.4104,3.9
119.41,1.30439,1.76994,3.9
119.42,1.30169,-1.74165,3.9
119.43,1.29899,-2.19824,3.9
119.44,1.29629,14.5209,3.9
119.45,1.29359,10.6386,3.9
119.46,1.293,-1.30823,3.9
119.47,1.293,-0.526315,3.9
119.48,1.293,-6.41202,3.9
119.49,1.293,3.58756,3.9
119.5,1.293,5.86628,3.9
119.51,1.293,16.7716,3.9
119.52,1.293,14.7445,3.9
119.53,1.293,5.72034,3.9
119.54,1.293,5.61987,3.9
119.55,1.293,3.42465,3.9
119.56,1.293,-3.96445,3.9
119.57,1.293,3.22751,3.9
119.58,1.293,6.96773,3.9
119.59,1.293,17.8527,3.9
119.6,1.293,-0.0251712,3.9
119.61,1.293,-1.85981,3.9
119.62,1.293,5.63898,3.9
119.63,1.293,7.03078,3.9
119.64,1.293,13.6018,3.9
119.65,1.293,2.27417,3.9
119.66,1.293,6.82323,3.9
119.67,1.293,1.004,3.9
119.68,1.293,8.43735,3.9
119.69,1.293,7.76457,3.9
119.7,1.293,2.98102,3.9
119.71,1.293,-3.89743,3.9
119.72,1.293,-5.91204,3.9
119.73,1.293,9.38491,3.9
119.74,1.293,18.2959,3.9
119.75,1.293,-4.89474,3.9
119.76,1.29309,6.51927,3.9
119.77,1.29319,5.6278,3.9
119.78,1.29329,-5.51886,3.9
119.79,1.29338,13.0495,3.9
119.8,1.29348,0.294389,3.9
119.81,1.29358,4.72576,3.9
119.82,1.29368,5.96698,3.9
119.83,1.29378,7.9818,3.9
119.84,1.29388,3.68544,3.9
119.85,1.29398,-0.666072,3.9
119.86,1.29392,8.53397,3.9
119.87,1.29382,8.89779,3.9
119.88,1.29372,9.26161,3.9
119.89,1.29362,,3.9
119.9,1.29352,,3.9
119.91,1.29342,,3.9
119.92,1.29332,,3.9
119.93,1.29322,,3.9
119.94,1.29312,,3.9
119.95,1.29302,11.8084,3.9
119.96,1.293,12.1722,3.9
119.97,1.293,4.29246,3.9
119.98,1.293,-3.71594,3.9
119.99,1.293,9.54876,3.9
120,1.293,-3.32554,3.9
120.01,1.293,0.775819,3.9
120.02,1.293,0.438604,3.9
120.03,1.293,-0.222725,3.9
120.04,1.293,-4.97386,3.9
120.05,1.293,-0.231831,3.9
120.06,1.29308,5.59643,3.9
120.07,1.29318,3.10656,3.9
120.08,1.29328,6.75948,3.9
120.09,1.29338,8.01469,3.9
120.1,1.29348,-1.00381,3.9
120.11,1.29358,2.89869,3.9
120.12,1.29368,-6.38905,3.9
120.13,1.29378,-1.76004,3.9
120.14,1.29388,1.28253,3.9
120.15,1.29398,-2.84157,3.9
120.16,1.29603,1.26629,3.9
120.17,1.29863,2.87311,3.9
120.18,1.30123,0.443168,3.9
120.19,1.30383,7.04521,3.9
120.2,1.30643,3.09729,3.9
120.21,1.30903,1.70289,3.9
120.22,1.31163,-1.86326,3.9
120.23,1.31423,-1.46242,3.9
120.24,1.31683,6.02293,3.9
120.25,1.31943,4.50408,3.9
120.26,1.31789,-1.70051,3.9
120.27,1.31519,1.33458,3.9
120.28,1.31249,-2.78029,3.9
120.29,1.30979,6.71791,3.9
120.3,1.30709,5.08278,3.9
120.31,1.30439,7.43753,3.9
120.32,1.30169,7.27269,3.9
120.33,1.29899,3.99477,3.9
120.34,1.29629,9.997,3.9
120.35,1.29359,-1.15898,3.9
120.36,1.29308,-1.77188,3.9
120.37,1.29318,3.33817,3.9
120.38,1.29328,-2.62763,3.9
120.39,1.29338,-3.74027,3.9
120.4,1.29348,-6.17842,3.9
120.41,1.29358,-2.58352,3.9
120.42,1.29368,11.9343,3.9
120.43,1.29379,0.0412906,3.9
120.44,1.29389,-6.23002,3.9
120.45,1.29399,-4.12381,3.9
120.46,1.29391,-6.069,3.9
120.47,1.29381,13.9162,3.9
120.48,1.29371,15.6797,3.9
120.49,1.29362,-2.10919,3.9
120.5,1.29352,8.36361,3.9
120.51,1.29342,0.388754,3.9
120.52,1.29332,0.485451,3.9
120.53,1.29322,,3.9
120.54,1.29312,,3.9
120.55,1.29302,,3.9
120.56,1.293,,3.9
120.57,1.293,,3.9
120.58,1.293,,3.9
120.59,1.293,,3.9
120.6,1.293,,3.9
120.61,1.293,,3.9
120.62,1.293,1.45241,3.9
120.63,1.293,1.54911,3.9
120.64,1.293,1.64581,3.9
120.65,1.293,2.3164,3.9
120.66,1.29308,5.81695,3.9
120.67,1.29318,7.06838,3.9
120.68,1.29328,9.01196,3.9
120.69,1.29338,2.92126,3.9
120.7,1.29348,5.87792,3.9
120.71,1.29358,1.51661,3.9
120.72,1.29368,7.94892,3.9
120.73,1.29378,4.98035,3.9
120.74,1.29388,-4.95096,3.9
120.75,1.29398,4.06768,3.9
120.76,1.29603,8.50878,3.9
120.77,1.29863,4.64692,3.9
120.78,1.30123,6.12067,3.9
120.79,1.30383,17.4192,3.9
120.8,1.30643,8.01248,3.9
120.81,1.30903,19.8599,3.9
120.82,1.31163,8.18052,3.9
120.83,1.31423,8.50079,3.9
120.84,1.31683,6.58002,3.9
120.85,1.31943,8.48295,3.9
120.86,1.31789,16.3346,3.9
120.87,1.31519,5.61409,3.9
120.88,1.31249,11.4762,3.9
120.89,1.30979,-2.2253,3.9
120.9,1.30709,6.87662,3.9
120.91,1.30439,14.5042,3.9
120.92,1.30169,15.2737,3.9
120.93,1.29899,9.30599,3.9
120.94,1.29629,16.8835,3.9
120.95,1.29359,-2.47145,3.9
120.96,1.29308,10.3921,3.9
120.97,1.29318,-0.647465,3.9
120.98,1.29328,3.42784,3.9
120.99,1.29338,3.75709,3.9
121,1.29348,-5.20083,3.9
121.01,1.29358,4.44704,3.9
121.02,1.29368,-0.605361,3.9
121.03,1.29378,2.1564,3.9
121.04,1.29388,8.24849,3.9
121.05,1.29398,3.04878,3.9
121.06,1.29392,2.94028,3.9
121.07,1.29382,2.20486,3.9
121.08,1.29372,9.08686,3.9
121.09,1.29362,1.35104,3.9
121.1,1.29352,2.38591,3.9
121.11,1.29342,9.95635,3.9
121.12,1.29332,13.3579,3.9
121.13,1.29322,16.838,3.9
121.14,1.29312,5.35893,3.9
121.15,1.29302,1.6066,3.9
121.16,1.293,9.4029,3.9
121.17,1.293,-4.65741,3.9
121.18,1.293,-2.53944,3.9
121.19,1.293,7.06838,3.9
121.2,1.293,6.83115,3.9
121.21,1.293,6.09724,3.9
121.22,1.293,5.36333,3.9
121.23,1.293,,3.9
121.24,1.293,,3.9
121.25,1.293,,3.9
121.26,1.29308,,3.9
121.27,1.29318,,3.9
121.28,1.29328,,3.9
121.29,1.29338,0.225973,3.9
121.3,1.29348,-0.507935,3.9
121.31,1.29358,-1.28746,3.9
121.32,1.29368,-1.10978,3.9
121.33,1.29378,1.86716,3.9
121.34,1.29388,13.1433,3.9
121.35,1.29398,8.5016,3.9
121.36,1.29603,-4.75591,3.9
121.37,1.29863,17.3666,3.9
121.38,1.30123,6.1239,3.9
121.39,1.30383,-4.12954,3.9
121.4,1.30643,-0.597564,3.9
121.41,1.30903,3.89692,3.9
121.42,1.31163,0.599544,3.9
121.43,1.31423,20.4265,3.9
121.44,1.31683,12.5683,3.9
121.45,1.31943,-1.01986,3.9
121.46,1.31789,6.22504,3.9
121.47,1.31519,-0.076894,3.9
121.48,1.31249,-2.66135,3.9
121.49,1.30979,-1.59378,3.9
121.5,1.30709,-1.56477,3.9
121.51,1.30439,-4.52093,3.9
121.52,1.30169,10.6888,3.9
121.53,1.29899,3.60554,3.9
121.54,1.29629,11.6056,3.9
121.55,1.29359,7.00444,3.9
121.56,1.29308,11.7741,3.9
121.57,1.29318,14.1427,3.9
121.58,1.29328,8.26885,3.9
121.59,1.29338,11.8023,3.9
121.6,1.29348,11.723,3.9
121.61,1.29358,1.67622,3.9
121.62,1.29368,4.10775,3.9
121.63,1.29378,3.42498,3.9
121.64,1.29388,0.075319,3.9
121.65,1.29398,1.67622,3.9
121.66,1.29392,0.538095,3.9
121.67,1.29382,-1.22504,3.9
121.68,1.29372,-4.19765,3.9
121.69,1.29362,6.30869,3.9
121.7,1.29352,11.4766,3.9
121.71,1.29342,17.2135,3.9
121.72,1.29332,10.8943,3.9
121.73,1.29321,0.19424,3.9
121.74,1.29311,7.04669,3.9
121.75,1.29301,-1.54448,3.9
121.76,1.293,-4.45892,3.9
121.77,1.293,4.34997,3.9
121.78,1.293,-2.56382,3.9
121.79,1.293,1.3422,3.9
121.8,1.293,16.6795,3.9
121.81,1.293,6.49316,3.9
121.82,1.293,2.10852,3.9
121.83,1.293,4.76511,3.9
121.84,1.293,-2.96307,3.9
121.85,1.293,3.13705,3.9
121.86,1.29308,14.3373,3.9
121.87,1.29318,0.0219674,3.9
121.88,1.29328,-8.46401,3.9
121.89,1.29338,11.6219,3.9
121.9,1.29348,20.0939,3.9
121.91,1.29358,7.4908,3.9
121.92,1.29368,17.0424,3.9
121.93,1.29378,16.9501,3.9
121.94,1.29388,15.9823,3.9
121.95,1.29398,,3.9
121.96,1.29392,,3.9
121.97,1.29382,,3.9
121.98,1.29372,,3.9
121.99,1.29362,,3.9
122,1.29352,,3.9
122.01,1.29342,,3.9
122.02,1.29332,8.23942,3.9
122.03,1.29322,7.27156,3.9
122.04,1.29312,6.3037,3.9
122.05,1.29302,5.78362,3.9
122.06,1.293,-0.0697376,3.9
122.07,1.293,11.7186,3.9
122.08,1.293,-3.11535,3.9
122.09,1.293,5.54829,3.9
122.1,1.293,14.3087,3.9
122.11,1.293,4.3723,3.9
122.12,1.293,1.92711,3.9
122.13,1.293,-1.3611,3.9
122.14,1.293,6.0399,3.9
122.15,1.293,9.76446,3.9
122.16,1.29308,9.76446,3.9
122.17,1.29318,6.36886,3.9
122.18,1.29328,-0.624046,3.9
122.19,1.29338,-0.983787,3.9
122.2,1.29348,11.9993,3.9
122.21,1.29358,7.77461,3.9
122.22,1.29368,-1.44815,3.9
122.23,1.29379,0.352458,3.9
122.24,1.29389,8.12336,3.9
122.25,1.29399,16.9732,3.9
122.26,1.29391,11.4054,3.9
122.27,1.29381,15.1566,3.9
122.28,1.29371,6.00606,3.9
122.29,1.29362,-4.40976,3.9
122.3,1.29352,-1.36124,3.9
122.31,1.29342,6.2599,3.9
122.32,1.29332,-1.59196,3.9
122.33,1.29322,17.8505,3.9
122.34,1.29312,-0.323289,3.9
122.35,1.29302,1.22392,3.9
122.36,1.293,11.2528,3.9
122.37,1.293,12.4605,3.9
122.38,1.293,1.16791,3.9
122.39,1.293,14.9216,3.9
122.4,1.293,4.45465,3.9
122.41,1.293,-0.0285725,3.9
122.42,1.293,8.09945,3.9
122.43,1.293,14.553,3.9
122.44,1.293,8.85255,3.9
122.45,1.293,-2.21272,3.9
122.46,1.293,-1.32241,3.9
122.47,1.293,1.11057,3.9
122.48,1.293,3.31656,3.9
122.49,1.293,-0.360152,3.9
122.5,1.293,13.8144,3.9
122.51,1.293,10.2915,3.9
122.52,1.293,-4.44202,3.9
122.53,1.293,-1.18948,3.9
122.54,1.293,7.26561,3.9
122.55,1.293,5.58628,3.9
122.56,1.293,15.1566,3.9
122.57,1.293,14.8004,3.9
122.58,1.293,13.4947,3.9
122.59,1.293,12.189,3.9
122.6,1.293,,3.9
122.61,1.293,,3.9
122.62,1.293,,3.9
122.63,1.293,,3.9
122.64,1.293,,3.9
122.65,1.293,4.35466,3.9
122.66,1.293,3.04894,3.9
122.67,1.293,1.74322,3.9
122.68,1.293,7.03695,3.9
122.69,1.293,9.76446,3.9
122.7,1.293,4.05056,3.9
122.71,1.293,-0.77693,3.9
122.72,1.293,1.52699,3.9
122.73,1.293,3.36161,3.9
122.74,1.293,5.42244,3.9
122.75,1.293,-5.02537,3.9
122.76,1.29309,4.68414,3.9
122.77,1.29319,16.6864,3.9
122.78,1.29329,-1.27252,3.9
122.79,1.29338,4.33936,3.9
122.8,1.29348,-2.18649,3.9
122.81,1.29358,2.94337,3.9
122.82,1.29368,0.434187,3.9
122.83,1.29378,3.9018,3.9
122.84,1.29388,12.2645,3.9
122.85,1.29398,9.90132,3.9
122.86,1.29392,4.3723,3.9
122.87,1.29382,2.20663,3.9
122.88,1.29372,-3.10414,3.9
122.89,1.29362,-1.45101,3.9
122.9,1.29352,13.004,3.9
122.91,1.29342,9.81465,3.9
122.92,1.29332,-4.47204,3.9
122.93,1.29322,6.58624,3.9
122.94,1.29312,0.228988,3.9
122.95,1.29302,11.4572,3.9
122.96,1.293,2.51945,3.9
122.97,1.293,3.50528,3.9
122.98,1.293,2.14354,3.9
122.99,1.293,-1.62425,3.9
123,1.293,3.26379,3.9
123.01,1.293,-0.633369,3.9
123.02,1.293,0.0580997,3.9
123.03,1.293,-0.246,3.9
123.04,1.293,2.40623,3.9
123.05,1.293,-5.06398,3.9
123.06,1.29308,-2.70899,3.9
123.07,1.29318,-1.28044,3.9
123.08,1.29328,-5.93917,3.9
123.09,1.29338,-2.56263,3.9
123.1,1.29348,9.76446,3.9
123.11,1.29358,10.8488,3.9
123.12,1.29368,9.40466,3.9
123.13,1.29378,7.96052,3.9
123.14,1.29388,,3.9
123.15,1.29398,,3.9
123.16,1.29605,,3.9
123.17,1.29868,,3.9
123.18,1.3013,,3.9
123.19,1.30393,-0.70435,3.9
123.2,1.30656,-2.14849,3.9
123.21,1.30918,-3.59264,3.9
123.22,1.31181,-2.49879,3.9
123.23,1.31443,-3.70987,3.9
123.24,1.31706,6.78846,3.9
123.25,1.31969,-5.97424,3.9
123.26,1.32,3.62433,3.9
123.27,1.32,6.78851,3.9
123.28,1.32,4.28189,3.9
123.29,1.32,8.34345,3.9
123.3,1.32,10.7383,3.9
123.31,1.32,-0.284047,3.9
123.32,1.32,3.02403,3.9
123.33,1.32,13.2799,3.9
123.34,1.32,-2.15417,3.9
123.35,1.32,10.9998,3.9
123.36,1.31789,7.82874,3.9
123.37,1.31519,2.30328,3.9
123.38,1.31249,-1.01986,3.9
123.39,1.30979,-2.06877,3.9
123.4,1.30709,-1.69873,3.9
123.41,1.30439,-1.59915,3.9
123.42,1.30169,6.76898,3.9
123.43,1.29899,12.6392,3.9
123.44,1.29629,8.03562,3.9
123.45,1.29359,7.41564,3.9
123.46,1.293,2.21789,3.9
123.47,1.293,3.32475,3.9
123.48,1.293,-2.21033,3.9
123.49,1.293,-6.02591,3.9
123.5,1.293,-1.80222,3.9
123.51,1.293,4.49348,3.9
123.52,1.293,6.36258,3.9
123.53,1.293,2.36364,3.9
123.54,1.293,-2.80583,3.9
123.55,1.293,1.78574,3.9
123.56,1.293,10.2522,3.9
123.57,1.293,11.1356,3.9
123.58,1.293,5.43529,3.9
123.59,1.293,12.3281,3.9
123.6,1.293,10.1016,3.9
123.61,1.293,14.4081,3.9
123.62,1.293,-2.557,3.9
123.63,1.293,-6.02435,3.9
123.64,1.293,-0.819567,3.9
123.65,1.293,-3.20749,3.9
123.66,1.29308,6.56698,3.9
123.67,1.29318,-0.644336,3.9
123.68,1.29328,6.5224,3.9
123.69,1.29338,-1.34447,3.9
123.7,1.29348,-0.362876,3.9
123.71,1.29358,5.90025,3.9
123.72,1.29368,0.393162,3.9
123.73,1.29379,-3.72563,3.9
123.74,1.29389,5.63492,3.9
123.75,1.29399,6.2862,3.9
123.76,1.294,-2.75476,3.9
123.77,1.294,0.483363,3.9
123.78,1.294,1.01746,3.9
123.79,1.294,-2.98347,3.9
123.8,1.294,15.7478,3.9
123.81,1.294,1.03869,3.9
123.82,1.294,-2.77135,3.9
123.83,1.294,-0.886006,3.9
123.84,1.294,,3.9
123.85,1.294,,3.9
123.86,1.29392,,3.9
123.87,1.29382,,3.9
123.88,1.29372,,3.9
123.89,1.29362,,3.9
123.9,1.29352,12.3114,3.9
123.91,1.29342,14.1967,3.9
123.92,1.29332,5.61322,3.9
123.93,1.29322,2.30268,3.9
123.94,1.29312,8.93548,3.9
123.95,1.29302,8.49999,3.9
123.96,1.29308,9.74221,3.9
123.97,1.29318,-2.62917,3.9
123.98,1.29328,-0.2506,3.9
123.99,1.29338,1.74628,3.9
124,1.29348,6.24186,3.9
124.01,1.29358,5.73559,3.9
124.02,1.29368,-2.05898,3.9
124.03,1.29378,1.52767,3.9
124.04,1.29388,10.4519,3.9
124.05,1.29398,10.1587,3.9
124.06,1.29392,3.54135,3.9
124.07,1.29382,0.852329,3.9
124.08,1.29372,-0.719835,3.9
124.09,1.29362,8.08441,3.9
124.1,1.29352,-0.999949,3.9
124.11,1.29342,8.17021,3.9
124.12,1.29332,-1.39503,3.9
124.13,1.29322,14.4549,3.9
124.14,1.29312,-1.92437,3.9
124.15,1.29302,10.7702,3.9
124.16,1.293,-2.3679,3.9
124.17,1.293,-1.69379,3.9
124.18,1.293,3.82809,3.9
124.19,1.293,-3.51446,3.9
124.2,1.293,-0.877383,3.9
124.21,1.293,1.16724,3.9
124.22,1.293,0.205672,3.9
124.23,1.293,7.06838,3.9
124.24,1.293,7.06838,3.9
124.25,1.293,-0.814799,3.9
124.26,1.29309,6.60601,3.9
124.27,1.29319,4.58914,3.9
124.28,1.29329,11.1837,3.9
124.29,1.29338,15.867,3.9
124.3,1.29348,9.97109,3.9
124.31,1.29358,7.3862,3.9
124.32,1.29368,6.72723,3.9
124.33,1.29378,7.0061,3.9
124.34,1.29388,5.20472,3.9
124.35,1.29398,1.67622,3.9
124.36,1.29603,5.30368,3.9
124.37,1.29863,3.98988,3.9
124.38,1.30123,1.01799,3.9
124.39,1.30383,2.52653,3.9
124.4,1.30643,2.55115,3.9
124.41,1.30903,4.00439,3.9
124.42,1.31163,-2.29309,3.9
124.43,1.31423,-2.41779,3.9
124.44,1.31683,-1.36307,3.9
124.45,1.31943,3.42124,3.9
124.46,1.31789,4.21155,3.9
124.47,1.31519,-3.16025,3.9
124.48,1.31249,-1.09344,3.9
124.49,1.30979,15.7877,3.9
124.5,1.30709,14.4507,3.9
124.51,1.30439,13.6882,3.9
124.52,1.30169,,3.9
124.53,1.29899,,3.9
124.54,1.29629,,3.9
124.55,1.29359,,3.9
124.56,1.29308,,3.9
124.57,1.29318,,3.9
124.58,1.29328,8.35099,3.9
124.59,1.29338,7.58853,3.9
124.6,1.29348,7.92412,3.9
124.61,1.29358,8.50379,3.9
124.62,1.29368,4.22615,3.9
124.63,1.29378,1.8711,3.9
124.64,1.29388,4.91427,3.9
124.65,1.29398,3.65325,3.9
124.66,1.294,-3.71594,3.9
124.67,1.294,-3.71594,3.9
124.68,1.294,-3.20383,3.9
124.69,1.294,0.854043,3.9
124.7,1.294,10.4631,3.9
124.71,1.294,7.11633,3.9
124.72,1.294,8.36195,3.9
124.73,1.294,7.12025,3.9
124.74,1.294,-3.74032,3.9
124.75,1.294,-6.38954,3.9
124.76,1.29391,6.36879,3.9
124.77,1.29381,6.13304,3.9
124.78,1.29371,1.00024,3.9
124.79,1.29362,-2.96554,3.9
124.8,1.29352,6.21698,3.9
124.81,1.29342,13.7681,3.9
124.82,1.29332,4.92298,3.9
124.83,1.29322,11.8612,3.9
124.84,1.29312,-3.62614,3.9
124.85,1.29302,1.05229,3.9
124.86,1.29308,-2.79171,3.9
124.87,1.29318,-1.73442,3.9
124.88,1.29328,0.169844,3.9
124.89,1.29338,8.11313,3.9
124.9,1.29348,14.5662,3.9
124.91,1.29358,12.4605,3.9
124.92,1.29368,13.0439,3.9
124.93,1.29378,9.73196,3.9
124.94,1.29388,2.94349,3.9
124.95,1.29398,-0.697615,3.9
124.96,1.294,-3.71594,3.9
124.97,1.294,-0.521457,3.9
124.98,1.294,5.16408,3.9
124.99,1.294,3.28873,3.9
125,1.294,5.2685,3.9
125.01,1.294,1.38669,3.9
125.02,1.294,9.90392,3.9
125.03,1.294,15.8457,3.9
125.04,1.294,5.20689,3.9
125.05,1.294,1.72624,3.9
125.06,1.29392,6.37592,3.9
125.07,1.29382,7.14729,3.9
125.08,1.29372,13.1063,3.9
125.09,1.29362,10.1887,3.9
125.1,1.29352,2.54861,3.9
125.11,1.29342,1.52658,3.9
125.12,1.29332,-0.349839,3.9
125.13,1.29322,-5.07209,3.9
125.14,1.29312,1.22692,3.9
125.15,1.29302,-1.06443,3.9
125.16,1.29308,-1.33262,3.9
125.17,1.29318,-1.6008,3.9
125.18,1.29328,,3.9
125.19,1.29338,,3.9
125.2,1.29348,,3.9
125.21,1.29358,,3.9
125.22,1.29368,,3.9
125.23,1.29378,-3.2099,3.9
125.24,1.29388,-3.47809,3.9
125.25,1.29398,-2.34924,3.9
125.26,1.294,7.27119,3.9
125.27,1.294,-2.00118,3.9
125.28,1.294,16.1551,3.9
125.29,1.294,-3.39899,3.9
125.3,1.294,2.73778,3.9
125.31,1.294,-1.48063,3.9
125.32,1.294,9.24686,3.9
125.33,1.294,4.00616,3.9
125.34,1.294,-6.41202,3.9
125.35,1.294,8.3218,3.9
125.36,1.29392,1.77757,3.9
125.37,1.29382,-0.727914,3.9
125.38,1.29372,11.8768,3.9
125.39,1.29362,-0.684934,3.9
125.4,1.29352,-1.51469,3.9
125.41,1.29342,10.661,3.9
125.42,1.29332,-2.5655,3.9
125.43,1.29322,14.8979,3.9
125.44,1.29312,6.12849,3.9
125.45,1.29302,1.99181,3.9
125.46,1.29308,-4.18061,3.9
125.47,1.29318,12.4997,3.9
125.48,1.29328,4.55563,3.9
125.49,1.29338,1.67622,3.9
125.5,1.29348,5.52943,3.9
125.51,1.29358,-0.605723,3.9
125.52,1.29368,9.24803,3.9
125.53,1.29378,12.4605,3.9
125.54,1.29388,0.854872,3.9
125.55,1.29398,-4.6724,3.9
125.56,1.294,-3.04643,3.9
125.57,1.294,2.39148,3.9
125.58,1.294,4.85978,3.9
125.59,1.294,-0.530803,3.9
125.6,1.294,14.1053,3.9
125.61,1.294,-5.65695,3.9
125.62,1.294,4.99952,3.9
125.63,1.294,1.13169,3.9
125.64,1.294,-3.54876,3.9
125.65,1.294,-3.40329,3.9
125.66,1.29392,9.83677,3.9
125.67,1.29382,9.52358,3.9
125.68,1.29372,-5.03705,3.9
125.69,1.29362,3.36004,3.9
125.7,1.29352,-3.71594,3.9
125.71,1.29342,-2.87378,3.9
125.72,1.29332,4.35853,3.9
125.73,1.29322,3.03995,3.9
125.74,1.29312,8.31856,3.9
125.75,1.29302,2.16976,3.9
125.76,1.29308,0.359666,3.9
125.77,1.29318,1.30754,3.9
125.78,1.29328,3.17183,3.9
125.79,1.29338,6.13227,3.9
125.8,1.29348,6.36502,3.9
125.81,1.29358,0.103989,3.9
125.82,1.29368,-0.341594,3.9
125.83,1.29378,0.455259,3.9
125.84,1.29388,,3.9
125.85,1.29398,,3.9
125.86,1.294,,3.9
125.87,1.294,,3.9
125.88,1.294,,3.9
125.89,1.294,,3.9
125.9,1.294,6.03323,3.9
125.91,1.294,6.83008,3.9
125.92,1.294,7.62693,3.9
125.93,1.294,3.29828,3.9
125.94,1.294,-0.210017,3.9
125.95,1.294,5.70622,3.9
125.96,1.29391,14.5813,3.9
125.97,1.29381,12.4355,3.9
125.98,1.29371,4.0075,3.9
125.99,1.29362,-2.48203,3.9
126,1.29352,3.71844,3.9
126.01,1.29342,10.2891,3.9
126.02,1.29332,8.65282,3.9
126.03,1.29322,7.1321,3.9
126.04,1.29312,6.44413,3.9
126.05,1.29302,2.27768,3.9
126.06,1.29308,11.4606,3.9
126.07,1.29318,7.87202,3.9
126.08,1.29328,2.11126,3.9
126.09,1.29338,11.863,3.9
126.1,1.29348,5.09846,3.9
126.11,1.29358,6.38869,3.9
126.12,1.29368,5.52516,3.9
126.13,1.29378,10.877,3.9
126.14,1.29388,4.78058,3.9
126.15,1.29398,4.26079,3.9
126.16,1.294,6.96067,3.9
126.17,1.294,0.85357,3.9
126.18,1.294,5.95351,3.9
126.19,1.294,-0.124271,3.9
126.2,1.294,0.569933,3.9
126.21,1.294,4.49503,3.9
126.22,1.294,6.3053,3.9
126.23,1.294,17.4207,3.9
126.24,1.294,4.45539,3.9
126.25,1.294,-5.22289,3.9
126.26,1.29391,2.11616,3.9
126.27,1.29381,6.62471,3.9
126.28,1.29371,1.09685,3.9
126.29,1.29362,3.11621,3.9
126.3,1.29352,8.57648,3.9
126.31,1.29342,16.4637,3.9
126.32,1.29332,4.63901,3.9
126.33,1.29322,-4.99832,3.9
126.34,1.29312,-3.13032,3.9
126.35,1.29302,-3.46116,3.9
126.36,1.29308,13.5135,3.9
126.37,1.29318,-2.70894,3.9
126.38,1.29328,-3.60314,3.9
126.39,1.29338,-3.46869,3.9
126.4,1.29348,,3.9
126.41,1.29358,,3.9
126.42,1.29368,,3.9
126.43,1.29378,,3.9
126.44,1.29388,,3.9
126.45,1.29398,-2.66201,3.9
126.46,1.294,-2.52756,3.9
126.47,1.294,-2.39311,3.9
126.48,1.294,-1.31735,3.9
126.49,1.294,-2.70988,3.9
126.5,1.294,5.21035,3.9
126.51,1.294,8.8066,3.9
126.52,1.294,-0.261439,3.9
126.53,1.294,7.82203,3.9
126.54,1.294,-0.191303,3.9
126.55,1.294,2.6318,3.9
126.56,1.294,-1.50792,3.9
126.57,1.294,-0.471124,3.9
126.58,1.294,1.48245,3.9
126.59,1.294,-1.01986,3.9
126.6,1.294,-1.01986,3.9
126.61,1.294,-1.01986,3.9
126.62,1.294,15.6057,3.9
126.63,1.294,5.20365,3.9
126.64,1.294,-1.0253,3.9
126.65,1.294,-6.41202,3.9
126.66,1.294,-3.51642,3.9
126.67,1.294,8.39195,3.9
126.68,1.294,15.7181,3.9
126.69,1.294,5.39249,3.9
126.7,1.294,4.00693,3.9
126.71,1.294,-0.0254707,3.9
126.72,1.294,-2.21329,3.9
126.73,1.294,1.31439,3.9
126.74,1.294,-4.01672,3.9
126.75,1.294,-1.70026,3.9
126.76,1.294,-3.79025,3.9
126.77,1.294,-4.29257,3.9
126.78,1.294,16.6892,3.9
126.79,1.294,-0.0494684,3.9
126.8,1.294,8.82773,3.9
126.81,1.294,4.85315,3.9
126.82,1.294,-3.04824,3.9
126.83,1.294,-1.25067,3.9
126.84,1.294,1.44814,3.9
126.85,1.294,2.89603,3.9
126.86,1.29392,13.1352,3.9
126.87,1.29382,1.46863,3.9
126.88,1.29372,2.28982,3.9
126.89,1.29362,3.55505,3.9
126.9,1.29352,7.64021,3.9
126.91,1.29342,16.3684,3.9
126.92,1.29332,11.6789,3.9
126.93,1.29322,12.1303,3.9
126.94,1.29312,17.8527,3.9
126.95,1.29302,5.15631,3.9
126.96,1.29308,1.64844,3.9
126.97,1.29318,2.24998,3.9
126.98,1.29328,7.04701,3.9
126.99,1.29338,-1.36551,3.9
127,1.29348,-1.01986,3.9
127.01,1.29358,2.6719,3.9
127.02,1.29368,8.17862,3.9
127.03,1.29378,14.6307,3.9
127.04,1.29388,16.6219,3.9
127.05,1.29398,4.63632,3.9
127.06,1.294,11.5857,3.9
127.07,1.294,-2.29637,3.9
127.08,1.294,-4.65519,3.9
127.09,1.294,-4.56256,3.9
127.1,1.294,-3.98116,3.9
127.11,1.294,2.33581,3.9
127.12,1.294,14.9962,3.9
127.13,1.294,14.027,3.9
127.14,1.294,13.0578,3.9
127.15,1.294,,3.9
127.16,1.29392,,3.9
127.17,1.29382,,3.9
127.18,1.29372,,3.9
127.19,1.29362,,3.9
127.2,1.29352,,3.9
127.21,1.29342,,3.9
127.22,1.29332,,3.9
127.23,1.29321,,3.9
127.24,1.29311,3.36557,3.9
127.25,1.29301,2.39635,3.9
127.26,1.29309,0.99395,3.9
127.27,1.29319,-0.361489,3.9
127.28,1.29329,3.04163,3.9
127.29,1.29338,6.04084,3.9
127.3,1.29348,4.03022,3.9
127.31,1.29358,5.78765,3.9
127.32,1.29368,12.0426,3.9
127.33,1.29378,0.529465,3.9
127.34,1.29388,1.67622,3.9
127.35,1.29398,3.29121,3.9
127.36,1.29392,12.1896,3.9
127.37,1.29382,9.9995,3.9
127.38,1.29372,-2.23028,3.9
127.39,1.29362,3.34139,3.9
127.4,1.29352,12.3368,3.9
127.41,1.29342,6.34315,3.9
127.42,1.29332,-3.37513,3.9
127.43,1.29322,10.2371,3.9
127.44,1.29312,-4.94161,3.9
127.45,1.29302,17.8105,3.9
127.46,1.293,16.0941,3.9
127.47,1.293,-1.43875,3.9
127.48,1.293,10.9254,3.9
127.49,1.293,1.38202,3.9
127.5,1.293,-2.67091,3.9
127.51,1.293,-2.24545,3.9
127.52,1.293,1.14697,3.9
127.53,1.293,9.29153,3.9
127.54,1.293,2.52531,3.9
127.55,1.293,-5.0379,3.9
127.56,1.29308,6.39519,3.9
127.57,1.29318,10.0806,3.9
127.58,1.29328,-1.64645,3.9
127.59,1.29338,-3.71594,3.9
127.6,1.29348,-1.20993,3.9
127.61,1.29358,13.8462,3.9
127.62,1.29368,0.0430779,3.9
127.63,1.29378,8.31974,3.9
127.64,1.29388,10.1596,3.9
127.65,1.29398,-3.31686,3.9
127.66,1.294,2.32892,3.9
127.67,1.294,17.1771,3.9
127.68,1.294,13.9343,3.9
127.69,1.294,3.96042,3.9
127.7,1.294,5.24143,3.9
127.71,1.294,-3.24888,3.9
127.72,1.294,1.67374,3.9
127.73,1.294,-3.71594,3.9
127.74,1.294,-1.63708,3.9
127.75,1.294,14.7199,3.9
127.76,1.294,-3.07708,3.9
127.77,1.294,9.67054,3.9
127.78,1.294,7.2392,3.9
127.79,1.294,2.41487,3.9
127.8,1.294,4.1253,3.9
127.81,1.294,-2.32115,3.9
127.82,1.294,12.0561,3.9
127.83,1.294,-3.01696,3.9
127.84,1.294,-5.14095,3.9
127.85,1.294,-2.89108,3.9
127.86,1.294,0.778047,3.9
127.87,1.294,8.50397,3.9
127.88,1.294,11.5265,3.9
127.89,1.294,9.94037,3.9
127.9,1.294,,3.9
127.91,1.294,,3.9
127.92,1.294,,3.9
127.93,1.294,,3.9
127.94,1.294,,3.9
127.95,1.294,,3.9
127.96,1.294,,3.9
127.97,1.294,-2.74882,3.9
127.98,1.294,-4.33497,3.9
127.99,1.294,-5.92112,3.9
128,1.294,15.9175,3.9
128.01,1.294,8.74933,3.9
128.02,1.294,7.35666,3.9
128.03,1.294,3.34539,3.9
128.04,1.294,4.83939,3.9
128.05,1.294,5.0763,3.9
128.06,1.29189,7.52485,3.9
128.07,1.28919,8.96994,3.9
128.08,1.28649,2.03705,3.9
128.09,1.28379,3.95016,3.9
128.1,1.28109,14.0531,3.9
128.11,1.27839,3.63066,3.9
128.12,1.27569,3.80314,3.9
128.13,1.27299,2.24907,3.9
128.14,1.27029,4.07648,3.9
128.15,1.26759,7.02803,3.9
128.16,1.26911,6.57636,3.9
128.17,1.27181,10.3053,3.9
128.18,1.27451,10.4587,3.9
128.19,1.27721,0.0627698,3.9
128.2,1.27991,11.8109,3.9
128.21,1.28261,3.50663,3.9
128.22,1.28531,12.9655,3.9
128.23,1.28801,13.447,3.9
128.24,1.29071,6.78542,3.9
128.25,1.29341,-0.419759,3.9
128.26,1.294,2.98797,3.9
128.27,1.294,8.6232,3.9
128.28,1.294,10.2687,3.9
128.29,1.294,4.41695,3.9
128.3,1.294,9.48981,3.9
128.31,1.294,0.819971,3.9
128.32,1.294,-0.617655,3.9
128.33,1.294,7.11627,3.9
128.34,1.294,8.28534,3.9
128.35,1.294,7.04002,3.9
128.36,1.294,-3.31835,3.9
128.37,1.294,0.262983,3.9
128.38,1.294,-0.40087,3.9
128.39,1.294,9.28473,3.9
128.4,1.294,17.8527,3.9
128.41,1.294,17.8527,3.9
128.42,1.294,11.3128,3.9
128.43,1.294,16.7851,3.9
128.44,1.294,-1.79962,3.9
128.45,1.294,4.98625,3.9
128.46,1.294,-3.67307,3.9
128.47,1.294,7.0418,3.9
128.48,1.294,11.7729,3.9
128.49,1.294,2.15151,3.9
128.5,1.294,3.87539,3.9
128.51,1.294,1.67622,3.9
128.52,1.294,-2.32383,3.9
128.53,1.294,-5.31173,3.9
128.54,1.294,-3.1032,3.9
128.55,1.294,-0.894673,3.9
128.56,1.294,,3.9
128.57,1.294,,3.9
128.58,1.294,,3.9
128.59,1.294,,3.9
128.6,1.294,,3.9
128.61,1.294,12.3565,3.9
128.62,1.294,14.565,3.9
128.63,1.294,16.7735,3.9
128.64,1.294,18.3139,3.9
128.65,1.294,19.6786,3.9
128.66,1.294,20.5488,3.9
128.67,1.294,3.77307,3.9
128.68,1.294,8.44426,3.9
128.69,1.294,5.66467,3.9
128.7,1.294,12.0226,3.9
128.71,1.294,1.61107,3.9
128.72,1.294,11.3082,3.9
128.73,1.294,4.3723,3.9
128.74,1.294,3.88399,3.9
128.75,1.294,2.53382,3.9
128.76,1.294,1.67622,3.9
128.77,1.294,1.67622,3.9
128.78,1.294,4.68868,3.9
128.79,1.294,2.96386,3.9
128.8,1.294,-5.86107,3.9
128.81,1.294,-1.83735,3.9
128.82,1.294,-4.78528,3.9
128.83,1.294,-0.6099,3.9
128.84,1.294,3.71907,3.9
128.85,1.294,7.14266,3.9
128.86,1.294,-0.151274,3.9
128.87,1.294,-0.00327511,3.9
128.88,1.294,2.14535,3.9
128.89,1.294,9.36481,3.9
128.9,1.294,-3.71594,3.9
128.91,1.294,3.62228,3.9
128.92,1.294,13.2148,3.9
128.93,1.294,0.503249,3.9
128.94,1.294,19.3191,3.9
128.95,1.294,0.0155582,3.9
128.96,1.294,13.9236,3.9
128.97,1.294,5.48575,3.9
128.98,1.294,-6.45715,3.9
128.99,1.294,-1.01986,3.9
129,1.294,-1.01986,3.9
129.01,1.294,8.59396,3.9
129.02,1.294,8.22234,3.9
129.03,1.294,-1.61822,3.9
129.04,1.294,3.43531,3.9
129.05,1.294,-0.964922,3.9
129.06,1.294,17.7759,3.9
129.07,1.294,-2.90581,3.9
129.08,1.294,4.71206,3.9
129.09,1.294,12.7301,3.9
129.1,1.294,-0.745295,3.9
129.11,1.294,-6.41202,3.9
129.12,1.294,4.25746,3.9
129.13,1.294,1.54051,3.9
129.14,1.294,4.43578,3.9
129.15,1.294,3.07355,3.9
129.16,1.294,10.6542,3.9
129.17,1.294,9.72545,3.9
129.18,1.294,4.39039,3.9
129.19,1.294,5.81232,3.9
129.2,1.294,17.5188,3.9
129.21,1.294,1.67622,3.9
129.22,1.294,1.15202,3.9
129.23,1.294,0.541821,3.9
129.24,1.294,,3.9
129.25,1.294,,3.9
129.26,1.294,,3.9
129.27,1.294,,3.9
129.28,1.294,,3.9
129.29,1.294,,3.9
129.3,1.294,,3.9
129.31,1.294,,3.9
129.32,1.294,-4.94995,3.9
129.33,1.294,-5.56014,3.9
129.34,1.294,-6.17034,3.9
129.35,1.294,8.99468,3.9
129.36,1.294,5.57643,3.9
129.37,1.294,-2.77029,3.9
129.38,1.294,9.76446,3.9
129.39,1.294,3.78899,3.9
129.4,1.294,-2.93242,3.9
129.41,1.294,2.78352,3.9
129.42,1.294,3.69015,3.9
129.43,1.294,3.11038,3.9
129.44,1.294,8.4611,3.9
129.45,1.294,0.863124,3.9
129.46,1.294,15.5996,3.9
129.47,1.294,-2.62534,3.9
129.48,1.294,5.80936,3.9
129.49,1.294,10.8139,3.9
129.5,1.294,11.5116,3.9
129.51,1.294,-2.07201,3.9
129.52,1.294,-2.50362,3.9
129.53,1.294,-0.272251,3.9
129.54,1.294,16.6035,3.9
129.55,1.294,8.407,3.9
129.56,1.294,-5.92408,3.9
129.57,1.294,-0.824522,3.9
129.58,1.294,2.01741,3.9
129.59,1.294,6.63629,3.9
129.6,1.294,-1.25397,3.9
129.61,1.294,2.14727,3.9
129.62,1.294,-4.9424,3.9
129.63,1.294,13.2135,3.9
129.64,1.294,-2.3734,3.9
129.65,1.294,5.14066,3.9
129.66,1.294,0.0426911,3.9
129.67,1.294,-2.22609,3.9
129.68,1.294,7.6336,3.9
129.69,1.294,5.06218,3.9
129.7,1.294,13.2116,3.9
129.71,1.294,14.1014,3.9
129.72,1.294,6.23169,3.9
129.73,1.294,-2.44869,3.9
129.74,1.294,2.99312,3.9
129.75,1.294,4.64155,3.9
129.76,1.29627,3.80555,3.9
129.77,1.29884,9.69127,3.9
129.78,1.30142,15.97,3.9
129.79,1.30399,12.449,3.9
129.8,1.30656,12.2081,3.9
129.81,1.30914,0.855701,3.9
129.82,1.31171,-0.360906,3.9
129.83,1.31429,1.48452,3.9
129.84,1.31686,0.282366,3.9
129.85,1.31944,6.42748,3.9
129.86,1.31797,11.6391,3.9
129.87,1.31537,0.187842,3.9
129.88,1.31277,15.8893,3.9
129.89,1.31017,2.63857,3.9
129.9,1.30757,4.01173,3.9
129.91,1.30497,16.4547,3.9
129.92,1.30237,12.2653,3.9
129.93,1.29977,9.74868,3.9
129.94,1.29717,8.66883,3.9
129.95,1.29457,7.58898,3.9
129.96,1.294,,3.9
129.97,1.294,,3.9
129.98,1.294,,3.9
129.99,1.294,,3.9
130,1.294,,3.9
130.01,1.294,,3.9
130.02,1.294,,3.9
130.03,1.294,,3.9
130.04,1.294,,3.9
130.05,1.294,,3.9
130.06,1.294,-4.28935,3.9
130.07,1.294,-5.3692,3.9
130.08,1.294,-6.13578,3.9
130.09,1.294,2.2104,3.9
130.1,1.294,-3.34575,3.9
130.11,1.294,4.59902,3.9
130.12,1.294,1.77579,3.9
130.13,1.294,9.30761,3.9
130.14,1.294,11.0367,3.9
130.15,1.294,17.4749,3.9
130.16,1.294,5.11409,3.9
130.17,1.294,4.21975,3.9
130.18,1.294,11.7673,3.9
130.19,1.294,3.97331,3.9
130.2,1.294,1.80362,3.9
130.21,1.294,1.75583,3.9
130.22,1.294,10.5953,3.9
130.23,1.294,9.18981,3.9
130.24,1.294,10.0357,3.9
130.25,1.294,5.68386,3.9
130.26,1.294,-0.218857,3.9
130.27,1.294,6.55399,3.9
130.28,1.294,8.05698,3.9
130.29,1.294,-3.48993,3.9
130.3,1.294,-2.99607,3.9
130.31,1.294,2.29394,3.9
130.32,1.294,10.4137,3.9
130.33,1.294,-6.44016,3.9
130.34,1.294,5.92512,3.9
130.35,1.294,8.60669,3.9
130.36,1.294,4.20363,3.9
130.37,1.294,-0.106855,3.9
130.38,1.294,1.18009,3.9
130.39,1.294,6.11889,3.9
130.4,1.294,3.19033,3.9
130.41,1.294,-3.71594,3.9
130.42,1.294,-0.963727,3.9
130.43,1.294,6.76359,3.9
130.44,1.294,5.98161,3.9
130.45,1.294,13.0262,3.9
130.46,1.294,-1.40692,3.9
130.47,1.294,12.1917,3.9
130.48,1.294,11.738,3.9
130.49,1.294,1.23835,3.9
130.5,1.294,4.47332,3.9
130.51,1.294,15.0027,3.9
130.52,1.294,4.52614,3.9
130.53,1.294,15.6587,3.9
130.54,1.294,17.8527,3.9
130.55,1.294,-1.52576,3.9
130.56,1.294,13.1032,3.9
130.57,1.294,9.66179,3.9
130.58,1.294,2.66858,3.9
130.59,1.294,2.49298,3.9
130.6,1.294,3.5185,3.9
130.61,1.294,,3.9
130.62,1.294,,3.9
130.63,1.294,,3.9
130.64,1.294,,3.9
130.65,1.294,,3.9
130.66,1.294,,3.9
130.67,1.294,,3.9
130.68,1.294,,3.9
130.69,1.294,12.7481,3.9
130.7,1.294,13.7737,3.9
130.71,1.294,14.7992,3.9
130.72,1.294,8.82736,3.9
130.73,1.294,2.22985,3.9
130.74,1.294,1.07827,3.9
130.75,1.294,1.67622,3.9
130.76,1.294,0.928164,3.9
130.77,1.294,-0.161924,3.9
130.78,1.294,-0.417087,3.9
130.79,1.294,12.0422,3.9
130.8,1.294,13.2336,3.9
130.81,1.294,4.43643,3.9
130.82,1.294,1.42072,3.9
130.83,1.294,6.18589,3.9
130.84,1.294,14.0713,3.9
130.85,1.294,11.4194,3.9
130.86,1.294,-2.01039,3.9
130.87,1.294,-5.70545,3.9
130.88,1.294,7.92716,3.9
130.89,1.294,11.5014,3.9
130.9,1.294,-5.5098,3.9
130.91,1.294,4.13415,3.9
130.92,1.294,1.92996,3.9
130.93,1.294,12.3831,3.9
130.94,1.294,2.12059,3.9
130.95,1.294,12.0338,3.9
130.96,1.29603,3.35984,3.9
130.97,1.29863,-3.21832,3.9
130.98,1.30123,1.93796,3.9
130.99,1.30383,-0.36507,3.9
131,1.30643,0.880326,3.9
131.01,1.30903,10.9889,3.9
131.02,1.31163,12.0237,3.9
131.03,1.31423,3.56481,3.9
131.04,1.31683,14.6861,3.9
131.05,1.31943,5.3799,3.9
131.06,1.31797,-0.767521,3.9
131.07,1.31537,-4.63943,3.9
131.08,1.31277,-5.8154,3.9
131.09,1.31017,-0.632401,3.9
131.1,1.30757,9.26496,3.9
131.11,1.30497,1.95744,3.9
131.12,1.30237,2.83458,3.9
131.13,1.29977,11.1795,3.9
131.14,1.29717,1.67622,3.9
131.15,1.29457,-0.315662,3.9
131.16,1.294,-5.78584,3.9
131.17,1.294,-2.94626,3.9
131.18,1.294,-5.12382,3.9
131.19,1.294,-6.41202,3.9
131.2,1.294,-4.85185,3.9
131.21,1.294,-1.14706,3.9
131.22,1.294,-5.89632,3.9
131.23,1.294,-2.60012,3.9
131.24,1.294,7.53483,3.9
131.25,1.294,10.0937,3.9
131.26,1.294,12.2167,3.9
131.27,1.294,-4.32173,3.9
131.28,1.294,2.37856,3.9
131.29,1.294,9.87907,3.9
131.3,1.294,14.9384,3.9
131.31,1.294,13.5462,3.9
131.32,1.294,-6.30566,3.9
131.33,1.294,8.86583,3.9
131.34,1.294,17.8508,3.9
131.35,1.294,16.2996,3.9
131.36,1.294,14.7485,3.9
131.37,1.294,,3.9
131.38,1.294,,3.9
131.39,1.294,,3.9
131.4,1.294,,3.9
131.41,1.294,,3.9
131.42,1.294,,3.9
131.43,1.294,,3.9
131.44,1.294,,3.9
131.45,1.294,0.787801,3.9
131.46,1.294,-0.763384,3.9
131.47,1.294,-2.31457,3.9
131.48,1.294,5.34715,3.9
131.49,1.294,-3.32849,3.9
131.5,1.294,-3.71594,3.9
131.51,1.294,-2.90704,3.9
131.52,1.294,3.68384,3.9
131.53,1.294,3.16291,3.9
131.54,1.294,6.66353,3.9
131.55,1.294,11.8877,3.9
131.56,1.294,9.23641,3.9
131.57,1.294,12.1464,3.9
131.58,1.294,1.65348,3.9
131.59,1.294,-0.883311,3.9
131.6,1.294,2.59994,3.9
131.61,1.294,-1.72135,3.9
131.62,1.294,-1.20535,3.9
131.63,1.294,-5.64871,3.9
131.64,1.294,1.34164,3.9
131.65,1.294,-1.60763,3.9
131.66,1.294,3.54473,3.9
131.67,1.294,8.95998,3.9
131.68,1.294,8.82038,3.9
131.69,1.294,-1.9912,3.9
131.7,1.294,10.3539,3.9
131.71,1.294,13.2433,3.9
131.72,1.294,7.36375,3.9
131.73,1.294,0.702148,3.9
131.74,1.294,2.8159,3.9
131.75,1.294,9.08472,3.9
131.76,1.294,6.42655,3.9
131.77,1.294,10.6371,3.9
131.78,1.294,10.5233,3.9
131.79,1.294,4.37709,3.9
131.8,1.294,7.99513,3.9
131.81,1.294,3.16977,3.9
131.82,1.294,9.9819,3.9
131.83,1.294,3.55949,3.9
131.84,1.294,3.81192,3.9
131.85,1.294,17.8527,3.9
131.86,1.294,14.1952,3.9
131.87,1.294,1.09122,3.9
131.88,1.294,7.90401,3.9
131.89,1.294,20.7976,3.9
131.9,1.294,20.2023,3.9
131.91,1.294,14.3764,3.9
131.92,1.294,4.2568,3.9
131.93,1.294,-0.00760182,3.9
131.94,1.294,-5.8887,3.9
131.95,1.294,-3.76527,3.9
131.96,1.294,-3.71594,3.9
131.97,1.294,15.8356,3.9
131.98,1.294,4.54005,3.9
131.99,1.294,11.4478,3.9
132,1.294,0.38962,3.9
132.01,1.294,1.30967,3.9
132.02,1.294,3.48447,3.9
132.03,1.294,15.621,3.9
132.04,1.294,4.99795,3.9
132.05,1.294,3.63943,3.9
132.06,1.294,3.99279,3.9
132.07,1.294,3.16857,3.9
132.08,1.294,1.60309,3.9
132.09,1.294,1.95339,3.9
132.1,1.294,2.69072,3.9
132.11,1.294,3.42804,3.9
132.12,1.294,,3.9
132.13,1.294,,3.9
132.14,1.294,,3.9
132.15,1.294,,3.9
132.16,1.294,,3.9
132.17,1.294,,3.9
132.18,1.294,8.58932,3.9
132.19,1.294,9.32664,3.9
132.2,1.294,9.76446,3.9
132.21,1.294,-5.75413,3.9
132.22,1.294,5.99466,3.9
132.23,1.294,10.7407,3.9
132.24,1.294,2.01487,3.9
132.25,1.294,4.65694,3.9
132.26,1.294,8.94709,3.9
132.27,1.294,11.0484,3.9
132.28,1.294,-4.71863,3.9
132.29,1.294,-4.83135,3.9
132.3,1.294,2.05163,3.9
132.31,1.294,0.0776581,3.9
132.32,1.294,2.13268,3.9
132.33,1.294,-2.36488,3.9
132.34,1.294,-0.423802,3.9
132.35,1.294,7.62046,3.9
132.36,1.294,8.14838,3.9
132.37,1.294,1.15208,3.9
132.38,1.294,-1.50245,3.9
132.39,1.294,0.71492,3.9
132.4,1.294,5.64851,3.9
132.41,1.294,4.28052,3.9
132.42,1.294,5.33654,3.9
132.43,1.294,13.1002,3.9
132.44,1.294,7.29384,3.9
132.45,1.294,2.12952,3.9
132.46,1.294,5.08611,3.9
132.47,1.294,-1.22046,3.9
132.48,1.294,-3.14146,3.9
132.49,1.294,16.1053,3.9
132.5,1.294,7.11145,3.9
132.51,1.294,9.51392,3.9
132.52,1.294,3.27529,3.9
132.53,1.294,1.00074,3.9
132.54,1.294,-3.0804,3.9
132.55,1.294,4.28277,3.9
132.56,1.29603,9.50269,3.9
132.57,1.29863,0.787454,3.9
132.58,1.30123,-3.50457,3.9
132.59,1.30383,18.0131,3.9
132.6,1.30643,2.18434,3.9
132.61,1.30903,-3.48597,3.9
132.62,1.31163,1.29081,3.9
132.63,1.31423,-0.816701,3.9
132.64,1.31683,-6.03493,3.9
132.65,1.31943,7.32088,3.9
132.66,1.31795,9.68471,3.9
132.67,1.31532,-0.20579,3.9
132.68,1.3127,-3.54774,3.9
132.69,1.31007,-2.79879,3.9
132.7,1.30744,-1.82162,3.9
132.71,1.30482,,3.9
132.72,1.30219,,3.9
132.73,1.29957,,3.9
132.74,1.29694,,3.9
132.75,1.29431,,3.9
132.76,1.294,,3.9
132.77,1.294,5.01859,3.9
132.78,1.294,5.99576,3.9
132.79,1.294,6.97293,3.9
132.8,1.294,6.25605,3.9
132.81,1.294,-2.74017,3.9
132.82,1.294,2.24359,3.9
132.83,1.294,7.73328,3.9
132.84,1.294,-1.96086,3.9
132.85,1.294,-1.63146,3.9
132.86,1.294,1.18382,3.9
132.87,1.294,6.0864,3.9
132.88,1.294,3.02292,3.9
132.89,1.294,5.41574,3.9
132.9,1.294,4.36727,3.9
132.91,1.294,7.56921,3.9
132.92,1.294,1.26763,3.9
132.93,1.294,4.65692,3.9
132.94,1.294,2.09309,3.9
132.95,1.294,-3.71594,3.9
132.96,1.294,5.11108,3.9
132.97,1.294,0.372093,3.9
132.98,1.294,11.7497,3.9
132.99,1.294,3.05328,3.9
133,1.294,-5.03618,3.9
133.01,1.294,-1.42658,3.9
133.02,1.294,-3.7377,3.9
133.03,1.294,2.89516,3.9
133.04,1.294,-1.30293,3.9
133.05,1.294,13.1387,3.9
133.06,1.294,-0.843933,3.9
133.07,1.294,3.19256,3.9
133.08,1.294,21.2744,3.9
133.09,1.294,4.95582,3.9
133.1,1.294,-2.25039,3.9
133.11,1.294,-2.87746,3.9
133.12,1.294,8.57703,3.9
133.13,1.294,4.84116,3.9
133.14,1.294,-3.71594,3.9
133.15,1.294,12.0311,3.9
133.16,1.294,7.80505,3.9
133.17,1.294,-2.86784,3.9
133.18,1.294,0.823194,3.9
133.19,1.294,7.51837,3.9
133.2,1.294,16.5062,3.9
133.21,1.294,0.600172,3.9
133.22,1.294,-0.419901,3.9
133.23,1.294,9.0774,3.9
133.24,1.294,4.06697,3.9
133.25,1.294,-1.52981,3.9
133.26,1.294,-4.92713,3.9
133.27,1.294,-3.46347,3.9
133.28,1.294,2.36587,3.9
133.29,1.294,7.84569,3.9
133.3,1.294,1.06974,3.9
133.31,1.294,0.556174,3.9
133.32,1.294,7.06838,3.9
133.33,1.294,9.69696,3.9
133.34,1.294,4.66103,3.9
133.35,1.294,-5.06398,3.9
133.36,1.294,2.66478,3.9
133.37,1.294,16.2818,3.9
133.38,1.294,14.2802,3.9
133.39,1.294,-0.213683,3.9
133.4,1.294,-3.35878,3.9
133.41,1.294,-2.3355,3.9
133.42,1.294,-1.31221,3.9
133.43,1.294,,3.9
133.44,1.294,,3.9
133.45,1.294,,3.9
133.46,1.294,,3.9
133.47,1.294,,3.9
133.48,1.294,,3.9
133.49,1.294,,3.9
133.5,1.294,,3.9
133.51,1.294,7.89735,3.9
133.52,1.294,8.92064,3.9
133.53,1.294,6.99775,3.9
133.54,1.294,3.06207,3.9
133.55,1.294,6.32745,3.9
133.56,1.294,3.8318,3.9
133.57,1.294,10.964,3.9
133.58,1.294,5.66254,3.9
133.59,1.294,2.23534,3.9
133.6,1.294,14.1831,3.9
133.61,1.294,17.1173,3.9
133.62,1.294,16.7123,3.9
133.63,1.294,13.2444,3.9
133.64,1.294,2.5494,3.9
133.65,1.294,12.8721,3.9
133.66,1.294,10.5427,3.9
133.67,1.294,15.1131,3.9
133.68,1.294,18.256,3.9
133.69,1.294,4.6594,3.9
133.7,1.294,-1.28909,3.9
133.71,1.294,2.79943,3.9
133.72,1.294,3.19925,3.9
133.73,1.294,0.0711923,3.9
133.74,1.294,1.87361,3.9
133.75,1.294,7.5569,3.9
133.76,1.294,1.95241,3.9
133.77,1.294,3.54914,3.9
133.78,1.294,6.32656,3.9
133.79,1.294,3.9281,3.9
133.8,1.294,2.23939,3.9
133.81,1.294,4.36375,3.9
133.82,1.294,1.86413,3.9
133.83,1.294,6.59615,3.9
133.84,1.294,-3.49975,3.9
133.85,1.294,9.46286,3.9
133.86,1.294,5.21524,3.9
133.87,1.294,-3.79499,3.9
133.88,1.294,-2.72645,3.9
133.89,1.294,-0.357997,3.9
133.9,1.294,-6.36148,3.9
133.91,1.294,-3.98096,3.9
133.92,1.294,11.6319,3.9
133.93,1.294,4.3723,3.9
133.94,1.294,6.75973,3.9
133.95,1.294,4.8932,3.9
133.96,1.294,8.81872,3.9
133.97,1.294,-4.60321,3.9
133.98,1.294,6.49858,3.9
133.99,1.294,15.1852,3.9
134,1.294,-4.32204,3.9
134.01,1.294,0.598135,3.9
134.02,1.294,-1.89263,3.9
134.03,1.294,-0.355101,3.9
134.04,1.294,-2.88597,3.9
134.05,1.294,-1.525,3.9
134.06,1.294,6.2648,3.9
134.07,1.294,10.0608,3.9
134.08,1.294,4.20143,3.9
134.09,1.294,-5.88179,3.9
134.1,1.294,6.10657,3.9
134.11,1.294,17.8527,3.9
134.12,1.294,17.8527,3.9
134.13,1.294,17.2968,3.9
134.14,1.294,8.09358,3.9
134.15,1.294,7.07354,3.9
134.16,1.294,7.06838,3.9
134.17,1.294,9.74429,3.9
134.18,1.294,11.6769,3.9
134.19,1.294,12.528,3.9
134.2,1.294,-1.18221,3.9
134.21,1.294,-1.53817,3.9
134.22,1.294,5.07602,3.9
134.23,1.294,-6.13068,3.9
134.24,1.294,-0.300324,3.9
134.25,1.294,5.1286,3.9
134.26,1.294,3.50409,3.9
134.27,1.294,2.86583,3.9
134.28,1.294,1.84346,3.9
134.29,1.294,13.9579,3.9
134.3,1.294,2.8348,3.9
134.31,1.294,17.3878,3.9
134.32,1.294,-6.10265,3.9
134.33,1.294,12.0046,3.9
134.34,1.294,17.7921,3.9
134.35,1.294,2.07063,3.9
134.36,1.294,2.58925,3.9
134.37,1.294,14.7164,3.9
134.38,1.294,12.5974,3.9
134.39,1.294,-1.80709,3.9
134.4,1.294,8.17166,3.9
134.41,1.294,0.0870176,3.9
134.42,1.294,0.214255,3.9
134.43,1.294,-5.38915,3.9
134.44,1.294,9.74416,3.9
134.45,1.294,-2.83826,3.9
134.46,1.294,5.26844,3.9
134.47,1.294,14.3346,3.9
134.48,1.294,11.7198,3.9
134.49,1.294,-0.519189,3.9
134.5,1.294,1.51025,3.9
134.51,1.294,2.06242,3.9
134.52,1.294,5.11614,3.9
134.53,1.294,13.5923,3.9
134.54,1.294,5.93054,3.9
134.55,1.294,-2.00537,3.9
134.56,1.294,-0.274109,3.9
134.57,1.294,5.44744,3.9
134.58,1.294,4.38302,3.9
134.59,1.294,4.38718,3.9
134.6,1.294,13.0685,3.9
134.61,1.294,3.5871,3.9
134.62,1.294,0.0621072,3.9
134.63,1.294,7.64162,3.9
134.64,1.294,13.743,3.9
134.65,1.294,1.66341,3.9
134.66,1.294,17.4142,3.9
134.67,1.294,14.803,3.9
134.68,1.294,6.63095,3.9
134.69,1.294,16.4424,3.9
134.7,1.294,6.04172,3.9
134.71,1.294,-2.76459,3.9
134.72,1.294,-6.34461,3.9
134.73,1.294,-5.27967,3.9
134.74,1.294,-4.21472,3.9
134.75,1.294,,3.9
134.76,1.294,,3.9
134.77,1.294,,3.9
134.78,1.294,,3.9
134.79,1.294,,3.9
134.8,1.294,2.17495,3.9
134.81,1.294,3.2399,3.9
134.82,1.294,4.30484,3.9
134.83,1.294,-5.55428,3.9
134.84,1.294,12.0295,3.9
134.85,1.294,10.2191,3.9
134.86,1.294,11.3754,3.9
134.87,1.294,5.54211,3.9
134.88,1.294,8.47569,3.9
134.89,1.294,1.18491,3.9
134.9,1.294,-1.03508,3.9
134.91,1.294,-2.47276,3.9
134.92,1.294,0.616959,3.9
134.93,1.294,0.618464,3.9
134.94,1.294,5.63734,3.9
134.95,1.294,10.0035,3.9
134.96,1.294,3.94738,3.9
134.97,1.294,8.87687,3.9
134.98,1.294,13.1624,3.9
134.99,1.294,3.78064,3.9
135,1.294,7.66759,3.9
135.01,1.294,11.8449,3.9
135.02,1.294,5.65338,3.9
135.03,1.294,11.7758,3.9
135.04,1.294,4.09464,3.9
135.05,1.294,5.72034,3.9
135.06,1.294,10.1467,3.9
135.07,1.294,11.5648,3.9
135.08,1.294,0.748123,3.9
135.09,1.294,5.49392,3.9
135.1,1.294,17.8527,3.9
135.11,1.294,14.342,3.9
135.12,1.294,-0.283034,3.9
135.13,1.294,-0.0602659,3.9
135.14,1.294,-1.24444,3.9
135.15,1.294,5.41678,3.9
135.16,1.294,6.73014,3.9
135.17,1.294,13.7819,3.9
135.18,1.294,4.3723,3.9
135.19,1.294,4.3723,3.9
135.2,1.294,7.61547,3.9
135.21,1.294,13.5334,3.9
135.22,1.294,5.17759,3.9
135.23,1.294,8.01918,3.9
135.24,1.294,1.38575,3.9
135.25,1.294,-3.0399,3.9
135.26,1.294,2.78665,3.9
135.27,1.294,10.8423,3.9
135.28,1.294,2.34284,3.9
135.29,1.294,2.39285,3.9
135.3,1.294,-3.71594,3.9
135.31,1.294,-3.11981,3.9
135.32,1.294,-1.14885,3.9
135.33,1.294,-2.28808,3.9
135.34,1.294,-0.937039,3.9
135.35,1.294,11.2793,3.9
135.36,1.294,10.6308,3.9
135.37,1.294,-0.169767,3.9
135.38,1.294,8.51429,3.9
135.39,1.294,5.48138,3.9
135.4,1.294,-0.977536,3.9
135.41,1.294,-0.761184,3.9
135.42,1.294,-0.544832,3.9
135.43,1.294,,3.9
135.44,1.294,,3.9
135.45,1.294,,3.9
135.46,1.294,,3.9
135.47,1.294,,3.9
135.48,1.294,,3.9
135.49,1.294,,3.9
135.5,1.294,1.18598,3.9
135.51,1.294,1.40234,3.9
135.52,1.294,1.61869,3.9
135.53,1.294,8.52104,3.9
135.54,1.294,-6.31643,3.9
135.55,1.294,1.57355,3.9
135.56,1.294,3.29283,3.9
135.57,1.294,10.4685,3.9
135.58,1.294,4.4164,3.9
135.59,1.294,-2.32102,3.9
135.6,1.294,4.20093,3.9
135.61,1.294,8.3063,3.9
135.62,1.294,15.4781,3.9
135.63,1.294,12.2223,3.9
135.64,1.294,-6.19361,3.9
135.65,1.294,-1.01986,3.9
135.66,1.294,-1.01986,3.9
135.67,1.294,13.8784,3.9
135.68,1.294,8.40566,3.9
135.69,1.294,0.588419,3.9
135.7,1.294,12.9405,3.9
135.71,1.294,-3.20094,3.9
135.72,1.294,14.7347,3.9
135.73,1.294,12.0433,3.9
135.74,1.294,-0.774926,3.9
135.75,1.294,7.52172,3.9
135.76,1.294,9.08286,3.9
135.77,1.294,-1.95543,3.9
135.78,1.294,-0.175148,3.9
135.79,1.294,0.365975,3.9
135.8,1.294,-4.44897,3.9
135.81,1.294,6.65788,3.9
135.82,1.294,-2.80213,3.9
135.83,1.294,10.6043,3.9
135.84,1.294,12.1455,3.9
135.85,1.294,-3.71594,3.9
135.86,1.294,-2.86997,3.9
135.87,1.294,-2.98068,3.9
135.88,1.294,-4.36874,3.9
135.89,1.294,-0.0825933,3.9
135.9,1.294,-1.01986,3.9
135.91,1.294,9.37218,3.9
135.92,1.294,11.033,3.9
135.93,1.294,5.93606,3.9
135.94,1.294,7.06838,3.9
135.95,1.294,6.21081,3.9
135.96,1.294,3.169,3.9
135.97,1.294,7.19274,3.9
135.98,1.294,14.9964,3.9
135.99,1.294,5.43931,3.9
136,1.294,3.23941,3.9
136.01,1.294,8.7174,3.9
136.02,1.294,7.23438,3.9
136.03,1.294,-5.02442,3.9
136.04,1.294,-3.87471,3.9
136.05,1.294,-5.05411,3.9
136.06,1.294,9.40588,3.9
136.07,1.294,8.57774,3.9
136.08,1.294,7.36106,3.9
136.09,1.294,,3.9
136.1,1.294,,3.9
136.11,1.294,,3.9
136.12,1.294,,3.9
136.13,1.294,,3.9
136.14,1.294,,3.9
136.15,1.294,,3.9
136.16,1.294,-2.37236,3.9
136.17,1.294,-3.58904,3.9
136.18,1.294,-4.80572,3.9
136.19,1.294,-2.72319,3.9
136.2,1.294,7.94326,3.9
136.21,1.294,1.24167,3.9
136.22,1.294,-5.3576,3.9
136.23,1.294,9.55684,3.9
136.24,1.294,7.81861,3.9
136.25,1.294,2.19658,3.9
136.26,1.294,-2.79663,3.9
136.27,1.294,3.99805,3.9
136.28,1.294,10.0102,3.9
136.29,1.294,13.1781,3.9
136.3,1.294,3.89977,3.9
136.31,1.294,8.36939,3.9
136.32,1.294,-3.71594,3.9
136.33,1.294,5.95316,3.9
136.34,1.294,11.8277,3.9
136.35,1.294,3.53049,3.9
136.36,1.294,-1.92022,3.9
136.37,1.294,5.128,3.9
136.38,1.294,6.39172,3.9
136.39,1.294,3.79741,3.9
136.4,1.294,21.5351,3.9
136.41,1.294,-1.23382,3.9
136.42,1.294,0.964708,3.9
136.43,1.294,9.09625,3.9
136.44,1.294,-1.54526,3.9
136.45,1.294,5.54652,3.9
136.46,1.294,13.777,3.9
136.47,1.294,3.43741,3.9
136.48,1.294,5.44327,3.9
136.49,1.294,5.95807,3.9
136.5,1.294,-2.9593,3.9
136.51,1.294,-3.71594,3.9
136.52,1.294,8.17821,3.9
136.53,1.294,11.9735,3.9
136.54,1.294,-1.03688,3.9
136.55,1.294,2.24883,3.9
136.56,1.294,12.0394,3.9
136.57,1.294,2.09247,3.9
136.58,1.294,5.74421,3.9
136.59,1.294,-3.71262,3.9
136.6,1.294,8.41642,3.9
136.61,1.294,4.86277,3.9
136.62,1.294,3.9094,3.9
136.63,1.294,8.80691,3.9
136.64,1.294,15.5853,3.9
136.65,1.294,8.68721,3.9
136.66,1.294,3.93133,3.9
136.67,1.294,6.41438,3.9
136.68,1.294,7.71646,3.9
136.69,1.294,13.0251,3.9
136.7,1.294,7.53618,3.9
136.71,1.294,-6.31936,3.9
136.72,1.294,-2.09724,3.9
136.73,1.294,-4.89443,3.9
136.74,1.294,2.23441,3.9
136.75,1.294,14.9777,3.9
136.76,1.294,6.32292,3.9
136.77,1.294,1.44747,3.9
136.78,1.294,-6.34916,3.9
136.79,1.294,-6.10644,3.9
136.8,1.294,-5.86372,3.9
136.81,1.294,,3.9
136.82,1.294,,3.9
136.83,1.294,,3.9
136.84,1.294,,3.9
136.85,1.294,,3.9
136.86,1.294,,3.9
136.87,1.294,-4.16468,3.9
136.88,1.294,-3.92196,3.9
136.89,1.294,-2.71277,3.9
136.9,1.294,3.20647,3.9
136.91,1.294,4.2365,3.9
136.92,1.294,3.23047,3.9
136.93,1.294,15.9206,3.9
136.94,1.294,10.9252,3.9
136.95,1.294,-3.68965,3.9
136.96,1.294,4.80617,3.9
136.97,1.294,-4.73003,3.9
136.98,1.294,-3.75787,3.9
136.99,1.294,11.2829,3.9
137,1.294,-4.80546,3.9
137.01,1.294,8.22192,3.9
137.02,1.294,-0.143328,3.9
137.03,1.294,-4.52373,3.9
137.04,1.294,9.3976,3.9
137.05,1.294,1.48384,3.9
137.06,1.294,3.32768,3.9
137.07,1.294,2.3676,3.9
137.08,1.294,-3.71594,3.9
137.09,1.294,15.9824,3.9
137.1,1.294,-2.63913,3.9
137.11,1.294,10.0454,3.9
137.12,1.294,2.32743,3.9
137.13,1.294,-0.0813542,3.9
137.14,1.294,2.87833,3.9
137.15,1.294,14.9427,3.9
137.16,1.294,8.08926,3.9
137.17,1.294,12.1565,3.9
137.18,1.294,6.88345,3.9
137.19,1.294,15.812,3.9
137.2,1.294,2.02591,3.9
137.21,1.294,3.5534,3.9
137.22,1.294,-3.76278,3.9
137.23,1.294,12.984,3.9
137.24,1.294,9.76446,3.9
137.25,1.294,7.09413,3.9
137.26,1.294,-1.71563,3.9
137.27,1.294,1.8339,3.9
137.28,1.294,12.6783,3.9
137.29,1.294,14.3652,3.9
137.3,1.294,7.06838,3.9
137.31,1.294,6.5294,3.9
137.32,1.294,1.45127,3.9
137.33,1.294,7.47379,3.9
137.34,1.294,-1.5624,3.9
137.35,1.294,-4.26454,3.9
137.36,1.294,1.64566,3.9
137.37,1.294,1.35028,3.9
137.38,1.294,1.0549,3.9
137.39,1.294,,3.9
137.4,1.294,,3.9
137.41,1.294,,3.9
137.42,1.294,,3.9
137.43,1.294,-0.422007,3.9
137.44,1.294,-0.717388,3.9
137.45,1.294,-1.01277,3.9
137.46,1.294,-1.01986,3.9
137.47,1.294,1.59983,3.9
137.48,1.294,-0.487541,3.9
137.49,1.294,1.28092,3.9
137.5,1.294,-4.2685,3.9
137.51,1.294,0.489523,3.9
137.52,1.294,6.44182,3.9
137.53,1.294,-0.372727,3.9
137.54,1.294,4.61464,3.9
137.55,1.294,7.06838,3.9
137.56,1.294,-1.11414,3.9
137.57,1.294,4.34543,3.9
137.58,1.294,2.12029,3.9
137.59,1.294,-1.01986,3.9
137.6,1.294,10.0527,3.9
137.61,1.294,9.51338,3.9
137.62,1.294,6.17709,3.9
137.63,1.294,-0.515243,3.9
137.64,1.294,2.91889,3.9
137.65,1.294,13.8949,3.9
137.66,1.294,9.03183,3.9
137.67,1.294,-6.41202,3.9
137.68,1.294,16.0258,3.9
137.69,1.294,3.90946,3.9
137.7,1.294,9.89889,3.9
137.71,1.294,8.31797,3.9
137.72,1.294,8.53672,3.9
137.73,1.294,1.89909,3.9
137.74,1.294,-3.71594,3.9
137.75,1.294,18.2433,3.9
137.76,1.294,16.8776,3.9
137.77,1.294,13.4551,3.9
137.78,1.294,11.3827,3.9
137.79,1.294,5.84048,3.9
137.8,1.294,10.8002,3.9
137.81,1.294,6.1662,3.9
137.82,1.294,14.501,3.9
137.83,1.294,13.0862,3.9
137.84,1.294,-1.52791,3.9
137.85,1.294,2.33792,3.9
137.86,1.294,10.4205,3.9
137.87,1.294,5.12504,3.9
137.88,1.294,8.53981,3.9
137.89,1.294,16.6432,3.9
137.9,1.294,16.5958,3.9
137.91,1.294,-3.39917,3.9
137.92,1.294,3.4837,3.9
137.93,1.294,4.35581,3.9
137.94,1.294,1.62067,3.9
137.95,1.294,-0.747897,3.9
137.96,1.294,1.11772,3.9
137.97,1.294,12.8193,3.9
137.98,1.294,11.1517,3.9
137.99,1.294,18.2344,3.9
138,1.294,16.9215,3.9
138.01,1.294,,3.9
138.02,1.294,,3.9
138.03,1.294,,3.9
138.04,1.294,,3.9
138.05,1.294,,3.9
138.06,1.294,,3.9
138.07,1.294,,3.9
138.08,1.294,6.41863,3.9
138.09,1.294,5.10576,3.9
138.1,1.294,-0.616384,3.9
138.11,1.294,0.365073,3.9
138.12,1.294,9.51295,3.9
138.13,1.294,1.6885,3.9
138.14,1.294,4.72189,3.9
138.15,1.294,3.0499,3.9
138.16,1.294,-1.34048,3.9
138.17,1.294,10.3796,3.9
138.18,1.294,8.55099,3.9
138.19,1.294,12.5198,3.9
138.2,1.294,-2.4798,3.9
138.21,1.294,5.7075,3.9
138.22,1.294,12.9227,3.9
138.23,1.294,5.74657,3.9
138.24,1.294,2.92445,3.9
138.25,1.294,6.43268,3.9
138.26,1.294,3.78137,3.9
138.27,1.294,2.89541,3.9
138.28,1.294,10.461,3.9
138.29,1.294,7.05814,3.9
138.3,1.294,3.30007,3.9
138.31,1.294,-1.29346,3.9
138.32,1.294,18.3486,3.9
138.33,1.294,-0.362983,3.9
138.34,1.294,10.6079,3.9
138.35,1.294,-5.08126,3.9
138.36,1.294,9.22661,3.9
138.37,1.294,2.8586,3.9
138.38,1.294,14.0713,3.9
138.39,1.294,17.4426,3.9
138.4,1.294,8.5489,3.9
138.41,1.294,0.72743,3.9
138.42,1.294,0.653708,3.9
138.43,1.294,6.35578,3.9
138.44,1.294,15.5172,3.9
138.45,1.294,12.3347,3.9
138.46,1.294,0.568025,3.9
138.47,1.294,4.3723,3.9
138.48,1.294,4.3723,3.9
138.49,1.294,-1.59336,3.9
138.5,1.294,3.51097,3.9
138.51,1.294,-0.92984,3.9
138.52,1.294,-4.67425,3.9
138.53,1.294,1.42282,3.9
138.54,1.294,-2.95277,3.9
138.55,1.294,1.67622,3.9
138.56,1.294,5.01992,3.9
138.57,1.294,6.24252,3.9
138.58,1.294,8.05153,3.9
138.59,1.294,6.04997,3.9
138.6,1.294,3.75328,3.9
138.61,1.294,1.51391,3.9
138.62,1.294,3.17894,3.9
138.63,1.294,10.825,3.9
138.64,1.294,14.8678,3.9
138.65,1.294,14.1417,3.9
138.66,1.294,13.4156,3.9
138.67,1.294,,3.9
138.68,1.294,,3.9
138.69,1.294,,3.9
138.7,1.294,,3.9
138.71,1.294,,3.9
138.72,1.294,,3.9
138.73,1.294,8.33287,3.9
138.74,1.294,7.60677,3.9
138.75,1.294,7.06838,3.9
138.76,1.294,5.09679,3.9
138.77,1.294,2.19727,3.9
138.78,1.294,9.94202,3.9
138.79,1.294,5.5358,3.9
138.8,1.294,-1.55198,3.9
138.81,1.294,19.7036,3.9
138.82,1.294,10.2171,3.9
138.83,1.294,17.5914,3.9
138.84,1.294,10.7549,3.9
138.85,1.294,3.89301,3.9
138.86,1.294,9.43308,3.9
138.87,1.294,-5.98706,3.9
138.88,1.294,-4.03092,3.9
138.89,1.294,8.14559,3.9
138.9,1.294,2.08858,3.9
138.91,1.294,13.179,3.9
138.92,1.294,-3.25693,3.9
138.93,1.294,-3.71594,3.9
138.94,1.294,-3.71594,3.9
138.95,1.294,-0.651276,3.9
138.96,1.294,6.4699,3.9
138.97,1.294,4.95422,3.9
138.98,1.294,0.265265,3.9
138.99,1.294,-3.35828,3.9
139,1.294,3.62276,3.9
139.01,1.294,14.328,3.9
139.02,1.294,4.05365,3.9
139.03,1.294,-4.71994,3.9
139.04,1.294,0.783853,3.9
139.05,1.294,-1.54224,3.9
139.06,1.294,11.0618,3.9
139.07,1.294,5.49689,3.9
139.08,1.294,4.3723,3.9
139.09,1.294,2.62793,3.9
139.1,1.294,11.9119,3.9
139.11,1.294,-1.46894,3.9
139.12,1.294,1.10505,3.9
139.13,1.294,-4.34553,3.9
139.14,1.294,8.24617,3.9
139.15,1.294,-4.31369,3.9
139.16,1.294,2.49811,3.9
139.17,1.294,12.1959,3.9
139.18,1.294,-0.981465,3.9
139.19,1.294,3.85905,3.9
139.2,1.294,6.30658,3.9
139.21,1.294,-6.41202,3.9
139.22,1.294,1.19284,3.9
139.23,1.294,-1.01986,3.9
139.24,1.294,-6.0572,3.9
139.25,1.294,3.96445,3.9
139.26,1.294,13.398,3.9
139.27,1.294,-5.15579,3.9
139.28,1.294,-6.41202,3.9
139.29,1.294,7.05922,3.9
139.3,1.294,7.0044,3.9
139.31,1.294,-3.59573,3.9
139.32,1.294,-3.67216,3.9
139.33,1.294,0.527377,3.9
139.34,1.294,-3.25843,3.9
139.35,1.294,-0.613468,3.9
139.36,1.294,-2.00561,3.9
139.37,1.294,-8.18702,3.9
139.38,1.294,0.629248,3.9
139.39,1.294,5.7629,3.9
139.4,1.294,7.29222,3.9
139.41,1.294,7.78122,3.9
139.42,1.294,8.27022,3.9
139.43,1.294,,3.9
139.44,1.294,,3.9
139.45,1.294,,3.9
139.46,1.294,,3.9
139.47,1.294,,3.9
139.48,1.294,,3.9
139.49,1.294,11.6932,3.9
139.5,1.294,12.1822,3.9
139.51,1.294,8.46183,3.9
139.52,1.294,-0.824373,3.9
139.53,1.294,9.46787,3.9
139.54,1.294,6.03814,3.9
139.55,1.294,3.50198,3.9
139.56,1.294,7.77739,3.9
139.57,1.294,9.74145,3.9
139.58,1.294,7.05709,3.9
139.59,1.294,1.66652,3.9
139.6,1.294,12.6115,3.9
139.61,1.294,-3.71594,3.9
139.62,1.294,-3.71594,3.9
139.63,1.294,-0.653823,3.9
139.64,1.294,5.34216,3.9
139.65,1.294,9.65351,3.9
139.66,1.294,2.29764,3.9
139.67,1.294,4.25034,3.9
139.68,1.294,5.85505,3.9
139.69,1.294,13.429,3.9
139.7,1.294,10.6201,3.9
139.71,1.294,3.16241,3.9
139.72,1.294,-4.31155,3.9
139.73,1.294,-4.40066,3.9
139.74,1.294,9.04499,3.9
139.75,1.294,-1.89313,3.9
139.76,1.294,4.11032,3.9
139.77,1.294,8.27803,3.9
139.78,1.294,6.44776,3.9
139.79,1.294,10.0468,3.9
139.8,1.294,-0.459306,3.9
139.81,1.294,-3.1468,3.9
139.82,1.294,-3.71594,3.9
139.83,1.294,-2.713,3.9
139.84,1.294,7.71911,3.9
139.85,1.294,-1.99129,3.9
139.86,1.294,-3.71594,3.9
139.87,1.294,1.32798,3.9
139.88,1.294,17.4448,3.9
139.89,1.294,-2.56844,3.9
139.9,1.294,5.4666,3.9
139.91,1.294,20.9182,3.9
139.92,1.294,-3.34643,3.9
139.93,1.294,1.25332,3.9
139.94,1.294,9.00972,3.9
139.95,1.294,-5.73837,3.9
139.96,1.294,2.16561,3.9
139.97,1.294,10.1939,3.9
139.98,1.294,16.4225,3.9
139.99,1.294,10.4749,3.9
140,1.294,-3.46937,3.9
140.01,1.294,-1.24796,3.9
140.02,1.294,-0.910401,3.9
140.03,1.294,1.21585,3.9
140.04,1.294,-3.05984,3.9
140.05,1.294,-3.5392,3.9
140.06,1.294,-0.488583,3.9
140.07,1.294,6.89814,3.9
140.08,1.294,9.66235,3.9
140.09,1.294,9.51346,3.9
140.1,1.294,,3.9
140.11,1.294,,3.9
140.12,1.294,,3.9
140.13,1.294,,3.9
140.14,1.294,,3.9
140.15,1.294,,3.9
140.16,1.294,,3.9
140.17,1.294,8.32232,3.9
140.18,1.294,8.17343,3.9
140.19,1.294,8.02454,3.9
140.2,1.294,0.704938,3.9
140.21,1.294,8.02406,3.9
140.22,1.294,2.80504,3.9
140.23,1.294,-3.31818,3.9
140.24,1.294,3.0628,3.9
140.25,1.294,3.9715,3.9
140.26,1.294,-0.543832,3.9
140.27,1.294,9.10225,3.9
140.28,1.294,8.11091,3.9
140.29,1.294,9.89057,3.9
140.3,1.294,15.5995,3.9
140.31,1.294,4.55125,3.9
140.32,1.294,-3.47435,3.9
140.33,1.294,1.44094,3.9
140.34,1.294,5.60407,3.9
140.35,1.294,1.66499,3.9
140.36,1.294,14.0134,3.9
140.37,1.294,-0.657315,3.9
140.38,1.294,8.1061,3.9
140.39,1.294,9.08952,3.9
140.4,1.294,-3.62021,3.9
140.41,1.294,9.68435,3.9
140.42,1.294,14.8546,3.9
140.43,1.294,5.18151,3.9
140.44,1.294,4.21899,3.9
140.45,1.294,11.5006,3.9
140.46,1.294,17.2501,3.9
140.47,1.294,3.26805,3.9
140.48,1.294,0.156451,3.9
140.49,1.294,7.22674,3.9
140.5,1.294,0.969246,3.9
140.51,1.294,9.03885,3.9
140.52,1.294,15.2684,3.9
140.53,1.294,11.0774,3.9
140.54,1.294,-0.640961,3.9
140.55,1.294,3.08728,3.9
140.56,1.294,10.0819,3.9
140.57,1.294,3.34587,3.9
140.58,1.294,4.35391,3.9
140.59,1.294,12.0432,3.9
140.6,1.294,0.850919,3.9
140.61,1.294,4.79759,3.9
140.62,1.294,5.22086,3.9
140.63,1.294,-1.11951,3.9
140.64,1.294,5.90212,3.9
140.65,1.294,7.9649,3.9
140.66,1.294,2.71548,3.9
140.67,1.294,1.07908,3.9
140.68,1.294,1.62261,3.9
140.69,1.294,-3.18746,3.9
140.7,1.294,-1.61727,3.9
140.71,1.294,0.706677,3.9
140.72,1.294,-3.02322,3.9
140.73,1.294,-3.77125,3.9
140.74,1.294,-4.03084,3.9
140.75,1.294,-4.29043,3.9
140.76,1.294,,3.9
140.77,1.294,,3.9
140.78,1.294,,3.9
140.79,1.294,,3.9
140.8,1.294,,3.9
140.81,1.294,-5.84796,3.9
140.82,1.294,-6.10755,3.9
140.83,1.294,-6.36714,3.9
140.84,1.294,5.63097,3.9
140.85,1.294,13.5093,3.9
140.86,1.294,5.0653,3.9
140.87,1.294,0.349884,3.9
140.88,1.294,7.6336,3.9
140.89,1.294,-0.867007,3.9
140.9,1.294,1.67622,3.9
140.91,1.294,-3.76107,3.9
140.92,1.294,-4.58939,3.9
140.93,1.294,-3.86202,3.9
140.94,1.294,1.65391,3.9
140.95,1.294,3.1755,3.9
140.96,1.294,1.99681,3.9
140.97,1.294,7.66753,3.9
140.98,1.294,2.41631,3.9
140.99,1.294,-1.01986,3.9
141,1.294,0.497918,3.9
141.01,1.294,10.2691,3.9
141.02,1.294,14.604,3.9
141.03,1.294,9.2534,3.9
141.04,1.294,0.591204,3.9
141.05,1.294,0.753227,3.9
141.06,1.294,1.81476,3.9
141.07,1.294,17.2949,3.9
141.08,1.294,15.1847,3.9
141.09,1.294,11.8984,3.9
141.1,1.294,9.35198,3.9
141.11,1.294,5.45393,3.9
141.12,1.294,-2.58212,3.9
141.13,1.294,2.77659,3.9
141.14,1.294,-5.12813,3.9
141.15,1.294,9.73791,3.9
141.16,1.294,-1.11261,3.9
141.17,1.294,-3.54312,3.9
141.18,1.294,-3.63083,3.9
141.19,1.294,15.1296,3.9
141.2,1.294,0.483449,3.9
141.21,1.294,8.93695,3.9
141.22,1.294,4.86485,3.9
141.23,1.294,2.33137,3.9
141.24,1.294,8.28551,3.9
141.25,1.294,12.0265,3.9
141.26,1.294,9.62328,3.9
141.27,1.294,10.6971,3.9
141.28,1.294,6.54713,3.9
141.29,1.294,13.2647,3.9
141.3,1.294,8.11869,3.9
141.31,1.294,2.87925,3.9
141.32,1.294,5.84801,3.9
141.33,1.294,7.06838,3.9
141.34,1.294,6.7117,3.9
141.35,1.294,-0.747965,3.9
141.36,1.294,-1.80251,3.9
141.37,1.294,0.453715,3.9
141.38,1.294,4.98745,3.9
141.39,1.294,7.93211,3.9
141.4,1.294,4.10474,3.9
141.41,1.294,0.162021,3.9
141.42,1.294,7.11868,3.9
141.43,1.294,7.25139,3.9
141.44,1.294,7.38411,3.9
141.45,1.294,,3.9
141.46,1.294,,3.9
141.47,1.294,,3.9
141.48,1.294,,3.9
141.49,1.294,,3.9
141.5,1.294,8.18039,3.9
141.51,1.294,8.31311,3.9
141.52,1.294,5.48343,3.9
141.53,1.294,-4.95039,3.9
141.54,1.294,6.54299,3.9
141.55,1.294,12.4614,3.9
141.56,1.294,5.33596,3.9
141.57,1.294,8.1201,3.9
141.58,1.294,7.41716,3.9
141.59,1.294,9.84441,3.9
141.6,1.294,12.3697,3.9
141.61,1.294,6.80657,3.9
141.62,1.294,2.72813,3.9
141.63,1.294,16.8865,3.9
141.64,1.294,8.51152,3.9
141.65,1.294,-5.77742,3.9
141.66,1.294,0.318441,3.9
141.67,1.294,-5.05318,3.9
141.68,1.294,-1.52598,3.9
141.69,1.294,7.06838,3.9
141.7,1.294,7.06838,3.9
141.71,1.294,1.75682,3.9
141.72,1.294,12.3502,3.9
141.73,1.294,5.80854,3.9
141.74,1.294,6.62094,3.9
141.75,1.294,8.71176,3.9
141.76,1.294,7.22398,3.9
141.77,1.294,-0.326044,3.9
141.78,1.294,-2.20445,3.9
141.79,1.294,5.25975,3.9
141.8,1.294,15.4021,3.9
141.81,1.294,0.796742,3.9
141.82,1.294,2.99102,3.9
141.83,1.294,15.5999,3.9
141.84,1.294,-1.8333,3.9
141.85,1.294,0.830897,3.9
141.86,1.294,-2.11206,3.9
141.87,1.294,-0.548336,3.9
141.88,1.294,0.282888,3.9
141.89,1.294,-2.44024,3.9
141.9,1.294,-0.516448,3.9
141.91,1.294,4.37351,3.9
141.92,1.294,2.99734,3.9
141.93,1.294,-2.52451,3.9
141.94,1.294,-0.898611,3.9
141.95,1.294,15.1566,3.9
141.96,1.294,13.9471,3.9
141.97,1.294,3.65628,3.9
141.98,1.294,6.45486,3.9
141.99,1.294,17.1121,3.9
142,1.294,7.36123,3.9
142.01,1.294,8.09372,3.9
142.02,1.294,8.8262,3.9
142.03,1.294,,3.9
142.04,1.294,,3.9
142.05,1.294,,3.9
142.06,1.294,,3.9
142.07,1.294,,3.9
142.08,1.294,,3.9
142.09,1.294,13.9536,3.9
142.1,1.294,14.6861,3.9
142.11,1.294,8.40194,3.9
142.12,1.294,-0.584375,3.9
142.13,1.294,8.05809,3.9
142.14,1.294,11.8938,3.9
142.15,1.294,8.33564,3.9
142.16,1.294,4.28721,3.9
142.17,1.294,5.45492,3.9
142.18,1.294,1.67622,3.9
142.19,1.294,-0.786768,3.9
142.2,1.294,-5.63926,3.9
142.21,1.294,-3.71594,3.9
142.22,1.294,5.95413,3.9
142.23,1.294,2.541,3.9
142.24,1.294,15.2359,3.9
142.25,1.294,9.60991,3.9
142.26,1.294,15.0991,3.9
142.27,1.294,4.21481,3.9
142.28,1.294,0.425984,3.9
142.29,1.294,6.85474,3.9
142.3,1.294,8.97073,3.9
142.31,1.294,1.38153,3.9
142.32,1.294,-2.75436,3.9
142.33,1.294,2.39858,3.9
142.34,1.294,7.10897,3.9
142.35,1.294,-0.776547,3.9
142.36,1.294,9.86314,3.9
142.37,1.294,-3.34567,3.9
142.38,1.294,0.0782058,3.9
142.39,1.294,4.25698,3.9
142.4,1.294,0.267424,3.9
142.41,1.294,13.0874,3.9
142.42,1.294,9.29299,3.9
142.43,1.294,-3.71594,3.9
142.44,1.294,10.909,3.9
142.45,1.294,1.31103,3.9
142.46,1.294,8.59933,3.9
142.47,1.294,14.5028,3.9
142.48,1.294,-1.55867,3.9
142.49,1.294,0.544547,3.9
142.5,1.294,10.6527,3.9
142.51,1.294,6.542,3.9
142.52,1.294,5.40307,3.9
142.53,1.294,10.6944,3.9
142.54,1.294,10.8583,3.9
142.55,1.294,8.88269,3.9
142.56,1.294,13.5522,3.9
142.57,1.294,4.17639,3.9
142.58,1.294,15.6339,3.9
142.59,1.294,10.1935,3.9
142.6,1.294,-0.0446839,3.9
142.61,1.294,1.30168,3.9
142.62,1.294,3.84648,3.9
142.63,1.294,-5.42718,3.9
142.64,1.294,10.4216,3.9
142.65,1.294,8.50932,3.9
142.66,1.294,-0.719682,3.9
142.67,1.294,8.64832,3.9
142.68,1.294,-5.64157,3.9
142.69,1.294,0.936265,3.9
142.7,1.294,2.81261,3.9
142.71,1.294,-5.17926,3.9
142.72,1.294,-6.26726,3.9
142.73,1.294,-5.13251,3.9
142.74,1.294,-3.99776,3.9
142.75,1.294,,3.9
142.76,1.294,,3.9
142.77,1.294,,3.9
142.78,1.294,,3.9
142.79,1.294,,3.9
142.8,1.294,,3.9
142.81,1.294,,3.9
142.82,1.294,,3.9
142.83,1.294,6.21495,3.9
142.84,1.294,7.3497,3.9
142.85,1.294,7.76985,3.9
142.86,1.294,-2.63282,3.9
142.87,1.294,6.77542,3.9
142.88,1.294,-2.22328,3.9
142.89,1.294,-3.69848,3.9
142.9,1.294,11.9985,3.9
142.91,1.294,-0.53204,3.9
142.92,1.294,15.7931,3.9
142.93,1.294,20.2192,3.9
142.94,1.294,18.4302,3.9
142.95,1.294,5.13392,3.9
142.96,1.294,15.1566,3.9
142.97,1.294,11.7503,3.9
142.98,1.294,1.21447,3.9
142.99,1.294,0.57983,3.9
143,1.294,-4.78455,3.9
143.01,1.294,-4.73332,3.9
143.02,1.294,8.79267,3.9
143.03,1.294,12.4605,3.9
143.04,1.294,-2.26971,3.9
143.05,1.294,2.81911,3.9
143.06,1.294,9.06504,3.9
143.07,1.294,11.9426,3.9
143.08,1.294,7.03867,3.9
143.09,1.294,4.90923,3.9
143.1,1.294,-0.777472,3.9
143.11,1.294,4.6725,3.9
143.12,1.294,-3.56805,3.9
143.13,1.294,8.56632,3.9
143.14,1.294,14.9883,3.9
143.15,1.294,3.12226,3.9
143.16,1.294,6.35817,3.9
143.17,1.294,5.33484,3.9
143.18,1.294,10.8324,3.9
143.19,1.294,1.74436,3.9
143.2,1.294,11.7494,3.9
143.21,1.294,17.3778,3.9
143.22,1.294,9.83764,3.9
143.23,1.294,15.2992,3.9
143.24,1.294,2.39634,3.9
143.25,1.294,6.94422,3.9
143.26,1.294,-0.908254,3.9
143.27,1.294,-1.34975,3.9
143.28,1.294,3.05183,3.9
143.29,1.294,9.07517,3.9
143.3,1.294,12.8362,3.9
143.31,1.294,8.95351,3.9
143.32,1.294,2.92293,3.9
143.33,1.294,4.31292,3.9
143.34,1.294,-2.93473,3.9
143.35,1.294,-2.75907,3.9
143.36,1.294,0.681211,3.9
143.37,1.294,2.83911,3.9
143.38,1.294,-3.71594,3.9
143.39,1.294,7.68132,3.9
143.4,1.294,11.1858,3.9
143.41,1.294,5.81265,3.9
143.42,1.294,12.4605,3.9
143.43,1.294,12.2356,3.9
143.44,1.294,11.565,3.9
143.45,1.294,10.8944,3.9
143.46,1.294,,3.9
143.47,1.294,,3.9
143.48,1.294,,3.9
143.49,1.294,,3.9
143.5,1.294,,3.9
143.51,1.294,6.87093,3.9
143.52,1.294,6.20034,3.9
143.53,1.294,4.77033,3.9
143.54,1.294,2.32151,3.9
143.55,1.294,7.61793,3.9
143.56,1.294,-0.0628285,3.9
143.57,1.294,7.64834,3.9
143.58,1.294,-5.54747,3.9
143.59,1.294,2.77815,3.9
143.6,1.294,0.775978,3.9
143.61,1.294,-2.40019,3.9
143.62,1.294,3.51137,3.9
143.63,1.294,-0.573513,3.9
143.64,1.294,1.44424,3.9
143.65,1.294,-1.40153,3.9
143.66,1.294,-3.65891,3.9
143.67,1.294,-6.31872,3.9
143.68,1.294,10.4279,3.9
143.69,1.294,5.94393,3.9
143.7,1.294,16.8654,3.9
143.71,1.294,-3.78302,3.9
143.72,1.294,-6.22771,3.9
143.73,1.294,4.34477,3.9
143.74,1.294,0.735389,3.9
143.75,1.294,-6.29908,3.9
143.76,1.294,10.4396,3.9
143.77,1.294,-1.70643,3.9
143.78,1.294,3.40481,3.9
143.79,1.294,-0.559133,3.9
143.8,1.294,0.385851,3.9
143.81,1.294,11.0728,3.9
143.82,1.294,6.20433,3.9
143.83,1.294,3.94629,3.9
143.84,1.294,-5.14802,3.9
143.85,1.294,1.38895,3.9
143.86,1.294,2.91538,3.9
143.87,1.294,-4.68049,3.9
143.88,1.294,8.42588,3.9
143.89,1.294,5.9913,3.9
143.9,1.294,-1.11342,3.9
143.91,1.294,-1.94171,3.9
143.92,1.294,-1.05347,3.9
143.93,1.294,-3.45988,3.9
143.94,1.294,6.64372,3.9
143.95,1.294,-1.34579,3.9
143.96,1.294,1.76409,3.9
143.97,1.294,3.156,3.9
143.98,1.294,3.24442,3.9
143.99,1.294,11.266,3.9
144,1.294,12.4605,3.9
144.01,1.294,11.8215,3.9
144.02,1.294,8.2367,3.9
144.03,1.294,2.34061,3.9
144.04,1.294,-3.17591,3.9
144.05,1.294,-2.69577,3.9
144.06,1.294,5.5243,3.9
144.07,1.294,2.90224,3.9
144.08,1.294,1.88269,3.9
144.09,1.294,4.3723,3.9
144.1,1.294,4.3723,3.9
144.11,1.294,4.3723,3.9
144.12,1.294,,3.9
144.13,1.294,,3.9
144.14,1.294,,3.9
144.15,1.294,,3.9
144.16,1.294,,3.9
144.17,1.294,,3.9
144.18,1.294,4.3723,3.9
144.19,1.294,4.3723,3.9
144.2,1.294,4.3723,3.9
144.21,1.294,0.830288,3.9
144.22,1.294,2.24844,3.9
144.23,1.294,-2.1407,3.9
144.24,1.294,-0.470929,3.9
144.25,1.294,-1.01986,3.9
144.26,1.294,-1.43889,3.9
144.27,1.294,-6.41202,3.9
144.28,1.294,-0.110491,3.9
144.29,1.294,11.864,3.9
144.3,1.294,0.250864,3.9
144.31,1.294,4.3723,3.9
144.32,1.294,8.9233,3.9
144.33,1.294,8.30581,3.9
144.34,1.294,16.8314,3.9
144.35,1.294,3.03119,3.9
144.36,1.294,14.0464,3.9
144.37,1.294,-2.45353,3.9
144.38,1.294,17.5302,3.9
144.39,1.294,5.70838,3.9
144.4,1.294,-1.5475,3.9
144.41,1.294,-3.07247,3.9
144.42,1.294,1.28525,3.9
144.43,1.294,-3.54327,3.9
144.44,1.294,-1.10538,3.9
144.45,1.294,-1.51913,3.9
144.46,1.294,-5.57737,3.9
144.47,1.294,4.07768,3.9
144.48,1.294,-0.120246,3.9
144.49,1.294,-5.80778,3.9
144.5,1.294,7.79189,3.9
144.51,1.294,-0.201684,3.9
144.52,1.294,14.4901,3.9
144.53,1.294,-2.28097,3.9
144.54,1.294,-1.01986,3.9
144.55,1.294,6.33247,3.9
144.56,1.294,2.17938,3.9
144.57,1.294,12.6632,3.9
144.58,1.294,8.2426,3.9
144.59,1.294,0.945949,3.9
144.6,1.294,0.0386514,3.9
144.61,1.294,7.17199,3.9
144.62,1.294,16.0025,3.9
144.63,1.294,11.6891,3.9
144.64,1.294,9.34933,3.9
144.65,1.294,2.997,3.9
144.66,1.294,4.80518,3.9
144.67,1.294,15.3535,3.9
144.68,1.294,12.8643,3.9
144.69,1.294,1.63491,3.9
144.7,1.294,-1.33185,3.9
144.71,1.294,6.5455,3.9
144.72,1.294,-3.76926,3.9
144.73,1.294,8.31583,3.9
144.74,1.294,8.9385,3.9
144.75,1.294,5.17845,3.9
144.76,1.294,3.85599,3.9
144.77,1.294,6.06186,3.9
144.78,1.294,1.6303,3.9
144.79,1.294,1.41267,3.9
144.8,1.294,1.19504,3.9
144.81,1.294,,3.9
144.82,1.294,,3.9
144.83,1.294,,3.9
144.84,1.294,,3.9
144.85,1.294,,3.9
144.86,1.294,,3.9
144.87,1.294,,3.9
144.88,1.294,-0.546027,3.9
144.89,1.294,-0.76366,3.9
144.9,1.294,-0.981293,3.9
144.91,1.294,4.03927,3.9
144.92,1.294,15.7925,3.9
144.93,1.294,6.68506,3.9
144.94,1.294,2.40068,3.9
144.95,1.294,-0.24977,3.9
144.96,1.294,-2.27999,3.9
144.97,1.294,0.743168,3.9
144.98,1.294,11.7945,3.9
144.99,1.294,2.46864,3.9
145,1.294,11.8158,3.9
145.01,1.294,-1.23482,3.9
145.02,1.294,8.82252,3.9
145.03,1.294,5.13701,3.9
145.04,1.294,4.10507,3.9
145.05,1.294,2.46611,3.9
145.06,1.294,1.67622,3.9
145.07,1.294,-1.44582,3.9
145.08,1.294,4.33951,3.9
145.09,1.294,5.59697,3.9
145.1,1.294,3.3003,3.9
145.11,1.294,2.35348,3.9
145.12,1.294,11.0904,3.9
145.13,1.294,6.49,3.9
145.14,1.294,-1.62696,3.9
145.15,1.294,0.386175,3.9
145.16,1.294,3.33397,3.9
145.17,1.294,10.6874,3.9
145.18,1.294,2.84277,3.9
145.19,1.294,4.3723,3.9
145.2,1.294,2.03799,3.9
145.21,1.294,6.07173,3.9
145.22,1.294,0.119066,3.9
145.23,1.294,-1.76189,3.9
145.24,1.294,6.83085,3.9
145.25,1.294,-0.336306,3.9
145.26,1.294,2.08816,3.9
145.27,1.294,-1.72634,3.9
145.28,1.294,9.34276,3.9
145.29,1.294,15.729,3.9
145.3,1.294,5.53628,3.9
145.31,1.294,1.52558,3.9
145.32,1.294,0.874836,3.9
145.33,1.294,6.60514,3.9
145.34,1.294,-4.05509,3.9
145.35,1.294,-3.61173,3.9
145.36,1.294,9.61792,3.9
145.37,1.294,2.77696,3.9
145.38,1.294,14.0311,3.9
145.39,1.294,-4.33733,3.9
145.4,1.294,10.6221,3.9
145.41,1.294,10.0288,3.9
145.42,1.294,11.6892,3.9
145.43,1.294,-0.651666,3.9
145.44,1.294,-3.10538,3.9
145.45,1.294,2.64848,3.9
145.46,1.294,-2.74098,3.9
145.47,1.294,3.39205,3.9
145.48,1.294,6.99708,3.9
145.49,1.294,6.8744,3.9
145.5,1.294,,3.9
145.51,1.294,,3.9
145.52,1.294,,3.9
145.53,1.294,,3.9
145.54,1.294,,3.9
145.55,1.294,,3.9
145.56,1.294,6.0156,3.9
145.57,1.294,5.89291,3.9
145.58,1.294,5.77023,3.9
145.59,1.294,6.6077,3.9
145.6,1.294,9.81989,3.9
145.61,1.294,7.48899,3.9
145.62,1.294,10.3154,3.9
145.63,1.294,4.27528,3.9
145.64,1.294,-0.507748,3.9
145.65,1.294,-1.01986,3.9
145.66,1.294,0.509815,3.9
145.67,1.294,7.07888,3.9
145.68,1.294,10.3287,3.9
145.69,1.294,8.22137,3.9
145.7,1.294,4.01117,3.9
145.71,1.294,-0.627829,3.9
145.72,1.294,-6.22155,3.9
145.73,1.294,-7.56207,3.9
145.74,1.294,1.80049,3.9
145.75,1.294,8.22237,3.9
145.76,1.294,13.6601,3.9
145.77,1.294,8.96111,3.9
145.78,1.294,-1.29212,3.9
145.79,1.294,-2.23332,3.9
145.8,1.294,4.16115,3.9
145.81,1.294,7.67533,3.9
145.82,1.294,4.09388,3.9
145.83,1.294,1.67622,3.9
145.84,1.294,-1.17341,3.9
145.85,1.294,-2.34044,3.9
145.86,1.294,-2.39085,3.9
145.87,1.294,4.48207,3.9
145.88,1.294,5.62252,3.9
145.89,1.294,2.37227,3.9
145.9,1.294,6.3886,3.9
145.91,1.294,3.89878,3.9
145.92,1.294,5.37515,3.9
145.93,1.294,6.28601,3.9
145.94,1.294,2.33113,3.9
145.95,1.294,-1.7647,3.9
145.96,1.294,0.416797,3.9
145.97,1.294,5.95307,3.9
145.98,1.294,3.09765,3.9
145.99,1.294,2.46442,3.9
146,1.294,4.78645,3.9
146.01,1.294,1.67389,3.9
146.02,1.294,3.1481,3.9
146.03,1.294,-1.78377,3.9
146.04,1.294,8.28889,3.9
146.05,1.294,11.6664,3.9
146.06,1.294,1.67622,3.9
146.07,1.294,0.920615,3.9
146.08,1.294,4.684,3.9
146.09,1.294,18.6386,3.9
146.1,1.294,4.55662,3.9
146.11,1.294,-2.49816,3.9
146.12,1.294,17.3716,3.9
146.13,1.294,15.0901,3.9
146.14,1.294,14.6777,3.9
146.15,1.294,14.2653,3.9
146.16,1.294,,3.9
146.17,1.294,,3.9
146.18,1.294,,3.9
146.19,1.294,,3.9
146.2,1.294,,3.9
146.21,1.294,,3.9
146.22,1.294,,3.9
146.23,1.294,,3.9
146.24,1.294,10.5537,3.9
146.25,1.294,10.1413,3.9
146.26,1.294,9.57071,3.9
146.27,1.294,7.32095,3.9
146.28,1.294,6.47476,3.9
146.29,1.294,15.1566,3.9
146.3,1.294,14.9685,3.9
146.31,1.294,5.78422,3.9
146.32,1.294,6.1545,3.9
146.33,1.294,0.562469,3.9
146.34,1.294,14.3066,3.9
146.35,1.294,1.94301,3.9
146.36,1.294,-0.873395,3.9
146.37,1.294,6.11783,3.9
146.38,1.294,6.10208,3.9
146.39,1.294,4.80785,3.9
146.4,1.294,7.7511,3.9
146.41,1.294,-0.419887,3.9
146.42,1.294,-0.126017,3.9
146.43,1.294,9.37634,3.9
146.44,1.294,1.03998,3.9
146.45,1.294,-4.95824,3.9
146.46,1.294,8.25065,3.9
146.47,1.294,6.56604,3.9
146.48,1.294,12.3306,3.9
146.49,1.294,11.9963,3.9
146.5,1.294,12.881,3.9
146.51,1.294,11.3146,3.9
146.52,1.294,10.7291,3.9
146.53,1.294,12.4605,3.9
146.54,1.294,-1.63719,3.9
146.55,1.294,-3.73202,3.9
146.56,1.294,4.87205,3.9
146.57,1.294,12.5132,3.9
146.58,1.294,1.96078,3.9
146.59,1.294,-2.10057,3.9
146.6,1.294,0.712944,3.9
146.61,1.294,19.7651,3.9
146.62,1.294,4.74981,3.9
146.63,1.294,-3.65135,3.9
146.64,1.294,10.3102,3.9
146.65,1.294,-4.05389,3.9
146.66,1.294,14.4175,3.9
146.67,1.294,10.7241,3.9
146.68,1.294,12.3407,3.9
146.69,1.294,9.68727,3.9
146.7,1.294,-1.15957,3.9
146.71,1.294,-3.62909,3.9
146.72,1.294,6.74368,3.9
146.73,1.294,-4.50383,3.9
146.74,1.294,6.462,3.9
146.75,1.294,3.03642,3.9
146.76,1.294,-5.10534,3.9
146.77,1.294,0.371559,3.9
146.78,1.294,18.3252,3.9
146.79,1.294,6.80139,3.9
146.8,1.294,3.38069,3.9
146.81,1.294,-2.47248,3.9
146.82,1.294,0.152289,3.9
146.83,1.294,2.79288,3.9
146.84,1.294,6.57006,3.9
146.85,1.294,11.3415,3.9
146.86,1.294,8.02686,3.9
146.87,1.294,6.50858,3.9
146.88,1.294,4.99029,3.9
146.89,1.294,,3.9
146.9,1.294,,3.9
146.91,1.294,,3.9
146.92,1.294,,3.9
146.93,1.294,,3.9
146.94,1.294,-4.11944,3.9
146.95,1.294,-5.63772,3.9
146.96,1.294,-0.474164,3.9
146.97,1.294,9.84312,3.9
146.98,1.294,-1.11011,3.9
146.99,1.294,3.86541,3.9
147,1.294,10.8481,3.9
147.01,1.294,6.57506,3.9
147.02,1.294,1.67622,3.9
147.03,1.294,-5.41117,3.9
147.04,1.294,1.86033,3.9
147.05,1.294,0.24273,3.9
147.06,1.294,6.8512,3.9
147.07,1.294,7.76746,3.9
147.08,1.294,-5.68144,3.9
147.09,1.294,9.54264,3.9
147.1,1.294,1.32994,3.9
147.11,1.294,5.61436,3.9
147.12,1.294,5.50024,3.9
147.13,1.294,14.6758,3.9
147.14,1.294,9.2244,3.9
147.15,1.294,4.31818,3.9
147.16,1.294,3.50535,3.9
147.17,1.294,-5.60448,3.9
147.18,1.294,6.36708,3.9
147.19,1.294,16.7405,3.9
147.2,1.294,3.02522,3.9
147.21,1.294,-3.17732,3.9
147.22,1.294,-2.53124,3.9
147.23,1.294,3.48695,3.9
147.24,1.294,0.0627445,3.9
147.25,1.294,1.20451,3.9
147.26,1.294,9.17246,3.9
147.27,1.294,8.30592,3.9
147.28,1.294,7.47433,3.9
147.29,1.294,0.277384,3.9
147.3,1.294,2.64523,3.9
147.31,1.294,-0.0961328,3.9
147.32,1.294,10.3504,3.9
147.33,1.294,14.674,3.9
147.34,1.294,0.821984,3.9
147.35,1.294,5.16926,3.9
147.36,1.294,9.34393,3.9
147.37,1.294,4.35167,3.9
147.38,1.294,-0.357109,3.9
147.39,1.294,1.62019,3.9
147.4,1.294,4.103,3.9
147.41,1.294,-0.688795,3.9
147.42,1.294,10.1804,3.9
147.43,1.294,9.69789,3.9
147.44,1.294,-3.21894,3.9
147.45,1.294,1.91816,3.9
147.46,1.294,14.4691,3.9
147.47,1.294,6.97929,3.9
147.48,1.294,6.76656,3.9
147.49,1.294,-9.04025,3.9
147.5,1.294,0.674683,3.9
147.51,1.294,7.03891,3.9
147.52,1.294,6.22421,3.9
147.53,1.294,5.40952,3.9
147.54,1.294,,3.9
147.55,1.294,,3.9
147.56,1.29408,,3.9
147.57,1.29418,,3.9
147.58,1.29428,,3.9
147.59,1.29438,0.521337,3.9
147.6,1.29448,-0.293359,3.9
147.61,1.29458,0.385223,3.9
147.62,1.29468,11.4963,3.9
147.63,1.29478,-2.34286,3.9
147.64,1.29488,10.7025,3.9
147.65,1.29498,1.85987,3.9
147.66,1.29492,-4.04296,3.9
147.67,1.29482,4.64939,3.9
147.68,1.29472,2.8546,3.9
147.69,1.29462,6.07312,3.9
147.7,1.29452,-1.45858,3.9
147.71,1.29442,4.19486,3.9
147.72,1.29432,4.01139,3.9
147.73,1.29422,11.557,3.9
147.74,1.29412,16.9275,3.9
147.75,1.29402,3.26333,3.9
147.76,1.294,5.62711,3.9
147.77,1.294,5.50307,3.9
147.78,1.294,12.3898,3.9
147.79,1.294,13.8962,3.9
147.8,1.294,-2.30294,3.9
147.81,1.294,0.795418,3.9
147.82,1.294,4.09582,3.9
147.83,1.294,8.24092,3.9
147.84,1.294,4.94069,3.9
147.85,1.294,13.1638,3.9
147.86,1.294,4.35075,3.9
147.87,1.294,0.961185,3.9
147.88,1.294,13.9126,3.9
147.89,1.294,10.559,3.9
147.9,1.294,-1.49867,3.9
147.91,1.294,0.276198,3.9
147.92,1.294,-3.58346,3.9
147.93,1.294,-0.156271,3.9
147.94,1.294,-0.581638,3.9
147.95,1.294,-5.15174,3.9
147.96,1.294,-5.09554,3.9
147.97,1.294,-0.753758,3.9
147.98,1.294,0.0564818,3.9
147.99,1.294,0.768519,3.9
148,1.294,14.6639,3.9
148.01,1.294,10.187,3.9
148.02,1.294,5.44853,3.9
148.03,1.294,10.2774,3.9
148.04,1.294,5.51708,3.9
148.05,1.294,1.68609,3.9
148.06,1.294,1.95543,3.9
148.07,1.294,2.22477,3.9
148.08,1.294,,3.9
148.09,1.294,,3.9
148.1,1.294,,3.9
148.11,1.294,,3.9
148.12,1.294,,3.9
148.13,1.294,3.8408,3.9
148.14,1.294,4.11014,3.9
148.15,1.294,4.40427,3.9
148.16,1.294,5.60428,3.9
148.17,1.294,5.72034,3.9
148.18,1.294,3.20008,3.9
148.19,1.294,-0.697085,3.9
148.2,1.294,16.2844,3.9
148.21,1.294,-4.40869,3.9
148.22,1.294,-4.15823,3.9
148.23,1.294,-2.78477,3.9
148.24,1.294,0.724174,3.9
148.25,1.294,10.5888,3.9
148.26,1.294,-3.71594,3.9
148.27,1.294,13.6004,3.9
148.28,1.294,1.71483,3.9
148.29,1.294,8.91345,3.9
148.3,1.294,2.03481,3.9
148.31,1.294,3.00654,3.9
148.32,1.294,1.67622,3.9
148.33,1.294,5.13606,3.9
148.34,1.294,-0.0601412,3.9
148.35,1.294,-3.60886,3.9
148.36,1.29611,6.14909,3.9
148.37,1.29881,10.7625,3.9
148.38,1.30151,-4.20517,3.9
148.39,1.30421,6.74447,3.9
148.4,1.30691,3.46659,3.9
148.41,1.30961,-4.87107,3.9
148.42,1.31231,-0.802105,3.9
148.43,1.31501,8.41642,3.9
148.44,1.31771,4.46027,3.9
148.45,1.32041,-5.79531,3.9
148.46,1.31889,0.750087,3.9
148.47,1.31619,0.971341,3.9
148.48,1.31349,-2.42784,3.9
148.49,1.31079,1.8184,3.9
148.5,1.30809,5.72757,3.9
148.51,1.30539,-5.06668,3.9
148.52,1.30269,16.757,3.9
148.53,1.29999,7.48039,3.9
148.54,1.29729,9.43312,3.9
148.55,1.29459,5.67835,3.9
148.56,1.29408,15.8026,3.9
148.57,1.29418,-3.71594,3.9
148.58,1.29428,-3.71594,3.9
148.59,1.29438,14.5099,3.9
148.6,1.29448,10.4735,3.9
148.61,1.29458,2.3741,3.9
148.62,1.29468,3.42587,3.9
148.63,1.29478,4.0878,3.9
148.64,1.29488,2.19511,3.9
148.65,1.29498,5.8575,3.9
148.66,1.29492,9.1024,3.9
148.67,1.29482,11.5155,3.9
148.68,1.29472,14.0773,3.9
148.69,1.29462,10.7906,3.9
148.7,1.29452,9.22965,3.9
148.71,1.29442,6.65624,3.9
148.72,1.29432,-4.369,3.9
148.73,1.29421,2.65668,3.9
148.74,1.29411,3.33273,3.9
148.75,1.29401,-3.40593,3.9
148.76,1.294,10.317,3.9
148.77,1.294,12.4605,3.9
148.78,1.294,4.58883,3.9
148.79,1.294,-2.5529,3.9
148.8,1.294,4.18709,3.9
148.81,1.294,3.74379,3.9
148.82,1.294,3.30048,3.9
148.83,1.294,,3.9
148.84,1.294,,3.9
148.85,1.294,,3.9
148.86,1.294,,3.9
148.87,1.294,,3.9
148.88,1.294,,3.9
148.89,1.294,,3.9
148.9,1.294,-0.245941,3.9
148.91,1.294,-0.689245,3.9
148.92,1.294,2.03628,3.9
148.93,1.294,9.41556,3.9
148.94,1.294,2.78097,3.9
148.95,1.294,-0.382331,3.9
148.96,1.294,0.432472,3.9
148.97,1.294,15.2078,3.9
148.98,1.294,16.0751,3.9
148.99,1.294,8.91537,3.9
149,1.294,-6.41202,3.9
149.01,1.294,-3.93796,3.9
149.02,1.294,1.32602,3.9
149.03,1.294,10.4225,3.9
149.04,1.294,15.022,3.9
149.05,1.294,3.35452,3.9
149.06,1.294,3.46892,3.9
149.07,1.294,1.57318,3.9
149.08,1.294,1.67622,3.9
149.09,1.294,15.1566,3.9
149.1,1.294,2.89539,3.9
149.11,1.294,11.6319,3.9
149.12,1.294,7.43893,3.9
149.13,1.294,3.37368,3.9
149.14,1.294,1.0902,3.9
149.15,1.294,-3.3367,3.9
149.16,1.294,7.64033,3.9
149.17,1.294,3.74614,3.9
149.18,1.294,7.41224,3.9
149.19,1.294,4.77094,3.9
149.2,1.294,-3.51467,3.9
149.21,1.294,2.35089,3.9
149.22,1.294,0.447621,3.9
149.23,1.294,8.19559,3.9
149.24,1.294,1.45226,3.9
149.25,1.294,10.2789,3.9
149.26,1.294,11.7033,3.9
149.27,1.294,1.07665,3.9
149.28,1.294,-0.925489,3.9
149.29,1.294,8.51242,3.9
149.3,1.294,-1.39244,3.9
149.31,1.294,-2.95706,3.9
149.32,1.294,1.60618,3.9
149.33,1.294,-1.28728,3.9
149.34,1.294,-3.59791,3.9
149.35,1.294,9.73817,3.9
149.36,1.29408,10.273,3.9
149.37,1.29418,4.42922,3.9
149.38,1.29428,19.7609,3.9
149.39,1.29438,15.0954,3.9
149.4,1.29448,-2.31763,3.9
149.41,1.29458,7.21207,3.9
149.42,1.29468,7.06838,3.9
149.43,1.29478,-2.66713,3.9
149.44,1.29488,8.56569,3.9
149.45,1.29498,6.49486,3.9
149.46,1.295,-0.3336,3.9
149.47,1.295,8.0352,3.9
149.48,1.295,9.94804,3.9
149.49,1.295,6.48861,3.9
149.5,1.295,5.48227,3.9
149.51,1.295,,3.9
149.52,1.295,,3.9
149.53,1.295,,3.9
149.54,1.295,,3.9
149.55,1.295,,3.9
149.56,1.29492,,3.9
149.57,1.29482,,3.9
149.58,1.29472,,3.9
149.59,1.29462,,3.9
149.6,1.29452,-4.58113,3.9
149.61,1.29442,-5.58746,3.9
149.62,1.29432,-4.17804,3.9
149.63,1.29422,-1.14965,3.9
149.64,1.29412,-1.51532,3.9
149.65,1.29402,6.87396,3.9
149.66,1.29408,10.2101,3.9
149.67,1.29418,6.22074,3.9
149.68,1.29428,4.22662,3.9
149.69,1.29438,1.26022,3.9
149.7,1.29448,1.45856,3.9
149.71,1.29458,6.76676,3.9
149.72,1.29468,1.75771,3.9
149.73,1.29478,-1.26147,3.9
149.74,1.29488,8.20139,3.9
149.75,1.29498,17.0076,3.9
149.76,1.295,13.1844,3.9
149.77,1.295,1.21644,3.9
149.78,1.295,9.64159,3.9
149.79,1.295,-3.69284,3.9
149.8,1.295,-3.30336,3.9
149.81,1.295,-1.62135,3.9
149.82,1.295,10.6878,3.9
149.83,1.295,4.10743,3.9
149.84,1.295,-4.19762,3.9
149.85,1.295,5.00317,3.9
149.86,1.29492,5.15201,3.9
149.87,1.29482,11.4652,3.9
149.88,1.29472,7.88744,3.9
149.89,1.29462,5.84211,3.9
149.9,1.29452,-0.787005,3.9
149.91,1.29442,6.38721,3.9
149.92,1.29432,5.12115,3.9
149.93,1.29422,0.527095,3.9
149.94,1.29412,3.38411,3.9
149.95,1.29402,-2.46196,3.9
149.96,1.294,-3.71594,3.9
149.97,1.294,-0.591247,3.9
149.98,1.294,2.83292,3.9
149.99,1.294,1.46942,3.9
150,1.294,6.82379,3.9
150.01,1.294,10.0484,3.9
150.02,1.294,13.34,3.9
150.03,1.294,1.47279,3.9
150.04,1.294,-6.17022,3.9
150.05,1.294,8.33436,3.9
150.06,1.29408,6.74187,3.9
150.07,1.29418,1.09855,3.9
150.08,1.29428,2.41119,3.9
150.09,1.29438,-0.0638096,3.9
150.1,1.29448,12.4605,3.9
150.11,1.29458,-0.45354,3.9
150.12,1.29468,5.94654,3.9
150.13,1.29478,-4.56422,3.9
150.14,1.29488,-0.589409,3.9
150.15,1.29498,0.446985,3.9
150.16,1.29492,1.48338,3.9
150.17,1.29482,,3.9
150.18,1.29472,,3.9
150.19,1.29462,,3.9
150.2,1.29452,,3.9
150.21,1.29442,,3.9
150.22,1.29432,,3.9
150.23,1.29422,,3.9
150.24,1.29412,,3.9
150.25,1.29402,,3.9
150.26,1.29408,,3.9
150.27,1.29418,12.8837,3.9
150.28,1.29428,13.9201,3.9
150.29,1.29438,14.9565,3.9
150.3,1.29448,7.17258,3.9
150.31,1.29458,11.9104,3.9
150.32,1.29468,7.23914,3.9
150.33,1.29478,9.77165,3.9
150.34,1.29488,2.81102,3.9
150.35,1.29498,15.8596,3.9
150.36,1.295,6.85759,3.9
150.37,1.295,2.68965,3.9
150.38,1.295,4.00313,3.9
150.39,1.295,7.17312,3.9
150.4,1.295,5.02909,3.9
150.41,1.295,12.6982,3.9
150.42,1.295,2.2169,3.9
150.43,1.295,9.45277,3.9
150.44,1.295,-1.66447,3.9
150.45,1.295,-5.93581,3.9
150.46,1.29492,8.02833,3.9
150.47,1.29482,1.22994,3.9
150.48,1.29472,0.579093,3.9
150.49,1.29462,2.70396,3.9
150.5,1.29452,-1.06754,3.9
150.51,1.29442,8.92589,3.9
150.52,1.29432,-0.847455,3.9
150.53,1.29422,3.2528,3.9
150.54,1.29412,6.75614,3.9
150.55,1.29402,0.262058,3.9
150.56,1.294,-3.71594,3.9
150.57,1.294,12.3559,3.9
150.58,1.294,2.26788,3.9
150.59,1.294,-2.78608,3.9
150.6,1.294,7.15501,3.9
150.61,1.294,-2.3985,3.9
150.62,1.294,16.3778,3.9
150.63,1.294,13.8213,3.9
150.64,1.294,-3.41712,3.9
150.65,1.294,3.92892,3.9
150.66,1.294,3.44306,3.9
150.67,1.294,-0.54255,3.9
150.68,1.294,2.46468,3.9
150.69,1.294,5.09419,3.9
150.7,1.294,-0.409057,3.9
150.71,1.294,-0.129185,3.9
150.72,1.294,8.84226,3.9
150.73,1.294,5.72034,3.9
150.74,1.294,2.16215,3.9
150.75,1.294,-1.56672,3.9
150.76,1.294,-1.84626,3.9
150.77,1.294,-4.67917,3.9
150.78,1.294,-3.62168,3.9
150.79,1.294,7.24274,3.9
150.8,1.294,17.1892,3.9
150.81,1.294,15.2658,3.9
150.82,1.294,13.3424,3.9
150.83,1.294,,3.9
150.84,1.294,,3.9
150.85,1.294,,3.9
150.86,1.29408,,3.9
150.87,1.29418,,3.9
150.88,1.29428,,3.9
150.89,1.29438,-0.121509,3.9
150.9,1.29448,-2.04492,3.9
150.91,1.29458,-3.36962,3.9
150.92,1.29468,-1.01986,3.9
150.93,1.29478,-0.123485,3.9
150.94,1.29488,7.06838,3.9
150.95,1.29498,7.95279,3.9
150.96,1.295,-0.49012,3.9
150.97,1.295,11.2889,3.9
150.98,1.295,4.5572,3.9
150.99,1.295,6.93011,3.9
151,1.295,12.2586,3.9
151.01,1.295,4.57278,3.9
151.02,1.295,11.3814,3.9
151.03,1.295,0.963867,3.9
151.04,1.295,9.77699,3.9
151.05,1.295,2.42173,3.9
151.06,1.29492,12.5631,3.9
151.07,1.29482,19.4434,3.9
151.08,1.29472,-2.6831,3.9
151.09,1.29462,2.86877,3.9
151.1,1.29452,11.2414,3.9
151.11,1.29442,2.56981,3.9
151.12,1.29432,10.493,3.9
151.13,1.29422,10.1887,3.9
151.14,1.29412,1.65995,3.9
151.15,1.29402,0.776431,3.9
151.16,1.294,10.4893,3.9
151.17,1.294,1.59845,3.9
151.18,1.294,1.18345,3.9
151.19,1.294,8.71053,3.9
151.2,1.294,-0.0494536,3.9
151.21,1.294,15.8825,3.9
151.22,1.294,12.5009,3.9
151.23,1.294,9.33993,3.9
151.24,1.294,2.38224,3.9
151.25,1.294,2.24978,3.9
151.26,1.29408,4.09081,3.9
151.27,1.29418,3.86673,3.9
151.28,1.29428,7.29063,3.9
151.29,1.29438,-4.81811,3.9
151.3,1.29448,-2.41129,3.9
151.31,1.29458,3.31061,3.9
151.32,1.29468,-0.364016,3.9
151.33,1.29478,9.49878,3.9
151.34,1.29488,-1.02178,3.9
151.35,1.29498,-1.27464,3.9
151.36,1.29492,-1.5275,3.9
151.37,1.29482,,3.9
151.38,1.29472,,3.9
151.39,1.29462,,3.9
151.4,1.29452,,3.9
151.41,1.29442,,3.9
151.42,1.29432,,3.9
151.43,1.29422,-3.29753,3.9
151.44,1.29412,-3.55039,3.9
151.45,1.29402,-4.02509,3.9
151.46,1.29408,0.731171,3.9
151.47,1.29418,9.93761,3.9
151.48,1.29428,4.88274,3.9
151.49,1.29438,11.5896,3.9
151.5,1.29448,8.0761,3.9
151.51,1.29458,2.40311,3.9
151.52,1.29468,-1.2441,3.9
151.53,1.29478,1.67622,3.9
151.54,1.29488,4.3642,3.9
151.55,1.29498,17.6202,3.9
151.56,1.295,13.679,3.9
151.57,1.295,-1.94837,3.9
151.58,1.295,9.2872,3.9
151.59,1.295,2.93917,3.9
151.6,1.295,7.60045,3.9
151.61,1.295,5.79689,3.9
151.62,1.295,1.47498,3.9
151.63,1.295,7.87067,3.9
151.64,1.295,-5.40338,3.9
151.65,1.295,7.09051,3.9
151.66,1.295,-0.831769,3.9
151.67,1.295,-1.71758,3.9
151.68,1.295,7.71608,3.9
151.69,1.295,14.1568,3.9
151.7,1.295,4.04627,3.9
151.71,1.295,-2.68446,3.9
151.72,1.295,-4.57909,3.9
151.73,1.295,6.6462,3.9
151.74,1.295,8.70551,3.9
151.75,1.295,4.39011,3.9
151.76,1.295,5.9403,3.9
151.77,1.295,7.15953,3.9
151.78,1.295,1.4338,3.9
151.79,1.295,5.33032,3.9
151.8,1.295,-1.2291,3.9
151.81,1.295,4.74865,3.9
151.82,1.295,-7.523,3.9
151.83,1.295,-7.21367,3.9
151.84,1.295,-1.61752,3.9
151.85,1.295,-0.631699,3.9
151.86,1.295,-5.44388,3.9
151.87,1.295,-2.94992,3.9
151.88,1.295,-5.8967,3.9
151.89,1.295,1.00819,3.9
151.9,1.295,14.5079,3.9
151.91,1.295,-1.01986,3.9
151.92,1.295,-1.64365,3.9
151.93,1.295,-2.55135,3.9
151.94,1.295,4.95336,3.9
151.95,1.295,20.0238,3.9
151.96,1.29492,10.9897,3.9
151.97,1.29482,12.4605,3.9
151.98,1.29472,-1.47166,3.9
151.99,1.29462,8.81739,3.9
152,1.29452,1.59469,3.9
152.01,1.29442,5.72034,3.9
152.02,1.29432,5.67205,3.9
152.03,1.29422,4.84502,3.9
152.04,1.29412,4.018,3.9
152.05,1.29402,,3.9
152.06,1.29408,,3.9
152.07,1.29418,,3.9
152.08,1.29428,,3.9
152.09,1.29438,,3.9
152.1,1.29448,,3.9
152.11,1.29458,-1.77115,3.9
152.12,1.29468,-2.59817,3.9
152.13,1.29478,-3.42519,3.9
152.14,1.29488,2.82924,3.9
152.15,1.29498,8.94708,3.9
152.16,1.295,13.9492,3.9
152.17,1.295,0.557618,3.9
152.18,1.295,6.3076,3.9
152.19,1.295,7.87867,3.9
152.2,1.295,5.00859,3.9
152.21,1.295,2.36961,3.9
152.22,1.295,1.67622,3.9
152.23,1.295,13.8883,3.9
152.24,1.295,-1.76712,3.9
152.25,1.295,6.5216,3.9
152.26,1.295,-0.31745,3.9
152.27,1.295,-1.01986,3.9
152.28,1.295,-4.24666,3.9
152.29,1.295,3.02426,3.9
152.3,1.295,0.565205,3.9
152.31,1.295,-1.6412,3.9
152.32,1.295,-0.0945671,3.9
152.33,1.295,-5.77631,3.9
152.34,1.295,-3.81734,3.9
152.35,1.295,4.68741,3.9
152.36,1.295,5.52853,3.9
152.37,1.295,2.55882,3.9
152.38,1.295,-6.04023,3.9
152.39,1.295,-4.0338,3.9
152.4,1.295,0.868328,3.9
152.41,1.295,-5.8632,3.9
152.42,1.295,0.236797,3.9
152.43,1.295,-0.539856,3.9
152.44,1.295,13.5781,3.9
152.45,1.295,-3.66274,3.9
152.46,1.295,-0.0387064,3.9
152.47,1.295,-6.01822,3.9
152.48,1.295,-1.82427,3.9
152.49,1.295,1.33456,3.9
152.5,1.295,4.9677,3.9
152.51,1.295,-2.15469,3.9
152.52,1.295,-6.41202,3.9
152.53,1.295,8.89927,3.9
152.54,1.295,0.483718,3.9
152.55,1.295,-1.27833,3.9
152.56,1.295,-1.77124,3.9
152.57,1.295,4.90576,3.9
152.58,1.295,15.2441,3.9
152.59,1.295,15.9471,3.9
152.6,1.295,-2.18553,3.9
152.61,1.295,8.73596,3.9
152.62,1.295,5.35075,3.9
152.63,1.295,-4.24594,3.9
152.64,1.295,-0.174666,3.9
152.65,1.295,-8.33647,3.9
152.66,1.295,1.67622,3.9
152.67,1.295,5.78953,3.9
152.68,1.295,14.1278,3.9
152.69,1.295,8.64937,3.9
152.7,1.295,-1.92666,3.9
152.71,1.295,-2.92403,3.9
152.72,1.295,-0.701717,3.9
152.73,1.295,0.109369,3.9
152.74,1.295,8.81676,3.9
152.75,1.295,8.60995,3.9
152.76,1.295,7.33067,3.9
152.77,1.295,,3.9
152.78,1.295,,3.9
152.79,1.295,,3.9
152.8,1.295,,3.9
152.81,1.295,,3.9
152.82,1.295,,3.9
152.83,1.295,-1.62429,3.9
152.84,1.295,-2.90357,3.9
152.85,1.295,0.949177,3.9
152.86,1.295,5.1137,3.9
152.87,1.295,5.72937,3.9
152.88,1.295,1.93035,3.9
152.89,1.295,7.46976,3.9
152.9,1.295,2.65369,3.9
152.91,1.295,8.77025,3.9
152.92,1.295,3.52437,3.9
152.93,1.295,6.33821,3.9
152.94,1.295,-2.50959,3.9
152.95,1.295,-3.42127,3.9
152.96,1.295,14.0627,3.9
152.97,1.295,-2.18555,3.9
152.98,1.295,1.56949,3.9
152.99,1.295,14.9991,3.9
153,1.295,7.04147,3.9
153.01,1.295,-3.60453,3.9
153.02,1.295,11.4233,3.9
153.03,1.295,5.26888,3.9
153.04,1.295,-4.73636,3.9
153.05,1.295,-6.18805,3.9
153.06,1.295,9.97768,3.9
153.07,1.295,11.9815,3.9
153.08,1.295,1.47419,3.9
153.09,1.295,6.02544,3.9
153.1,1.295,4.34815,3.9
153.11,1.295,-4.17925,3.9
153.12,1.295,-4.28917,3.9
153.13,1.295,-4.62742,3.9
153.14,1.295,-1.05474,3.9
153.15,1.295,5.62782,3.9
153.16,1.295,-5.15861,3.9
153.17,1.295,6.32591,3.9
153.18,1.295,5.19653,3.9
153.19,1.295,7.50287,3.9
153.2,1.295,14.9917,3.9
153.21,1.295,6.70329,3.9
153.22,1.295,0.567252,3.9
153.23,1.295,10.7746,3.9
153.24,1.295,2.89117,3.9
153.25,1.295,16.6556,3.9
153.26,1.295,9.82602,3.9
153.27,1.295,3.71963,3.9
153.28,1.295,4.3723,3.9
153.29,1.295,5.12802,3.9
153.3,1.295,8.08621,3.9
153.31,1.295,1.97129,3.9
153.32,1.295,1.86914,3.9
153.33,1.295,-1.37663,3.9
153.34,1.295,3.16527,3.9
153.35,1.295,3.49253,3.9
153.36,1.295,9.5969,3.9
153.37,1.295,10.2559,3.9
153.38,1.295,-0.574572,3.9
153.39,1.295,-0.587743,3.9
153.4,1.295,-0.137095,3.9
153.41,1.295,,3.9
153.42,1.295,,3.9
153.43,1.295,,3.9
153.44,1.295,,3.9
153.45,1.295,,3.9
153.46,1.295,2.56679,3.9
153.47,1.295,3.01744,3.9
153.48,1.295,3.46809,3.9
153.49,1.295,0.489999,3.9
153.5,1.295,0.328177,3.9
153.51,1.295,7.92743,3.9
153.52,1.295,-0.271678,3.9
153.53,1.295,16.4188,3.9
153.54,1.295,20.3443,3.9
153.55,1.295,-1.60949,3.9
153.56,1.295,4.3723,3.9
153.57,1.295,3.89757,3.9
153.58,1.295,6.35438,3.9
153.59,1.295,-0.260598,3.9
153.6,1.295,2.9289,3.9
153.61,1.295,-0.165005,3.9
153.62,1.295,-3.71594,3.9
153.63,1.295,-1.82888,3.9
153.64,1.295,11.0315,3.9
153.65,1.295,15.9262,3.9
153.66,1.295,17.2757,3.9
153.67,1.295,5.67032,3.9
153.68,1.295,5.31316,3.9
153.69,1.295,3.83449,3.9
153.7,1.295,7.1456,3.9
153.71,1.295,11.8172,3.9
153.72,1.295,-4.62503,3.9
153.73,1.295,2.04569,3.9
153.74,1.295,-5.84571,3.9
153.75,1.295,-4.20074,3.9
153.76,1.295,-6.27244,3.9
153.77,1.295,-0.78362,3.9
153.78,1.295,13.5961,3.9
153.79,1.295,16.939,3.9
153.8,1.295,7.36451,3.9
153.81,1.295,11.9222,3.9
153.82,1.295,12.4605,3.9
153.83,1.295,15.0685,3.9
153.84,1.295,-2.38675,3.9
153.85,1.295,13.6277,3.9
153.86,1.295,4.31083,3.9
153.87,1.295,10.2741,3.9
153.88,1.295,5.51003,3.9
153.89,1.295,12.4318,3.9
153.9,1.295,6.72588,3.9
153.91,1.295,10.165,3.9
153.92,1.295,8.46768,3.9
153.93,1.295,2.82258,3.9
153.94,1.295,-0.585298,3.9
153.95,1.295,-1.58776,3.9
153.96,1.295,4.3723,3.9
153.97,1.295,1.39996,3.9
153.98,1.295,9.20369,3.9
153.99,1.295,-1.31426,3.9
154,1.295,6.06755,3.9
154.01,1.295,14.841,3.9
154.02,1.295,9.76446,3.9
154.03,1.295,1.31147,3.9
154.04,1.295,0.603415,3.9
154.05,1.295,11.8886,3.9
154.06,1.295,-0.0903889,3.9
154.07,1.295,7.85552,3.9
154.08,1.295,9.0171,3.9
154.09,1.295,1.61997,3.9
154.1,1.295,1.11015,3.9
154.11,1.295,0.600325,3.9
154.12,1.295,,3.9
154.13,1.295,,3.9
154.14,1.295,,3.9
154.15,1.295,,3.9
154.16,1.295,,3.9
154.17,1.295,,3.9
154.18,1.295,,3.9
154.19,1.295,,3.9
154.2,1.295,-3.98808,3.9
154.21,1.295,-4.4979,3.9
154.22,1.295,-5.00773,3.9
154.23,1.295,15.648,3.9
154.24,1.295,10.3854,3.9
154.25,1.295,-2.15101,3.9
154.26,1.295,0.893473,3.9
154.27,1.295,1.67622,3.9
154.28,1.295,-0.409071,3.9
154.29,1.295,-1.01986,3.9
154.3,1.295,8.04116,3.9
154.31,1.295,2.87691,3.9
154.32,1.295,7.21115,3.9
154.33,1.295,6.92615,3.9
154.34,1.295,4.76871,3.9
154.35,1.295,10.0412,3.9
154.36,1.295,10.2214,3.9
154.37,1.295,16.432,3.9
154.38,1.295,10.8332,3.9
154.39,1.295,7.06838,3.9
154.4,1.295,2.29804,3.9
154.41,1.295,-3.71594,3.9
154.42,1.295,-3.14468,3.9
154.43,1.295,12.4605,3.9
154.44,1.295,8.77095,3.9
154.45,1.295,1.62234,3.9
154.46,1.295,-4.50665,3.9
154.47,1.295,1.32201,3.9
154.48,1.295,11.0119,3.9
154.49,1.295,5.64101,3.9
154.5,1.295,10.6202,3.9
154.51,1.295,-0.676886,3.9
154.52,1.295,3.93839,3.9
154.53,1.295,11.5608,3.9
154.54,1.295,1.24317,3.9
154.55,1.295,3.66871,3.9
154.56,1.295,-4.34346,3.9
154.57,1.295,-1.20714,3.9
154.58,1.295,-3.47809,3.9
154.59,1.295,1.21585,3.9
154.6,1.295,1.67622,3.9
154.61,1.295,-6.15505,3.9
154.62,1.295,-1.29013,3.9
154.63,1.295,5.88629,3.9
154.64,1.295,-0.4419,3.9
154.65,1.295,8.86803,3.9
154.66,1.295,-4.94255,3.9
154.67,1.295,13.0743,3.9
154.68,1.295,12.2279,3.9
154.69,1.295,4.08885,3.9
154.7,1.295,1.67622,3.9
154.71,1.295,-3.0766,3.9
154.72,1.295,12.3299,3.9
154.73,1.295,-1.03295,3.9
154.74,1.295,2.63074,3.9
154.75,1.295,7.60184,3.9
154.76,1.295,2.54742,3.9
154.77,1.295,7.93901,3.9
154.78,1.295,-1.01986,3.9
154.79,1.295,3.41099,3.9
154.8,1.295,-0.0141701,3.9
154.81,1.295,-3.71594,3.9
154.82,1.295,-3.13251,3.9
154.83,1.295,-2.03247,3.9
154.84,1.295,,3.9
154.85,1.295,,3.9
154.86,1.295,,3.9
154.87,1.295,,3.9
154.88,1.295,,3.9
154.89,1.295,,3.9
154.9,1.295,5.66785,3.9
154.91,1.295,6.7679,3.9
154.92,1.295,7.86795,3.9
154.93,1.295,2.28118,3.9
154.94,1.295,6.33802,3.9
154.95,1.295,5.52904,3.9
154.96,1.295,1.57409,3.9
154.97,1.295,11.6946,3.9
154.98,1.295,4.49804,3.9
154.99,1.295,-1.01986,3.9
155,1.295,9.45807,3.9
155.01,1.295,-2.69904,3.9
155.02,1.295,-1.16016,3.9
155.03,1.295,3.60866,3.9
155.04,1.295,-3.70359,3.9
155.05,1.295,-4.40413,3.9
155.06,1.295,3.60641,3.9
155.07,1.295,-3.71594,3.9
155.08,1.295,-3.47844,3.9
155.09,1.295,1.28544,3.9
155.1,1.295,-3.33029,3.9
155.11,1.295,13.8703,3.9
155.12,1.295,10.0085,3.9
155.13,1.295,8.62207,3.9
155.14,1.295,1.79035,3.9
155.15,1.295,8.87548,3.9
155.16,1.29703,14.2566,3.9
155.17,1.29963,5.52223,3.9
155.18,1.30223,15.2137,3.9
155.19,1.30483,7.64755,3.9
155.2,1.30743,0.312219,3.9
155.21,1.31003,8.78621,3.9
155.22,1.31263,12.1342,3.9
155.23,1.31523,7.06838,3.9
155.24,1.31783,14.1351,3.9
155.25,1.32043,7.28383,3.9
155.26,1.31897,5.36554,3.9
155.27,1.31637,0.519582,3.9
155.28,1.31377,-1.70217,3.9
155.29,1.31117,5.45195,3.9
155.3,1.30857,5.80493,3.9
155.31,1.30597,8.34004,3.9
155.32,1.30337,11.3662,3.9
155.33,1.30077,4.07229,3.9
155.34,1.29817,4.9314,3.9
155.35,1.29557,-1.9457,3.9
155.36,1.295,13.6099,3.9
155.37,1.295,-0.940629,3.9
155.38,1.295,13.339,3.9
155.39,1.295,14.331,3.9
155.4,1.295,-0.576067,3.9
155.41,1.295,4.3723,3.9
155.42,1.295,2.64867,3.9
155.43,1.295,-3.43819,3.9
155.44,1.295,-5.7279,3.9
155.45,1.295,0.678149,3.9
155.46,1.295,14.6832,3.9
155.47,1.295,12.5166,3.9
155.48,1.295,12.7706,3.9
155.49,1.295,13.0245,3.9
155.5,1.295,,3.9
155.51,1.295,,3.9
155.52,1.295,,3.9
155.53,1.295,,3.9
155.54,1.295,,3.9
155.55,1.295,14.5482,3.9
155.56,1.295,14.8022,3.9
155.57,1.295,15.0561,3.9
155.58,1.295,3.33681,3.9
155.59,1.295,9.73681,3.9
155.6,1.295,10.9843,3.9
155.61,1.295,-2.98731,3.9
155.62,1.295,5.26035,3.9
155.63,1.295,-6.94074,3.9
155.64,1.295,-2.10547,3.9
155.65,1.295,-3.43526,3.9
155.66,1.295,-2.23832,3.9
155.67,1.295,0.297444,3.9
155.68,1.295,11.5969,3.9
155.69,1.295,13.2043,3.9
155.7,1.295,12.2664,3.9
155.71,1.295,4.88918,3.9
155.72,1.295,1.67622,3.9
155.73,1.295,12.4605,3.9
155.74,1.295,8.5874,3.9
155.75,1.295,2.79934,3.9
155.76,1.295,5.67293,3.9
155.77,1.295,4.36714,3.9
155.78,1.295,-1.24186,3.9
155.79,1.295,2.90759,3.9
155.8,1.295,14.2585,3.9
155.81,1.295,11.6815,3.9
155.82,1.295,0.0570885,3.9
155.83,1.295,0.828915,3.9
155.84,1.295,-0.202387,3.9
155.85,1.295,11.9406,3.9
155.86,1.295,9.9841,3.9
155.87,1.295,-6.41202,3.9
155.88,1.295,-0.854511,3.9
155.89,1.295,0.750332,3.9
155.9,1.295,7.04307,3.9
155.91,1.295,11.9774,3.9
155.92,1.295,9.76446,3.9
155.93,1.295,0.159748,3.9
155.94,1.295,8.40134,3.9
155.95,1.295,-6.23173,3.9
155.96,1.295,-3.28572,3.9
155.97,1.295,2.6788,3.9
155.98,1.295,3.0687,3.9
155.99,1.295,5.53768,3.9
156,1.295,16.7975,3.9
156.01,1.295,-2.80057,3.9
156.02,1.295,-6.22704,3.9
156.03,1.295,11.551,3.9
156.04,1.295,0.821572,3.9
156.05,1.295,-1.01986,3.9
156.06,1.295,15.3491,3.9
156.07,1.295,9.87027,3.9
156.08,1.295,9.8486,3.9
156.09,1.295,7.36377,3.9
156.1,1.295,7.06838,3.9
156.11,1.295,9.47129,3.9
156.12,1.295,1.28778,3.9
156.13,1.295,-2.71335,3.9
156.14,1.295,3.34694,3.9
156.15,1.295,4.62531,3.9
156.16,1.295,0.349005,3.9
156.17,1.295,-1.16131,3.9
156.18,1.295,13.7691,3.9
156.19,1.295,12.3431,3.9
156.2,1.295,11.0747,3.9
156.21,1.295,-0.176559,3.9
156.22,1.295,4.46475,3.9
156.23,1.295,4.70912,3.9
156.24,1.295,4.95348,3.9
156.25,1.295,,3.9
156.26,1.295,,3.9
156.27,1.295,,3.9
156.28,1.295,,3.9
156.29,1.295,,3.9
156.3,1.295,,3.9
156.31,1.295,6.66405,3.9
156.32,1.295,6.90841,3.9
156.33,1.295,5.29852,3.9
156.34,1.295,3.52003,3.9
156.35,1.295,4.89308,3.9
156.36,1.295,2.18204,3.9
156.37,1.295,5.15244,3.9
156.38,1.295,6.73501,3.9
156.39,1.295,-3.55427,3.9
156.4,1.295,0.465885,3.9
156.41,1.295,-2.73147,3.9
156.42,1.295,2.28106,3.9
156.43,1.295,-2.09538,3.9
156.44,1.295,11.0342,3.9
156.45,1.295,17.8527,3.9
156.46,1.295,9.16498,3.9
156.47,1.295,4.57541,3.9
156.48,1.295,8.10469,3.9
156.49,1.295,-1.14622,3.9
156.5,1.295,-3.71594,3.9
156.51,1.295,-3.71594,3.9
156.52,1.295,-2.42954,3.9
156.53,1.295,1.43415,3.9
156.54,1.295,6.74064,3.9
156.55,1.295,-5.78156,3.9
156.56,1.295,-1.35431,3.9
156.57,1.295,11.8989,3.9
156.58,1.295,-2.56643,3.9
156.59,1.295,4.82187,3.9
156.6,1.295,12.7851,3.9
156.61,1.295,13.5427,3.9
156.62,1.295,-0.594019,3.9
156.63,1.295,-3.71594,3.9
156.64,1.295,4.48646,3.9
156.65,1.295,0.351532,3.9
156.66,1.295,7.64031,3.9
156.67,1.295,7.54831,3.9
156.68,1.295,6.86952,3.9
156.69,1.295,13.8649,3.9
156.7,1.295,10.7895,3.9
156.71,1.295,5.68382,3.9
156.72,1.295,8.86057,3.9
156.73,1.295,5.27768,3.9
156.74,1.295,15.0713,3.9
156.75,1.295,13.671,3.9
156.76,1.295,2.78158,3.9
156.77,1.295,15.6995,3.9
156.78,1.295,0.260004,3.9
156.79,1.295,10.3107,3.9
156.8,1.295,9.19188,3.9
156.81,1.295,1.98708,3.9
156.82,1.295,-5.91742,3.9
156.83,1.295,-2.92521,3.9
156.84,1.295,1.35798,3.9
156.85,1.295,2.05333,3.9
156.86,1.295,5.68972,3.9
156.87,1.295,-0.279621,3.9
156.88,1.295,16.2026,3.9
156.89,1.295,-1.18646,3.9
156.9,1.295,-2.52263,3.9
156.91,1.295,10.7384,3.9
156.92,1.295,-0.778183,3.9
156.93,1.295,-2.46714,3.9
156.94,1.295,-2.57848,3.9
156.95,1.295,,3.9
156.96,1.295,,3.9
156.97,1.295,,3.9
156.98,1.295,,3.9
156.99,1.295,,3.9
157,1.295,,3.9
157.01,1.295,,3.9
157.02,1.295,-3.46922,3.9
157.03,1.295,-3.58057,3.9
157.04,1.295,-3.69191,3.9
157.05,1.295,4.37456,3.9
157.06,1.295,14.0303,3.9
157.07,1.295,14.3157,3.9
157.08,1.295,1.40679,3.9
157.09,1.295,10.1842,3.9
157.1,1.295,8.24174,3.9
157.11,1.295,1.16692,3.9
157.12,1.295,1.67622,3.9
157.13,1.295,3.98138,3.9
157.14,1.295,-2.44847,3.9
157.15,1.295,-0.182944,3.9
157.16,1.29703,-3.69993,3.9
157.17,1.29963,10.2927,3.9
157.18,1.30223,-4.79767,3.9
157.19,1.30483,2.48659,3.9
157.2,1.30743,14.1961,3.9
157.21,1.31003,3.7127,3.9
157.22,1.31263,-2.16633,3.9
157.23,1.31523,1.54259,3.9
157.24,1.31783,7.06838,3.9
157.25,1.32043,5.77806,3.9
157.26,1.31897,3.76169,3.9
157.27,1.31637,7.06838,3.9
157.28,1.31377,6.2733,3.9
157.29,1.31117,1.44226,3.9
157.3,1.30857,5.82987,3.9
157.31,1.30597,-0.676257,3.9
157.32,1.30337,0.93055,3.9
157.33,1.30077,3.19692,3.9
157.34,1.29817,-2.13955,3.9
157.35,1.29557,3.78399,3.9
157.36,1.295,-0.81274,3.9
157.37,1.295,5.74653,3.9
157.38,1.295,17.7787,3.9
157.39,1.295,15.1131,3.9
157.4,1.295,12.3048,3.9
157.41,1.295,1.60692,3.9
157.42,1.295,-3.22398,3.9
157.43,1.295,17.7483,3.9
157.44,1.295,12.814,3.9
157.45,1.295,-4.37683,3.9
157.46,1.295,-3.7896,3.9
157.47,1.295,-3.71594,3.9
157.48,1.295,-1.52762,3.9
157.49,1.295,-0.95284,3.9
157.5,1.295,-0.871127,3.9
157.51,1.295,,3.9
157.52,1.295,,3.9
157.53,1.295,,3.9
157.54,1.295,,3.9
157.55,1.295,,3.9
157.56,1.295,,3.9
157.57,1.295,-0.299141,3.9
157.58,1.295,-0.217428,3.9
157.59,1.295,-0.135716,3.9
157.6,1.295,5.63909,3.9
157.61,1.295,2.84833,3.9
157.62,1.295,4.87562,3.9
157.63,1.295,15.22,3.9
157.64,1.295,13.657,3.9
157.65,1.295,-2.46924,3.9
157.66,1.295,0.955052,3.9
157.67,1.295,4.06596,3.9
157.68,1.295,-3.75473,3.9
157.69,1.295,-4.38877,3.9
157.7,1.295,-3.71594,3.9
157.71,1.295,2.39676,3.9
157.72,1.295,5.40077,3.9
157.73,1.295,0.642052,3.9
157.74,1.295,6.00057,3.9
157.75,1.295,15.4794,3.9
157.76,1.295,-0.646847,3.9
157.77,1.295,-3.3348,3.9
157.78,1.295,-3.37186,3.9
157.79,1.295,-3.71594,3.9
157.8,1.295,5.31814,3.9
157.81,1.295,6.09229,3.9
157.82,1.295,8.99906,3.9
157.83,1.295,12.036,3.9
157.84,1.295,3.4004,3.9
157.85,1.295,2.63082,3.9
157.86,1.295,-2.87507,3.9
157.87,1.295,2.50962,3.9
157.88,1.295,6.20012,3.9
157.89,1.295,1.45612,3.9
157.9,1.295,5.83913,3.9
157.91,1.295,-0.580477,3.9
157.92,1.295,-5.53764,3.9
157.93,1.295,-4.1939,3.9
157.94,1.295,1.40895,3.9
157.95,1.295,-0.719052,3.9
157.96,1.295,1.70389,3.9
157.97,1.295,10.3128,3.9
157.98,1.295,-1.7593,3.9
157.99,1.295,-4.55542,3.9
158,1.295,6.59164,3.9
158.01,1.295,11.2621,3.9
158.02,1.295,14.9077,3.9
158.03,1.295,12.7057,3.9
158.04,1.295,12.6247,3.9
158.05,1.295,4.92829,3.9
158.06,1.295,-5.06919,3.9
158.07,1.295,8.80425,3.9
158.08,1.295,10.0129,3.9
158.09,1.295,0.270456,3.9
158.1,1.295,0.494807,3.9
158.11,1.295,10.0529,3.9
158.12,1.295,15.9338,3.9
158.13,1.295,-2.14836,3.9
158.14,1.295,5.5652,3.9
158.15,1.295,4.79395,3.9
158.16,1.295,-3.43236,3.9
158.17,1.295,-2.23906,3.9
158.18,1.295,-1.04576,3.9
158.19,1.295,,3.9
158.2,1.295,,3.9
158.21,1.295,,3.9
158.22,1.295,,3.9
158.23,1.295,4.92073,3.9
158.24,1.295,6.11403,3.9
158.25,1.295,7.59987,3.9
158.26,1.295,7.80943,3.9
158.27,1.295,-0.0696277,3.9
158.28,1.295,1.63347,3.9
158.29,1.295,-0.795734,3.9
158.3,1.295,0.931217,3.9
158.31,1.295,1.67776,3.9
158.32,1.295,6.03177,3.9
158.33,1.295,3.78772,3.9
158.34,1.295,1.90393,3.9
158.35,1.295,-3.04226,3.9
158.36,1.295,9.13032,3.9
158.37,1.295,3.04099,3.9
158.38,1.295,-3.83223,3.9
158.39,1.295,4.32755,3.9
158.4,1.295,1.8126,3.9
158.41,1.295,0.328177,3.9
158.42,1.295,-3.4373,3.9
158.43,1.295,-0.0847956,3.9
158.44,1.295,3.90744,3.9
158.45,1.295,5.68903,3.9
158.46,1.295,10.4167,3.9
158.47,1.295,12.4605,3.9
158.48,1.295,0.467769,3.9
158.49,1.295,-0.134905,3.9
158.5,1.295,-2.72428,3.9
158.51,1.295,2.08838,3.9
158.52,1.295,12.0591,3.9
158.53,1.295,10.8848,3.9
158.54,1.295,2.84507,3.9
158.55,1.295,6.83414,3.9
158.56,1.295,15.973,3.9
158.57,1.295,11.3514,3.9
158.58,1.295,4.3723,3.9
158.59,1.295,2.19961,3.9
158.6,1.295,5.40658,3.9
158.61,1.295,12.4501,3.9
158.62,1.295,7.84242,3.9
158.63,1.295,-5.13975,3.9
158.64,1.295,-5.82273,3.9
158.65,1.295,-3.71594,3.9
158.66,1.295,1.35657,3.9
158.67,1.295,17.0262,3.9
158.68,1.295,-0.0421322,3.9
158.69,1.295,-0.754992,3.9
158.7,1.295,7.26415,3.9
158.71,1.295,14.5971,3.9
158.72,1.295,-1.54984,3.9
158.73,1.295,14.0182,3.9
158.74,1.295,8.25168,3.9
158.75,1.295,2.16335,3.9
158.76,1.295,4.14022,3.9
158.77,1.295,-3.09419,3.9
158.78,1.295,3.36448,3.9
158.79,1.295,13.1871,3.9
158.8,1.295,7.80657,3.9
158.81,1.295,3.69702,3.9
158.82,1.295,6.56658,3.9
158.83,1.295,5.27536,3.9
158.84,1.295,1.6214,3.9
158.85,1.295,-0.703051,3.9
158.86,1.295,-0.0894362,3.9
158.87,1.295,,3.9
158.88,1.295,,3.9
158.89,1.295,,3.9
158.9,1.295,,3.9
158.91,1.295,,3.9
158.92,1.295,,3.9
158.93,1.295,4.20586,3.9
158.94,1.295,4.81948,3.9
158.95,1.295,5.43309,3.9
158.96,1.295,4.30981,3.9
158.97,1.295,-3.37484,3.9
158.98,1.295,5.89908,3.9
158.99,1.295,9.92052,3.9
159,1.295,9.14351,3.9
159.01,1.295,3.26738,3.9
159.02,1.295,-1.44072,3.9
159.03,1.295,1.33631,3.9
159.04,1.295,11.692,3.9
159.05,1.295,9.61885,3.9
159.06,1.295,5.06711,3.9
159.07,1.295,2.49761,3.9
159.08,1.295,2.09514,3.9
159.09,1.295,0.413097,3.9
159.1,1.295,1.81906,3.9
159.11,1.295,17.1365,3.9
159.12,1.295,0.85045,3.9
159.13,1.295,18.7369,3.9
159.14,1.295,0.150859,3.9
159.15,1.295,-5.04301,3.9
159.16,1.295,-3.72544,3.9
159.17,1.295,1.48387,3.9
159.18,1.295,-1.78096,3.9
159.19,1.295,1.08329,3.9
159.2,1.295,-2.58687,3.9
159.21,1.295,8.83231,3.9
159.22,1.295,5.24266,3.9
159.23,1.295,12.4802,3.9
159.24,1.295,7.43661,3.9
159.25,1.295,-4.08234,3.9
159.26,1.295,8.444,3.9
159.27,1.295,10.2581,3.9
159.28,1.295,12.0164,3.9
159.29,1.295,0.244128,3.9
159.3,1.295,-0.742919,3.9
159.31,1.295,9.16498,3.9
159.32,1.295,3.7441,3.9
159.33,1.295,14.8876,3.9
159.34,1.295,2.10457,3.9
159.35,1.295,1.05633,3.9
159.36,1.29703,8.33251,3.9
159.37,1.29963,2.71984,3.9
159.38,1.30223,7.25589,3.9
159.39,1.30483,11.6009,3.9
159.4,1.30743,17.8527,3.9
159.41,1.31003,-4.99178,3.9
159.42,1.31263,10.6405,3.9
159.43,1.31523,8.26623,3.9
159.44,1.31783,4.77986,3.9
159.45,1.32043,8.18685,3.9
159.46,1.32514,6.25327,3.9
159.47,1.33044,0.687201,3.9
159.48,1.33574,-2.80936,3.9
159.49,1.34104,16.636,3.9
159.5,1.34634,6.69084,3.9
159.51,1.35164,6.00396,3.9
159.52,1.35694,,3.9
159.53,1.36224,,3.9
159.54,1.36754,,3.9
159.55,1.37284,,3.9
159.56,1.37611,,3.9
159.57,1.37881,,3.9
159.58,1.38151,,3.9
159.59,1.38421,0.50886,3.9
159.6,1.38691,-0.178027,3.9
159.61,1.38961,-0.864914,3.9
159.62,1.39231,9.80838,3.9
159.63,1.39501,1.23066,3.9
159.64,1.39771,4.04323,3.9
159.65,1.40041,1.67622,3.9
159.66,1.41341,15.4943,3.9
159.67,1.42931,6.42213,3.9
159.68,1.44521,18.1534,3.9
159.69,1.46111,10.2606,3.9
159.7,1.47701,7.47557,3.9
159.71,1.49291,6.49127,3.9
159.72,1.50881,10.5782,3.9
159.73,1.52471,24.5872,3.9
159.74,1.54061,21.7837,3.9
159.75,1.55651,20.3752,3.9
159.76,1.6387,31.3331,3.9
159.77,1.7395,38.7757,3.9
159.78,1.8403,11.5614,3.9
159.79,1.9411,10.6549,3.9
159.8,2.0419,9.16726,3.9
159.81,2.1427,-5.82348,3.9
159.82,2.2435,6.53775,3.9
159.83,2.3443,4.87367,3.9
159.84,2.4451,-0.762923,3.9
159.85,2.5459,2.77105,3.9
159.86,3.0693,-1.44204,3.9
159.87,3.7114,7.06838,3.9
159.88,4.3535,82.7837,3.9
159.89,4.9956,242.621,3.9
159.9,5.6377,266.313,3.9
159.91,6.2798,182.609,3.9
159.92,6.9219,200.256,3.9
159.93,7.564,291.147,3.9
159.94,8.2061,312.271,3.9
159.95,8.8482,333.409,3.9
159.96,9.66432,367.284,3.89219
159.97,10.5293,399.211,3.88219
159.98,11.3943,406.333,3.87219
159.99,12.2593,459.181,3.86219
160,13.1243,495.324,3.85219
160.01,13.9893,545.894,3.84219
160.02,14.8543,573.396,3.83219
160.03,15.7193,629.039,3.82219
160.04,16.5843,680.669,3.81219
160.05,17.4493,733.374,3.80219
160.06,18.7803,820.625,3.8
160.07,20.2422,886.946,3.8
160.08,21.7041,953.307,3.8
160.09,23.166,1043.37,3.8
160.1,24.6279,1093.15,3.8
160.11,26.0898,1165.45,3.8
160.12,27.5517,1248.8,3.8
160.13,29.0136,1340.53,3.8
160.14,30.4755,1431.88,3.8
160.15,31.9374,1516.24,3.8
160.16,32.9622,1558.93,3.8
160.17,33.8642,1616.31,3.8
160.18,34.7662,1696.88,3.8
160.19,35.6682,1737.29,3.8
160.2,36.5702,1773.38,3.8
160.21,37.4722,1842.56,3.8
160.22,38.3742,1862.97,3.8
160.23,39.2762,1893.27,3.8
160.24,40.1782,1929.18,3.8
160.25,41.0802,1961.5,3.8
160.26,41.6177,1993.54,3.8
160.27,42.0528,2015.87,3.8
160.28,42.4879,2044.14,3.8
160.29,42.923,2080.89,3.8
160.3,43.3581,2123.2,3.8
160.31,43.7932,2147.43,3.8
160.32,44.2283,2157.33,3.8
160.33,44.6634,2169.31,3.8
160.34,45.0985,2179.58,3.8
160.35,45.5336,2185.9,3.8
160.36,45.6705,2177.41,3.8
160.37,45.7236,2176.69,3.8
160.38,45.7767,2203.97,3.8
160.39,45.8298,2199.37,3.8
160.4,45.8829,2193.71,3.8
160.41,45.936,2212.07,3.8
160.42,45.9891,2204.43,3.8
160.43,46.0422,2205.65,3.8
160.44,46.0953,2223.06,3.8
160.45,46.1484,2220,3.8
160.46,46.1413,2223.01,3.8
160.47,46.1174,2223.25,3.8
160.48,46.0935,2225.88,3.8
160.49,46.0696,2222.29,3.8
160.5,46.0457,2215.39,3.8
160.51,46.0218,2212.47,3.8
160.52,45.9979,2214.37,3.8
160.53,45.974,2213.56,3.8
160.54,45.9501,2214.42,3.8
160.55,45.9262,2217.09,3.8
160.56,45.9086,2216.56,3.8
160.57,45.8927,2221.14,3.8
160.58,45.8768,2202.74,3.8
160.59,45.8609,2208.23,3.8
160.6,45.845,2211.15,3.8
160.61,45.8291,2207.07,3.8
160.62,45.8132,2192.81,3.8
160.63,45.7973,2199.26,3.8
160.64,45.7814,2197.38,3.8
160.65,45.7655,2198.87,3.8
160.66,45.7306,2186.45,3.8
160.67,45.6904,2187.37,3.8
160.68,45.6502,2175.67,3.8
160.69,45.61,2183.72,3.8
160.7,45.5698,2182.12,3.8
160.71,45.5296,2182.54,3.8
160.72,45.4894,2188.58,3.8
160.73,45.4492,2189.77,3.8
160.74,45.409,2185.59,3.8
160.75,45.3688,2189.47,3.8
160.76,45.3201,2182.54,3.8
160.77,45.2702,2177.32,3.8
160.78,45.2202,2163.04,3.8
160.79,45.1703,2184.42,3.8
160.8,45.1204,2181.76,3.8
160.81,45.0705,2198.04,3.8
160.82,45.0206,2191.6,3.8
160.83,44.9707,2174.57,3.8
160.84,44.9208,2157.51,3.8
160.85,44.8709,2146.42,3.8
160.86,44.8268,2172.12,3.8
160.87,44.7843,2158.69,3.8
160.88,44.7418,2160.98,3.8
160.89,44.6993,2143,3.8
160.9,44.6568,2149.39,3.8
160.91,44.6143,2142.94,3.8
160.92,44.5718,2152.19,3.8
160.93,44.5293,2123.76,3.8
160.94,44.4868,2151.4,3.8
160.95,44.4443,2133.37,3.8
160.96,44.4454,2160.2,3.8
160.97,44.4587,2138.07,3.8
160.98,44.472,2150.14,3.8
160.99,44.4853,2153.85,3.8
161,44.4986,2145.89,3.8
161.01,44.5119,2150.88,3.8
161.02,44.5252,2152.24,3.8
161.03,44.5385,2146.71,3.8
161.04,44.5518,2149.38,3.8
161.05,44.5651,2148.85,3.8
161.06,44.5265,2155.78,3.8
161.07,44.4734,2156.49,3.8
161.08,44.4203,2143.86,3.8
161.09,44.3672,2135.28,3.8
161.1,44.3141,2136.99,3.8
161.11,44.261,2135.3,3.8
161.12,44.2079,2145.5,3.8
161.13,44.1548,2129.87,3.8
161.14,44.1017,2128.82,3.8
161.15,44.0486,2123.48,3.8
161.16,44.0391,2134.75,3.8
161.17,44.0418,2121.29,3.8
161.18,44.0445,2116.45,3.8
161.19,44.0472,2132.47,3.8
161.2,44.0499,2140.09,3.8
161.21,44.0526,2126.42,3.8
161.22,44.0553,2126.51,3.8
161.23,44.058,2118.94,3.8
161.24,44.0607,2126.44,3.8
161.25,44.0634,2108.91,3.8
161.26,44.0184,2118.99,3.8
161.27,43.96,2110.83,3.8
161.28,43.9016,2128.29,3.8
161.29,43.8432,2108.49,3.8
161.3,43.7848,2121.71,3.8
161.31,43.7264,2118.68,3.8
161.32,43.668,2125.47,3.8
161.33,43.6096,2106.33,3.8
161.34,43.5512,2093.6,3.8
161.35,43.4928,2091.3,3.8
161.36,43.4883,2079.38,3.8
161.37,43.4989,2094.91,3.8
161.38,43.5095,2090.5,3.8
161.39,43.5201,2099.23,3.8
161.4,43.5307,2098.47,3.8
161.41,43.5413,2113.48,3.8
161.42,43.5519,2109.26,3.8
161.43,43.5625,2105.31,3.8
161.44,43.5731,2109.84,3.8
161.45,43.5837,2099.83,3.8
161.46,43.5405,2103.56,3.8
161.47,43.4822,2087.98,3.8
161.48,43.4239,2067.28,3.8
161.49,43.3656,2073.11,3.8
161.5,43.3073,2088.26,3.8
161.51,43.249,2097.36,3.8
161.52,43.1907,2092.24,3.8
161.53,43.1324,2086.66,3.8
161.54,43.0741,2069.31,3.8
161.55,43.0158,2080.51,3.8
161.56,42.9698,2073.49,3.8
161.57,42.9273,2062.32,3.8
161.58,42.8848,2059.43,3.8
161.59,42.8423,2056.56,3.8
161.6,42.7998,2059.02,3.8
161.61,42.7573,2061.78,3.8
161.62,42.7148,2061.27,3.8
161.63,42.6723,2062.21,3.8
161.64,42.6298,2050.7,3.8
161.65,42.5873,2040.28,3.8
161.66,42.5408,2043.08,3.8
161.67,42.4931,2027.2,3.8
161.68,42.4454,2039.7,3.8
161.69,42.3977,2029.87,3.8
161.7,42.35,2043.22,3.8
161.71,42.3023,2049.21,3.8
161.72,42.2546,2045.5,3.8
161.73,42.2069,2032.51,3.8
161.74,42.1592,2031.82,3.8
161.75,42.1115,2024.52,3.8
161.76,42.072,2040.95,3.8
161.77,42.0348,2020.18,3.8
161.78,41.9976,2020.47,3.8
161.79,41.9604,2019.59,3.8
161.8,41.9232,2031.55,3.8
161.81,41.886,2020.26,3.8
161.82,41.8488,2018,3.8
161.83,41.8116,2024.43,3.8
161.84,41.7744,2016.78,3.8
161.85,41.7372,2022.9,3.8
161.86,41.6523,2013.56,3.8
161.87,41.5541,1999.04,3.8
161.88,41.4559,1991.87,3.8
161.89,41.3577,1977.74,3.8
161.9,41.2595,1975.29,3.8
161.91,41.1613,1974.01,3.8
161.92,41.0631,1963.01,3.8
161.93,40.9649,1966.22,3.8
161.94,40.8667,1965.43,3.8
161.95,40.7685,1961.73,3.8
161.96,40.6828,1969.19,3.8
161.97,40.6006,1982.24,3.8
161.98,40.5184,1982.8,3.8
161.99,40.4362,1968.59,3.8
162,40.354,1940.61,3.8
162.01,40.2718,1927.97,3.8
162.02,40.1896,1917.26,3.8
162.03,40.1074,1934.42,3.8
162.04,40.0252,1929.88,3.8
162.05,39.943,1923.88,3.8
162.06,39.838,1918.7,3.8
162.07,39.7266,1909.16,3.8
162.08,39.6152,1912.35,3.8
162.09,39.5038,1891,3.8
162.1,39.3924,1886.43,3.8
162.11,39.281,1864.93,3.8
162.12,39.1696,1870.44,3.8
162.13,39.0582,1870.06,3.8
162.14,38.9468,1868.98,3.8
162.15,38.8354,1866.88,3.8
162.16,38.744,1859.41,3.8
162.17,38.6583,1855.63,3.8
162.18,38.5725,1841.91,3.8
162.19,38.4868,1821.64,3.8
162.2,38.401,1815.55,3.8
162.21,38.3153,1803.26,3.8
162.22,38.2295,1806.56,3.8
162.23,38.1437,1804.24,3.8
162.24,38.058,1813.37,3.8
162.25,37.9722,1819.31,3.8
162.26,37.837,1814.67,3.8
162.27,37.6952,1802.5,3.8
162.28,37.5533,1797.95,3.8
162.29,37.4114,1807.46,3.8
162.3,37.2695,1800.19,3.8
162.31,37.1276,1780.93,3.8
162.32,36.9858,1759.74,3.8
162.33,36.8439,1746.6,3.8
162.34,36.702,1742.58,3.8
162.35,36.5601,1748.47,3.8
162.36,36.469,1746.29,3.8
162.37,36.3921,1719.74,3.8
162.38,36.3152,1717.44,3.8
162.39,36.2383,1722.17,3.8
162.4,36.1614,1716.75,3.8
162.41,36.0845,1713.32,3.8
162.42,36.0076,1717.81,3.8
162.43,35.9307,1697.73,3.8
162.44,35.8538,1704.75,3.8
162.45,35.7769,1710.56,3.8
162.46,35.6937,1712.09,3.8
162.47,35.6088,1673.68,3.8
162.48,35.5239,1674.96,3.8
162.49,35.439,1680.63,3.8
162.5,35.3541,1670.74,3.8
162.51,35.2692,1662.59,3.8
162.52,35.1843,1673.39,3.8
162.53,35.0994,1672.8,3.8
162.54,35.0145,1672.27,3.8
162.55,34.9296,1661.32,3.8
162.56,34.8447,1651.36,3.8
162.57,34.7598,1645.44,3.8
162.58,34.6749,1643.92,3.8
162.59,34.59,1629.29,3.8
162.6,34.5051,1637.22,3.8
162.61,34.4202,1625.18,3.8
162.62,34.3353,1615.5,3.8
162.63,34.2504,1618.23,3.8
162.64,34.1655,1609.02,3.8
162.65,34.0806,1597.3,3.8
162.66,33.9418,1579.85,3.8
162.67,33.7879,1562.86,3.8
162.68,33.634,1563.51,3.8
162.69,33.4801,1542.91,3.8
162.7,33.3262,1526.75,3.8
162.71,33.1723,1535,3.8
162.72,33.0184,1526.4,3.8
162.73,32.8645,1534.91,3.8
162.74,32.7106,1526.89,3.8
162.75,32.5567,1507.95,3.8
162.76,32.3883,1515.61,3.8
162.77,32.2158,1507.06,3.8
162.78,32.0433,1503.77,3.8
162.79,31.8708,1493.68,3.8
162.8,31.6983,1489.24,3.8
162.81,31.5258,1469.73,3.8
162.82,31.3533,1473.53,3.8
162.83,31.1808,1455.23,3.8
162.84,31.0083,1454.64,3.8
162.85,30.8358,1430.08,3.8
162.86,30.6572,1422.9,3.8
162.87,30.4768,1414.42,3.8
162.88,30.2964,1401.9,3.8
162.89,30.116,1389.1,3.8
162.9,29.9356,1391.15,3.8
162.91,29.7552,1380.86,3.8
162.92,29.5748,1362.75,3.8
162.93,29.3944,1371.22,3.8
162.94,29.214,1347.7,3.8
162.95,29.0336,1341.15,3.8
162.96,28.8635,1342.12,3.8
162.97,28.6964,1330.8,3.8
162.98,28.5293,1312.07,3.8
162.99,28.3622,1300.37,3.8
163,28.1951,1295.79,3.8
163.01,28.028,1283.7,3.8
163.02,27.8609,1263.44,3.8
163.03,27.6938,1267.63,3.8
163.04,27.5267,1265.27,3.8
163.05,27.3596,1252.07,3.8
163.06,27.1386,1236.03,3.8
163.07,26.9024,1236.64,3.8
163.08,26.6662,1239.41,3.8
163.09,26.43,1205.5,3.8
163.1,26.1938,1190.94,3.8
163.11,25.9576,1181.84,3.8
163.12,25.7214,1165.64,3.8
163.13,25.4852,1174.05,3.8
163.14,25.249,1147.95,3.8
163.15,25.0128,1124.66,3.8
163.16,24.7581,1128.63,3.8
163.17,24.4982,1101.5,3.8
163.18,24.2383,1081.14,3.8
163.19,23.9784,1051.49,3.8
163.2,23.7185,1045.72,3.8
163.21,23.4586,1035.95,3.8
163.22,23.1987,1037.91,3.8
163.23,22.9388,1026.71,3.8
163.24,22.6789,1009.3,3.8
163.25,22.419,990.092,3.8
163.26,22.2353,967.506,3.8
163.27,22.0619,964.733,3.8
163.28,21.8886,960.395,3.8
163.29,21.7152,942.544,3.8
163.3,21.5418,936.145,3.8
163.31,21.3685,927.598,3.8
163.32,21.1951,903.503,3.8
163.33,21.0217,895.421,3.8
163.34,20.8484,920.851,3.8
163.35,20.675,904.622,3.8
163.36,20.4506,900.977,3.80781
163.37,20.2118,888.664,3.81781
163.38,19.973,876.09,3.82781
163.39,19.7342,854.417,3.83781
163.4,19.4954,836.788,3.84781
163.41,19.2566,824.609,3.85781
163.42,19.0178,803.83,3.86781
163.43,18.779,791.991,3.87781
163.44,18.5402,771.949,3.88781
163.45,18.3014,777.049,3.89781
163.46,18.0812,769.996,3.9
163.47,17.8663,756.579,3.9
163.48,17.6514,742.1,3.9
163.49,17.4365,733.58,3.9
163.5,17.2216,718.664,3.9
163.51,17.0067,701.55,3.9
163.52,16.7918,699.769,3.9
163.53,16.5769,683.681,3.9
163.54,16.362,668.38,3.9
163.55,16.1471,654.327,3.9
163.56,15.9115,633.927,3.9
163.57,15.67,615.971,3.9
163.58,15.4285,609.569,3.9
163.59,15.187,609.759,3.9
163.6,14.9455,599.293,3.9
163.61,14.704,592.46,3.9
163.62,14.4625,583.011,3.9
163.63,14.221,560.331,3.9
163.64,13.9795,544.501,3.9
163.65,13.738,532.042,3.9
163.66,13.4344,524.804,3.9
163.67,13.1134,495.001,3.9
163.68,12.7924,475.003,3.9
163.69,12.4714,465.64,3.9
163.7,12.1504,439.798,3.9
163.71,11.8294,431.186,3.9
163.72,11.5084,424.929,3.9
163.73,11.1874,409.547,3.9
163.74,10.8664,404.666,3.9
163.75,10.5454,390.078,3.9
163.76,10.1995,382.981,3.9
163.77,9.84659,364.992,3.9
163.78,9.49369,342.093,3.9
163.79,9.14079,325.233,3.9
163.8,8.78789,317.167,3.9
163.81,8.43499,276.444,3.9
163.82,8.08209,256.761,3.9
163.83,7.72919,244.32,3.9
163.84,7.37629,229.948,3.9
163.85,7.02339,218.501,3.9
163.86,6.67259,205.024,3.9
163.87,6.32239,191.208,3.9
163.88,5.97219,166.64,3.9
163.89,5.62199,154.772,3.9
163.9,5.27179,146.649,3.9
163.91,4.92159,144.427,3.9
163.92,4.57139,117.118,3.9
163.93,4.22119,92.8153,3.9
163.94,3.87099,80.713,3.9
163.95,3.52079,84.6849,3.9
163.96,3.3176,77.8126,3.9
163.97,3.1557,68.7605,3.9
163.98,2.9938,49.7821,3.9
163.99,2.8319,47.5096,3.9
164,2.67,52.098,3.9
164.01,2.5081,48.6658,3.9
164.02,2.3462,39.6486,3.9
164.03,2.1843,32.3701,3.9
164.04,2.0224,26.991,3.9
164.05,1.8605,23.7404,3.9
164.06,1.78979,19.7298,3.9
164.07,1.74469,14.487,3.9
164.08,1.69959,19.3039,3.9
164.09,1.65449,19.9319,3.9
164.1,1.60939,9.76446,3.9
164.11,1.56429,18.2365,3.9
164.12,1.51919,17.4542,3.9
164.13,1.47409,12.0215,3.9
164.14,1.42899,9.33483,3.9
164.15,1.38389,12.4577,3.9
164.16,1.36986,12.8977,3.9
164.17,1.36456,10.1435,3.9
164.18,1.35926,8.92849,3.9
164.19,1.35396,10.0275,3.9
164.2,1.34866,17.5336,3.9
164.21,1.34336,16.6981,3.9
164.22,1.33806,15.8627,3.9
164.23,1.33276,,3.9
164.24,1.32746,,3.9
164.25,1.32216,,3.9
164.26,1.31897,,3.9
164.27,1.31637,,3.9
164.28,1.31377,,3.9
164.29,1.31117,10.0147,3.9
164.3,1.30857,9.17928,3.9
164.31,1.30597,8.5313,3.9
164.32,1.30337,9.66985,3.9
164.33,1.30077,8.74358,3.9
164.34,1.29817,11.5171,3.9
164.35,1.29557,11.0719,3.9
164.36,1.295,11.4042,3.9
164.37,1.295,18.4561,3.9
164.38,1.295,10.592,3.9
164.39,1.295,9.39072,3.9
164.4,1.295,3.62719,3.9
164.41,1.295,7.25855,3.9
164.42,1.295,11.3307,3.9
164.43,1.295,16.4628,3.9
164.44,1.295,4.65533,3.9
164.45,1.295,8.46197,3.9
164.46,1.295,9.35154,3.9
164.47,1.295,2.86083,3.9
164.48,1.295,19.9017,3.9
164.49,1.295,9.40114,3.9
164.5,1.295,2.4715,3.9
164.51,1.295,23.1797,3.9
164.52,1.295,20.2105,3.9
164.53,1.295,6.99687,3.9
164.54,1.295,4.29001,3.9
164.55,1.295,2.05504,3.9
164.56,1.295,12.4115,3.9
164.57,1.295,17.5379,3.9
164.58,1.295,14.9157,3.9
164.59,1.295,11.9146,3.9
164.6,1.295,8.91353,3.9
164.61,1.295,1.07527,3.9
164.62,1.295,2.5094,3.9
164.63,1.295,18.1778,3.9
164.64,1.295,12.908,3.9
164.65,1.295,3.42869,3.9
164.66,1.295,1.62251,3.9
164.67,1.295,17.6254,3.9
164.68,1.295,13.3187,3.9
164.69,1.295,4.53318,3.9
164.7,1.295,19.9756,3.9
164.71,1.295,7.24039,3.9
164.72,1.295,21.8984,3.9
164.73,1.295,0.932975,3.9
164.74,1.295,1.7526,3.9
164.75,1.295,4.3723,3.9
164.76,1.295,5.76707,3.9
164.77,1.295,13.2765,3.9
164.78,1.295,18.5143,3.9
164.79,1.295,14.0658,3.9
164.8,1.295,8.77037,3.9
164.81,1.295,14.0262,3.9
164.82,1.295,19.9237,3.9
164.83,1.295,15.3406,3.9
164.84,1.295,25.1997,3.9
164.85,1.295,22.5385,3.9
164.86,1.295,19.844,3.9
164.87,1.295,11.7149,3.9
164.88,1.295,6.06615,3.9
164.89,1.295,3.5466,3.9
164.9,1.295,21.5222,3.9
164.91,1.295,4.3723,3.9
164.92,1.295,24.912,3.9
164.93,1.295,12.4766,3.9
164.94,1.295,12.922,3.9
164.95,1.295,13.3675,3.9
164.96,1.295,,3.9
164.97,1.295,,3.9
164.98,1.295,,3.9
164.99,1.295,,3.9
165,1.295,,3.9
165.01,1.295,,3.9
165.02,1.295,,3.9
165.03,1.295,16.9311,3.9
165.04,1.295,17.3766,3.9
165.05,1.295,17.822,3.9
165.06,1.295,10.3387,3.9
165.07,1.295,8.92932,3.9
165.08,1.295,8.44751,3.9
165.09,1.295,8.41642,3.9
165.1,1.295,22.9836,3.9
165.11,1.295,14.5621,3.9
165.12,1.295,11.0204,3.9
165.13,1.295,15.4284,3.9
165.14,1.295,10.3576,3.9
165.15,1.295,2.69468,3.9
165.16,1.295,6.60929,3.9
165.17,1.295,16.0524,3.9
165.18,1.295,15.1957,3.9
165.19,1.295,0.607957,3.9
165.2,1.295,9.82375,3.9
165.21,1.295,9.47121,3.9
165.22,1.295,11.5993,3.9
165.23,1.295,9.64053,3.9
165.24,1.295,14.644,3.9
165.25,1.295,9.93259,3.9
165.26,1.295,3.17505,3.9
165.27,1.295,11.1467,3.9
165.28,1.295,20.3785,3.9
165.29,1.295,11.12,3.9
165.3,1.295,0.624162,3.9
165.31,1.295,2.89826,3.9
165.32,1.295,13.4054,3.9
165.33,1.295,7.22095,3.9
165.34,1.295,9.74307,3.9
165.35,1.295,8.4351,3.9
165.36,1.29703,19.921,3.9
165.37,1.29963,5.44322,3.9
165.38,1.30223,17.891,3.9
165.39,1.30483,4.30217,3.9
165.4,1.30743,21.597,3.9
165.41,1.31003,25.0418,3.9
165.42,1.31263,19.7956,3.9
165.43,1.31523,12.7297,3.9
165.44,1.31783,14.9411,3.9
165.45,1.32043,0.389306,3.9
165.46,1.31897,17.1909,3.9
165.47,1.31637,20.5488,3.9
165.48,1.31377,20.5488,3.9
165.49,1.31117,20.0774,3.9
165.5,1.30857,20.5488,3.9
165.51,1.30597,23.0908,3.9
165.52,1.30337,13.6426,3.9
165.53,1.30077,7.9415,3.9
165.54,1.29817,13.7287,3.9
165.55,1.29557,14.8521,3.9
165.56,1.29703,15.1566,3.9
165.57,1.29963,11.9426,3.9
165.58,1.30223,8.91693,3.9
165.59,1.30483,13.9006,3.9
165.6,1.30743,12.9257,3.9
165.61,1.31003,12.1781,3.9
165.62,1.31263,8.22716,3.9
165.63,1.31523,12.9675,3.9
165.64,1.31783,8.73519,3.9
165.65,1.32043,1.72893,3.9
165.66,1.321,1.83211,3.9
165.67,1.321,,3.9
165.68,1.321,,3.9
165.69,1.321,,3.9
165.7,1.321,,3.9
165.71,1.321,,3.9
165.72,1.321,,3.9
165.73,1.321,,3.9
165.74,1.321,,3.9
165.75,1.321,,3.9
165.76,1.31897,2.8639,3.9
165.77,1.31637,2.96707,3.9
165.78,1.31377,2.45034,3.9
165.79,1.31117,9.31374,3.9
165.8,1.30857,5.72008,3.9
165.81,1.30597,13.6133,3.9
165.82,1.30337,7.60516,3.9
165.83,1.30077,13.7778,3.9
165.84,1.29817,19.5336,3.9
165.85,1.29557,0.910539,3.9
165.86,1.29703,7.82172,3.9
165.87,1.29963,5.93889,3.9
165.88,1.30223,-0.957727,3.9
165.89,1.30483,14.1867,3.9
165.9,1.30743,-0.656034,3.9
165.91,1.31003,18.9686,3.9
165.92,1.31263,17.9902,3.9
165.93,1.31523,17.8527,3.9
165.94,1.31783,2.72435,3.9
165.95,1.32043,-0.836913,3.9
165.96,1.31897,7.67742,3.9
165.97,1.31637,5.90119,3.9
165.98,1.31377,14.4703,3.9
165.99,1.31117,0.453114,3.9
166,1.30857,18.121,3.9
166.01,1.30597,4.74282,3.9
166.02,1.30337,9.58832,3.9
166.03,1.30077,4.97418,3.9
166.04,1.29817,16.3639,3.9
166.05,1.29557,8.31292,3.9
166.06,1.295,4.63863,3.9
166.07,1.295,11.5735,3.9
166.08,1.295,2.76396,3.9
166.09,1.295,8.0505,3.9
166.1,1.295,14.3641,3.9
166.11,1.295,16.3217,3.9
166.12,1.295,3.68236,3.9
166.13,1.295,4.0122,3.9
166.14,1.295,4.3723,3.9
166.15,1.295,2.04782,3.9
166.16,1.295,1.67622,3.9
166.17,1.295,11.0429,3.9
166.18,1.295,7.80662,3.9
166.19,1.295,20.8418,3.9
166.2,1.295,17.2957,3.9
166.21,1.295,6.28729,3.9
166.22,1.295,17.8563,3.9
166.23,1.295,16.0838,3.9
166.24,1.295,12.9362,3.9
166.25,1.295,6.48103,3.9
166.26,1.29703,12.3877,3.9
166.27,1.29963,23.9109,3.9
166.28,1.30223,23.6876,3.9
166.29,1.30483,3.40374,3.9
166.3,1.30743,11.9501,3.9
166.31,1.31003,2.27539,3.9
166.32,1.31263,1.13138,3.9
166.33,1.31523,0.603903,3.9
166.34,1.31783,1.4001,3.9
166.35,1.32043,1.67622,3.9
166.36,1.31897,14.3947,3.9
166.37,1.31637,17.8527,3.9
166.38,1.31377,18.2504,3.9
166.39,1.31117,18.7486,3.9
166.4,1.30857,,3.9
166.41,1.30597,,3.9
166.42,1.30337,,3.9
166.43,1.30077,,3.9
166.44,1.29817,,3.9
166.45,1.29557,,3.9
166.46,1.295,22.2363,3.9
166.47,1.295,22.7346,3.9
166.48,1.295,23.2328,3.9
166.49,1.295,8.82301,3.9
166.5,1.295,8.60937,3.9
166.51,1.295,9.76446,3.9
166.52,1.295,14.8606,3.9
166.53,1.295,4.76618,3.9
166.54,1.295,17.1558,3.9
166.55,1.295,14.1744,3.9
166.56,1.29703,13.9926,3.9
166.57,1.29963,21.8796,3.9
166.58,1.30223,14.6743,3.9
166.59,1.30483,5.28953,3.9
166.6,1.30743,10.1591,3.9
166.61,1.31003,18.2949,3.9
166.62,1.31263,17.4597,3.9
166.63,1.31523,13.5844,3.9
166.64,1.31783,13.078,3.9
166.65,1.32043,11.8177,3.9
166.66,1.31897,10.187,3.9
166.67,1.31637,3.59524,3.9
166.68,1.31377,8.76225,3.9
166.69,1.31117,5.83016,3.9
166.7,1.30857,8.05685,3.9
166.71,1.30597,8.7831,3.9
166.72,1.30337,9.43703,3.9
166.73,1.30077,14.6562,3.9
166.74,1.29817,22.4576,3.9
166.75,1.29557,11.1227,3.9
166.76,1.295,4.3723,3.9
166.77,1.295,16.3333,3.9
166.78,1.295,3.23754,3.9
166.79,1.295,9.39409,3.9
166.8,1.295,12.5261,3.9
166.81,1.295,8.63273,3.9
166.82,1.295,4.64257,3.9
166.83,1.295,19.8484,3.9
166.84,1.295,12.9791,3.9
166.85,1.295,10.0181,3.9
166.86,1.295,17.5875,3.9
166.87,1.295,5.26731,3.9
166.88,1.295,15.8345,3.9
166.89,1.295,6.01399,3.9
166.9,1.295,12.3882,3.9
166.91,1.295,11.7292,3.9
166.92,1.295,11.0703,3.9
166.93,1.295,,3.9
166.94,1.295,,3.9
166.95,1.295,,3.9
166.96,1.295,,3.9
166.97,1.295,,3.9
166.98,1.295,7.11655,3.9
166.99,1.295,6.45759,3.9
167,1.295,5.79864,3.9
167.01,1.295,2.0819,3.9
167.02,1.295,16.9647,3.9
167.03,1.295,19.1241,3.9
167.04,1.295,4.11054,3.9
167.05,1.295,24.5887,3.9
167.06,1.295,13.252,3.9
167.07,1.295,0.417329,3.9
167.08,1.295,23.0408,3.9
167.09,1.295,13.0927,3.9
167.1,1.295,9.55656,3.9
167.11,1.295,-0.598093,3.9
167.12,1.295,-0.180657,3.9
167.13,1.295,12.7783,3.9
167.14,1.295,9.5925,3.9
167.15,1.295,1.07697,3.9
167.16,1.29703,9.19032,3.9
167.17,1.29963,8.37912,3.9
167.18,1.30223,9.18645,3.9
167.19,1.30483,9.55275,3.9
167.2,1.30743,6.8844,3.9
167.21,1.31003,16.8388,3.9
167.22,1.31263,16.6846,3.9
167.23,1.31523,6.26473,3.9
167.24,1.31783,2.47171,3.9
167.25,1.32043,2.6107,3.9
167.26,1.321,8.44534,3.9
167.27,1.321,7.6051,3.9
167.28,1.321,9.88909,3.9
167.29,1.321,12.3226,3.9
167.3,1.321,19.6362,3.9
167.31,1.321,9.76446,3.9
167.32,1.321,8.52657,3.9
167.33,1.321,20.5488,3.9
167.34,1.321,17.4649,3.9
167.35,1.321,4.66579,3.9
167.36,1.321,6.38358,3.9
167.37,1.321,4.45564,3.9
167.38,1.321,11.0443,3.9
167.39,1.321,1.76371,3.9
167.4,1.321,3.80217,3.9
167.41,1.321,-0.943784,3.9
167.42,1.321,8.32253,3.9
167.43,1.321,-0.709629,3.9
167.44,1.321,8.71877,3.9
167.45,1.321,10.5497,3.9
167.46,1.31897,10.9109,3.9
167.47,1.31637,17.8935,3.9
167.48,1.31377,20.2347,3.9
167.49,1.31117,12.9116,3.9
167.5,1.30857,17.3389,3.9
167.51,1.30597,4.66764,3.9
167.52,1.30337,8.41889,3.9
167.53,1.30077,7.53789,3.9
167.54,1.29817,9.28185,3.9
167.55,1.29557,2.10535,3.9
167.56,1.29492,13.6182,3.9
167.57,1.29482,22.0065,3.9
167.58,1.29472,20.3792,3.9
167.59,1.29462,,3.9
167.6,1.29452,,3.9
167.61,1.29442,,3.9
167.62,1.29432,,3.9
167.63,1.29422,,3.9
167.64,1.29412,10.6153,3.9
167.65,1.29402,8.98794,3.9
167.66,1.29408,7.36062,3.9
167.67,1.29418,5.6121,3.9
167.68,1.29428,14.9831,3.9
167.69,1.29438,3.89055,3.9
167.7,1.29448,3.59136,3.9
167.71,1.29458,2.10178,3.9
167.72,1.29468,0.387703,3.9
167.73,1.29478,8.83637,3.9
167.74,1.29488,15.7994,3.9
167.75,1.29498,8.06379,3.9
167.76,1.29703,5.18779,3.9
167.77,1.29963,4.88912,3.9
167.78,1.30223,4.96501,3.9
167.79,1.30483,8.69528,3.9
167.8,1.30743,9.58718,3.9
167.81,1.31003,4.87974,3.9
167.82,1.31263,4.03402,3.9
167.83,1.31523,12.4651,3.9
167.84,1.31783,0.108468,3.9
167.85,1.32043,4.73177,3.9
167.86,1.321,10.3066,3.9
167.87,1.321,7.6095,3.9
167.88,1.321,9.61576,3.9
167.89,1.321,7.6335,3.9
167.9,1.321,4.5368,3.9
167.91,1.321,23.8316,3.9
167.92,1.321,22.9052,3.9
167.93,1.321,6.23616,3.9
167.94,1.321,12.7427,3.9
167.95,1.321,11.6767,3.9
167.96,1.321,1.88263,3.9
167.97,1.321,16.8275,3.9
167.98,1.321,7.36873,3.9
167.99,1.321,1.77249,3.9
168,1.321,10.1099,3.9
168.01,1.321,11.3698,3.9
168.02,1.321,6.75786,3.9
168.03,1.321,7.96247,3.9
168.04,1.321,15.7878,3.9
168.05,1.321,11.6208,3.9
168.06,1.321,5.9553,3.9
168.07,1.321,19.3246,3.9
168.08,1.321,13.7759,3.9
168.09,1.321,22.2003,3.9
168.1,1.321,8.50049,3.9
168.11,1.321,1.67622,3.9
168.12,1.321,4.28549,3.9
168.13,1.321,7.72801,3.9
168.14,1.321,8.57656,3.9
168.15,1.321,3.37803,3.9
168.16,1.31897,8.28126,3.9
168.17,1.31637,3.39743,3.9
168.18,1.31377,14.9777,3.9
168.19,1.31117,14.3754,3.9
168.2,1.30857,13.7731,3.9
168.21,1.30597,,3.9
168.22,1.30337,,3.9
168.23,1.30077,,3.9
168.24,1.29817,,3.9
168.25,1.29557,,3.9
168.26,1.29703,,3.9
168.27,1.29963,9.55713,3.9
168.28,1.30223,8.95484,3.9
168.29,1.30483,8.66622,3.9
168.3,1.30743,9.96429,3.9
168.31,1.31003,5.82404,3.9
168.32,1.31263,8.4494,3.9
168.33,1.31523,21.2808,3.9
168.34,1.31783,16.1543,3.9
168.35,1.32043,18.9606,3.9
168.36,1.31897,9.42995,3.9
168.37,1.31637,14.8226,3.9
168.38,1.31377,0.893,3.9
168.39,1.31117,10.7985,3.9
168.4,1.30857,15.4645,3.9
168.41,1.30597,22.3328,3.9
168.42,1.30337,23.2449,3.9
168.43,1.30077,5.84289,3.9
168.44,1.29817,7.31469,3.9
168.45,1.29557,1.45869,3.9
168.46,1.29703,2.91105,3.9
168.47,1.29963,14.723,3.9
168.48,1.30223,21.3776,3.9
168.49,1.30483,10.4635,3.9
168.5,1.30743,3.29772,3.9
168.51,1.31003,1.67622,3.9
168.52,1.31263,15.2228,3.9
168.53,1.31523,9.9591,3.9
168.54,1.31783,2.91369,3.9
168.55,1.32043,4.73412,3.9
168.56,1.321,7.75646,3.9
168.57,1.321,5.62939,3.9
168.58,1.321,16.6152,3.9
168.59,1.321,2.65877,3.9
168.6,1.321,10.6879,3.9
168.61,1.321,14.004,3.9
168.62,1.321,4.86967,3.9
168.63,1.321,1.56449,3.9
168.64,1.321,7.06838,3.9
168.65,1.321,8.04241,3.9
168.66,1.31897,12.0672,3.9
168.67,1.31637,14.5579,3.9
168.68,1.31377,11.831,3.9
168.69,1.31117,3.17927,3.9
168.7,1.30857,16.1243,3.9
168.71,1.30597,0.639087,3.9
168.72,1.30337,15.0317,3.9
168.73,1.30077,10.2336,3.9
168.74,1.29817,5.46063,3.9
168.75,1.29557,12.2368,3.9
168.76,1.29703,6.88519,3.9
168.77,1.29963,4.54123,3.9
168.78,1.30223,11.0289,3.9
168.79,1.30483,4.3723,3.9
168.8,1.30743,8.21607,3.9
168.81,1.31003,12.2478,3.9
168.82,1.31263,20.6832,3.9
168.83,1.31523,11.3572,3.9
168.84,1.31783,4.99689,3.9
168.85,1.32043,19.5824,3.9
168.86,1.321,14.5264,3.9
168.87,1.321,4.54927,3.9
168.88,1.321,10.1238,3.9
168.89,1.321,14.5039,3.9
168.9,1.321,15.4316,3.9
168.91,1.321,,3.9
168.92,1.321,,3.9
168.93,1.321,,3.9
168.94,1.321,,3.9
168.95,1.321,,3.9
168.96,1.321,20.9977,3.9
168.97,1.321,21.9254,3.9
168.98,1.321,22.8531,3.9
168.99,1.321,24.8565,3.9
169,1.321,14.2859,3.9
169.01,1.321,7.03437,3.9
169.02,1.321,6.75426,3.9
169.03,1.321,6.88608,3.9
169.04,1.321,3.44379,3.9
169.05,1.321,1.68024,3.9
169.06,1.321,4.98459,3.9
169.07,1.321,21.5156,3.9
169.08,1.321,20.6177,3.9
169.09,1.321,5.38933,3.9
169.1,1.321,9.3053,3.9
169.11,1.321,4.33396,3.9
169.12,1.321,12.4792,3.9
169.13,1.321,0.789668,3.9
169.14,1.321,24.4593,3.9
169.15,1.321,7.52273,3.9
169.16,1.321,14.4567,3.9
169.17,1.321,5.45725,3.9
169.18,1.321,1.75524,3.9
169.19,1.321,-0.742016,3.9
169.2,1.321,-1.01986,3.9
169.21,1.321,9.86127,3.9
169.22,1.321,11.584,3.9
169.23,1.321,5.2483,3.9
169.24,1.321,5.96462,3.9
169.25,1.321,2.76293,3.9
169.26,1.31897,19.4317,3.9
169.27,1.31637,17.993,3.9
169.28,1.31377,17.6634,3.9
169.29,1.31117,11.0943,3.9
169.3,1.30857,4.46328,3.9
169.31,1.30597,3.43759,3.9
169.32,1.30337,11.4501,3.9
169.33,1.30077,17.0707,3.9
169.34,1.29817,0.561446,3.9
169.35,1.29557,4.26613,3.9
169.36,1.295,11.6476,3.9
169.37,1.295,1.51238,3.9
169.38,1.295,7.82847,3.9
169.39,1.295,16.0294,3.9
169.4,1.295,23.0081,3.9
169.41,1.295,20.6416,3.9
169.42,1.295,-0.490864,3.9
169.43,1.295,7.84663,3.9
169.44,1.295,18.0674,3.9
169.45,1.295,23.0212,3.9
169.46,1.29703,13.1981,3.9
169.47,1.29963,12.5563,3.9
169.48,1.30223,23.2449,3.9
169.49,1.30483,9.91997,3.9
169.5,1.30743,17.9179,3.9
169.51,1.31003,22.6905,3.9
169.52,1.31263,7.68412,3.9
169.53,1.31523,11.9931,3.9
169.54,1.31783,3.59696,3.9
169.55,1.32043,19.2293,3.9
169.56,1.31897,5.67069,3.9
169.57,1.31637,5.66822,3.9
169.58,1.31377,12.0234,3.9
169.59,1.31117,17.1423,3.9
169.6,1.30857,17.0646,3.9
169.61,1.30597,16.0242,3.9
169.62,1.30337,,3.9
169.63,1.30077,,3.9
169.64,1.29817,,3.9
169.65,1.29557,,3.9
169.66,1.29703,,3.9
169.67,1.29963,,3.9
169.68,1.30223,,3.9
169.69,1.30483,,3.9
169.7,1.30743,6.66023,3.9
169.71,1.31003,5.61979,3.9
169.72,1.31263,4.57935,3.9
169.73,1.31523,14.3071,3.9
169.74,1.31783,10.5402,3.9
169.75,1.32043,5.62121,3.9
169.76,1.321,10.8621,3.9
169.77,1.321,11.9603,3.9
169.78,1.321,8.89848,3.9
169.79,1.321,11.4356,3.9
169.8,1.321,0.820244,3.9
169.81,1.321,5.43263,3.9
169.82,1.321,-1.00877,3.9
169.83,1.321,5.17334,3.9
169.84,1.321,7.21038,3.9
169.85,1.321,2.76357,3.9
169.86,1.321,12.6097,3.9
169.87,1.321,13.7873,3.9
169.88,1.321,9.52415,3.9
169.89,1.321,12.4013,3.9
169.9,1.321,23.1988,3.9
169.91,1.321,9.67396,3.9
169.92,1.321,11.4769,3.9
169.93,1.321,4.45732,3.9
169.94,1.321,18.8937,3.9
169.95,1.321,4.61916,3.9
169.96,1.321,6.23336,3.9
169.97,1.321,14.6866,3.9
169.98,1.321,15.1566,3.9
169.99,1.321,2.42672,3.9
170,1.321,3.12985,3.9
170.01,1.321,15.9468,3.9
170.02,1.321,9.98287,3.9
170.03,1.321,16.2643,3.9
170.04,1.321,3.50014,3.9
170.05,1.321,10.8984,3.9
170.06,1.321,10.2247,3.9
170.07,1.321,15.1566,3.9
170.08,1.321,9.48104,3.9
170.09,1.321,6.15131,3.9
170.1,1.321,8.32062,3.9
170.11,1.321,10.6165,3.9
170.12,1.321,16.3283,3.9
170.13,1.321,16.7163,3.9
170.14,1.321,12.5961,3.9
170.15,1.321,6.11596,3.9
170.16,1.321,0.155675,3.9
170.17,1.321,0.52069,3.9
170.18,1.321,2.70921,3.9
170.19,1.321,,3.9
170.2,1.321,,3.9
170.21,1.321,,3.9
170.22,1.321,,3.9
170.23,1.321,,3.9
170.24,1.321,,3.9
170.25,1.321,18.0289,3.9
170.26,1.321,20.2174,3.9
170.27,1.321,22.4059,3.9
170.28,1.321,12.4346,3.9
170.29,1.321,7.38278,3.9
170.3,1.321,12.004,3.9
170.31,1.321,6.28124,3.9
170.32,1.321,3.76365,3.9
170.33,1.321,-1.01986,3.9
170.34,1.321,0.236794,3.9
170.35,1.321,11.8576,3.9
170.36,1.321,12.4605,3.9
170.37,1.321,6.36675,3.9
170.38,1.321,11.8214,3.9
170.39,1.321,9.84595,3.9
170.4,1.321,23.2449,3.9
170.41,1.321,7.2272,3.9
170.42,1.321,4.3723,3.9
170.43,1.321,3.60979,3.9
170.44,1.321,16.2605,3.9
170.45,1.321,-0.210948,3.9
170.46,1.321,6.94969,3.9
170.47,1.321,7.93288,3.9
170.48,1.321,-0.703848,3.9
170.49,1.321,7.95991,3.9
170.5,1.321,15.1566,3.9
170.51,1.321,10.0289,3.9
170.52,1.321,15.9917,3.9
170.53,1.321,8.46205,3.9
170.54,1.321,21.2719,3.9
170.55,1.321,18.5376,3.9
170.56,1.321,15.4602,3.9
170.57,1.321,1.26528,3.9
170.58,1.321,16.2549,3.9
170.59,1.321,8.41815,3.9
170.6,1.321,1.11831,3.9
170.61,1.321,14.0483,3.9
170.62,1.321,6.0205,3.9
170.63,1.321,10.045,3.9
170.64,1.321,11.4796,3.9
170.65,1.321,8.76689,3.9
170.66,1.31895,5.47959,3.9
170.67,1.31632,6.91013,3.9
170.68,1.3137,0.553986,3.9
170.69,1.31107,16.6286,3.9
170.7,1.30844,5.1137,3.9
170.71,1.30582,19.8741,3.9
170.72,1.30319,13.687,3.9
170.73,1.30057,3.98482,3.9
170.74,1.29794,10.1486,3.9
170.75,1.29531,14.9824,3.9
170.76,1.295,7.88923,3.9
170.77,1.295,6.50441,3.9
170.78,1.295,19.4113,3.9
170.79,1.295,21.738,3.9
170.8,1.295,13.0932,3.9
170.81,1.295,6.91082,3.9
170.82,1.295,6.69735,3.9
170.83,1.295,,3.9
170.84,1.295,,3.9
170.85,1.295,,3.9
170.86,1.29729,,3.9
170.87,1.29989,,3.9
170.88,1.30249,,3.9
170.89,1.30509,,3.9
170.9,1.30769,,3.9
170.91,1.31029,4.77604,3.9
170.92,1.31289,4.56257,3.9
170.93,1.31549,5.66594,3.9
170.94,1.31809,15.4523,3.9
170.95,1.32069,6.0716,3.9
170.96,1.321,12.6295,3.9
170.97,1.321,21.5532,3.9
170.98,1.321,15.2282,3.9
170.99,1.321,7.5876,3.9
171,1.321,11.4271,3.9
171.01,1.321,14.1541,3.9
171.02,1.321,17.4533,3.9
171.03,1.321,4.1389,3.9
171.04,1.321,1.40062,3.9
171.05,1.321,13.4868,3.9
171.06,1.31871,5.4978,3.9
171.07,1.31611,0.689402,3.9
171.08,1.31351,9.29173,3.9
171.09,1.31091,7.29818,3.9
171.1,1.30831,5.29914,3.9
171.11,1.30571,6.40851,3.9
171.12,1.30311,7.63332,3.9
171.13,1.30051,17.2424,3.9
171.14,1.29791,11.6035,3.9
171.15,1.29531,6.22314,3.9
171.16,1.29729,9.56611,3.9
171.17,1.29989,6.01841,3.9
171.18,1.30249,6.65439,3.9
171.19,1.30509,16.7697,3.9
171.2,1.30769,12.5403,3.9
171.21,1.31029,3.81425,3.9
171.22,1.31289,5.30421,3.9
171.23,1.31549,9.98814,3.9
171.24,1.31809,21.2298,3.9
171.25,1.32069,19.6198,3.9
171.26,1.321,17.1108,3.9
171.27,1.321,17.2493,3.9
171.28,1.321,10.4159,3.9
171.29,1.321,9.76446,3.9
171.3,1.321,6.26702,3.9
171.31,1.321,-0.369724,3.9
171.32,1.321,12.3671,3.9
171.33,1.321,14.9612,3.9
171.34,1.321,5.68116,3.9
171.35,1.321,3.33275,3.9
171.36,1.321,10.5165,3.9
171.37,1.321,12.7146,3.9
171.38,1.321,12.7306,3.9
171.39,1.321,0.68284,3.9
171.4,1.321,5.34962,3.9
171.41,1.321,4.54116,3.9
171.42,1.321,20.5658,3.9
171.43,1.321,11.5427,3.9
171.44,1.321,23.0279,3.9
171.45,1.321,22.7837,3.9
171.46,1.321,,3.9
171.47,1.321,,3.9
171.48,1.321,,3.9
171.49,1.321,,3.9
171.5,1.321,,3.9
171.51,1.321,,3.9
171.52,1.321,21.0741,3.9
171.53,1.321,20.8299,3.9
171.54,1.321,20.5856,3.9
171.55,1.321,15.8644,3.9
171.56,1.321,8.75795,3.9
171.57,1.321,11.2452,3.9
171.58,1.321,9.8183,3.9
171.59,1.321,5.70091,3.9
171.6,1.321,2.67259,3.9
171.61,1.321,7.57982,3.9
171.62,1.321,6.36399,3.9
171.63,1.321,14.5606,3.9
171.64,1.321,13.576,3.9
171.65,1.321,13.2639,3.9
171.66,1.321,6.28626,3.9
171.67,1.321,2.64293,3.9
171.68,1.321,6.17657,3.9
171.69,1.321,9.04146,3.9
171.7,1.321,9.84625,3.9
171.71,1.321,21.1734,3.9
171.72,1.321,4.14827,3.9
171.73,1.321,21.9675,3.9
171.74,1.321,19.6527,3.9
171.75,1.321,1.60003,3.9
171.76,1.31889,18.6077,3.9
171.77,1.31619,2.4587,3.9
171.78,1.31349,5.35229,3.9
171.79,1.31079,20.5306,3.9
171.8,1.30809,7.26495,3.9
171.81,1.30539,8.34449,3.9
171.82,1.30269,3.49598,3.9
171.83,1.29999,23.1404,3.9
171.84,1.29729,5.9509,3.9
171.85,1.29459,22.8478,3.9
171.86,1.29611,17.4975,3.9
171.87,1.29881,23.0483,3.9
171.88,1.30151,13.3287,3.9
171.89,1.30421,12.8067,3.9
171.9,1.30691,17.7341,3.9
171.91,1.30961,8.6572,3.9
171.92,1.31231,2.56585,3.9
171.93,1.31501,6.96307,3.9
171.94,1.31771,6.11143,3.9
171.95,1.32041,12.9826,3.9
171.96,1.321,5.2825,3.9
171.97,1.321,4.83113,3.9
171.98,1.321,4.53081,3.9
171.99,1.321,7.06838,3.9
172,1.321,11.7142,3.9
172.01,1.321,4.84318,3.9
172.02,1.321,8.95625,3.9
172.03,1.321,13.1148,3.9
172.04,1.321,15.8241,3.9
172.05,1.321,19.1882,3.9
172.06,1.321,14.0552,3.9
172.07,1.321,21.5849,3.9
172.08,1.321,0.757814,3.9
172.09,1.321,20.9494,3.9
172.1,1.321,1.67622,3.9
172.11,1.321,6.50004,3.9
172.12,1.321,19.9226,3.9
172.13,1.321,-0.998828,3.9
172.14,1.321,-0.819998,3.9
172.15,1.321,-0.641168,3.9
172.16,1.321,,3.9
172.17,1.321,,3.9
172.18,1.321,,3.9
172.19,1.321,,3.9
172.2,1.321,,3.9
172.21,1.321,,3.9
172.22,1.321,,3.9
172.23,1.321,,3.9
172.24,1.321,,3.9
172.25,1.321,,3.9
172.26,1.31897,1.32596,3.9
172.27,1.31637,1.50479,3.9
172.28,1.31377,1.89959,3.9
172.29,1.31117,7.292,3.9
172.3,1.30857,12.758,3.9
172.31,1.30597,22.8168,3.9
172.32,1.30337,8.21074,3.9
172.33,1.30077,9.67545,3.9
172.34,1.29817,4.71427,3.9
172.35,1.29557,14.5695,3.9
172.36,1.29703,6.41011,3.9
172.37,1.29963,2.81742,3.9
172.38,1.30223,2.98527,3.9
172.39,1.30483,1.801,3.9
172.4,1.30743,14.5736,3.9
172.41,1.31003,12.9139,3.9
172.42,1.31263,5.79818,3.9
172.43,1.31523,11.4288,3.9
172.44,1.31783,12.4605,3.9
172.45,1.32043,9.24066,3.9
172.46,1.321,20.4098,3.9
172.47,1.321,5.67886,3.9
172.48,1.321,21.3698,3.9
172.49,1.321,23.9814,3.9
172.5,1.321,9.35448,3.9
172.51,1.321,8.45662,3.9
172.52,1.321,6.60029,3.9
172.53,1.321,1.67622,3.9
172.54,1.321,3.46208,3.9
172.55,1.321,14.1696,3.9
172.56,1.321,22.1462,3.9
172.57,1.321,14.0679,3.9
172.58,1.321,12.6632,3.9
172.59,1.321,21.513,3.9
172.6,1.321,15.0119,3.9
172.61,1.321,15.6972,3.9
172.62,1.321,6.19477,3.9
172.63,1.321,1.67622,3.9
172.64,1.321,4.61988,3.9
172.65,1.321,22.5611,3.9
172.66,1.321,15.1359,3.9
172.67,1.321,3.49343,3.9
172.68,1.321,11.426,3.9
172.69,1.321,4.51359,3.9
172.7,1.321,1.67622,3.9
172.71,1.321,4.43753,3.9
172.72,1.321,4.3723,3.9
172.73,1.321,7.54512,3.9
172.74,1.321,11.9409,3.9
172.75,1.321,0.0160225,3.9
172.76,1.321,6.44137,3.9
172.77,1.321,4.60737,3.9
172.78,1.321,12.6281,3.9
172.79,1.321,12.2173,3.9
172.8,1.321,4.72881,3.9
172.81,1.321,5.71939,3.9
172.82,1.321,7.82372,3.9
172.83,1.321,11.0443,3.9
172.84,1.321,21.7734,3.9
172.85,1.321,22.1819,3.9
172.86,1.321,20.9528,3.9
172.87,1.321,,3.9
172.88,1.321,,3.9
172.89,1.321,,3.9
172.9,1.321,,3.9
172.91,1.321,,3.9
172.92,1.321,,3.9
172.93,1.321,,3.9
172.94,1.321,11.12,3.9
172.95,1.321,9.89086,3.9
172.96,1.31897,8.66175,3.9
172.97,1.31637,10.2103,3.9
172.98,1.31377,6.80525,3.9
172.99,1.31117,8.7374,3.9
173,1.30857,17.5159,3.9
173.01,1.30597,16.5993,3.9
173.02,1.30337,18.1526,3.9
173.03,1.30077,13.3794,3.9
173.04,1.29817,11.428,3.9
173.05,1.29557,15.7448,3.9
173.06,1.29703,13.7948,3.9
173.07,1.29963,10.8495,3.9
173.08,1.30223,7.09799,3.9
173.09,1.30483,7.26982,3.9
173.1,1.30743,7.33551,3.9
173.11,1.31003,5.47449,3.9
173.12,1.31263,5.83465,3.9
173.13,1.31523,6.77458,3.9
173.14,1.31783,6.17073,3.9
173.15,1.32043,8.86137,3.9
173.16,1.31897,10.0633,3.9
173.17,1.31637,3.62063,3.9
173.18,1.31377,13.4947,3.9
173.19,1.31117,16.0322,3.9
173.2,1.30857,9.15422,3.9
173.21,1.30597,15.1566,3.9
173.22,1.30337,20.947,3.9
173.23,1.30077,6.84482,3.9
173.24,1.29817,21.2548,3.9
173.25,1.29557,7.08423,3.9
173.26,1.29703,3.10854,3.9
173.27,1.29963,6.31775,3.9
173.28,1.30223,14.0902,3.9
173.29,1.30483,3.60802,3.9
173.3,1.30743,11.5887,3.9
173.31,1.31003,11.7129,3.9
173.32,1.31263,16.8952,3.9
173.33,1.31523,11.4454,3.9
173.34,1.31783,17.6476,3.9
173.35,1.32043,13.0452,3.9
173.36,1.321,8.58215,3.9
173.37,1.321,-1.01868,3.9
173.38,1.321,-0.749264,3.9
173.39,1.321,-0.479843,3.9
173.4,1.321,,3.9
173.41,1.321,,3.9
173.42,1.321,,3.9
173.43,1.321,,3.9
173.44,1.321,,3.9
173.45,1.321,1.13668,3.9
173.46,1.321,1.4061,3.9
173.47,1.321,1.67552,3.9
173.48,1.321,7.79221,3.9
173.49,1.321,8.40176,3.9
173.5,1.321,12.3113,3.9
173.51,1.321,7.13954,3.9
173.52,1.321,6.08032,3.9
173.53,1.321,0.612119,3.9
173.54,1.321,3.08007,3.9
173.55,1.321,12.0997,3.9
173.56,1.321,8.02622,3.9
173.57,1.321,0.9526,3.9
173.58,1.321,4.45675,3.9
173.59,1.321,5.11092,3.9
173.6,1.321,3.00312,3.9
173.61,1.321,10.1861,3.9
173.62,1.321,14.4096,3.9
173.63,1.321,14.3444,3.9
173.64,1.321,15.775,3.9
173.65,1.321,9.73596,3.9
173.66,1.321,5.1516,3.9
173.67,1.321,9.48517,3.9
173.68,1.321,6.44671,3.9
173.69,1.321,2.39737,3.9
173.7,1.321,7.59027,3.9
173.71,1.321,8.27188,3.9
173.72,1.321,1.67622,3.9
173.73,1.321,20.9735,3.9
173.74,1.321,3.28797,3.9
173.75,1.321,6.60003,3.9
173.76,1.321,7.9733,3.9
173.77,1.321,14.7053,3.9
173.78,1.321,4.41496,3.9
173.79,1.321,8.04875,3.9
173.8,1.321,17.0945,3.9
173.81,1.321,13.1452,3.9
173.82,1.321,8.90345,3.9
173.83,1.321,12.8102,3.9
173.84,1.321,11.999,3.9
173.85,1.321,17.1162,3.9
173.86,1.321,12.9748,3.9
173.87,1.321,8.47337,3.9
173.88,1.321,10.8633,3.9
173.89,1.321,4.75444,3.9
173.9,1.321,1.03402,3.9
173.91,1.321,4.12558,3.9
173.92,1.321,7.93213,3.9
173.93,1.321,7.77395,3.9
173.94,1.321,7.61577,3.9
173.95,1.321,,3.9
173.96,1.321,,3.9
173.97,1.321,,3.9
173.98,1.321,,3.9
173.99,1.321,,3.9
174,1.321,,3.9
174.01,1.321,,3.9
174.02,1.321,,3.9
174.03,1.321,,3.9
174.04,1.321,6.03398,3.9
174.05,1.321,5.8758,3.9
174.06,1.31897,5.60998,3.9
174.07,1.31637,-0.825654,3.9
174.08,1.31377,5.3399,3.9
174.09,1.31117,5.66721,3.9
174.1,1.30857,11.679,3.9
174.11,1.30597,6.14002,3.9
174.12,1.30337,10.3025,3.9
174.13,1.30077,8.50723,3.9
174.14,1.29817,17.0781,3.9
174.15,1.29557,3.1707,3.9
174.16,1.29703,7.05006,3.9
174.17,1.29963,3.46658,3.9
174.18,1.30223,11.9343,3.9
174.19,1.30483,14.5213,3.9
174.2,1.30743,7.05589,3.9
174.21,1.31003,0.781309,3.9
174.22,1.31263,10.6388,3.9
174.23,1.31523,11.5758,3.9
174.24,1.31783,1.45813,3.9
174.25,1.32043,15.1485,3.9
174.26,1.31897,7.94241,3.9
174.27,1.31637,2.43947,3.9
174.28,1.31377,11.3505,3.9
174.29,1.31117,7.5907,3.9
174.3,1.30857,3.5669,3.9
174.31,1.30597,3.96469,3.9
174.32,1.30337,20.0652,3.9
174.33,1.30077,7.48076,3.9
174.34,1.29817,15.583,3.9
174.35,1.29557,9.93897,3.9
174.36,1.295,19.6267,3.9
174.37,1.295,8.43169,3.9
174.38,1.295,11.169,3.9
174.39,1.295,11.7904,3.9
174.4,1.295,13.8513,3.9
174.41,1.295,14.0468,3.9
174.42,1.295,11.2466,3.9
174.43,1.295,12.4462,3.9
174.44,1.295,16.2358,3.9
174.45,1.295,7.9123,3.9
174.46,1.29703,9.37417,3.9
174.47,1.29963,13.9661,3.9
174.48,1.30223,9.93435,3.9
174.49,1.30483,8.75122,3.9
174.5,1.30743,7.68761,3.9
174.51,1.31003,,3.9
174.52,1.31263,,3.9
174.53,1.31523,,3.9
174.54,1.31783,,3.9
174.55,1.32043,,3.9
174.56,1.31897,1.30599,3.9
174.57,1.31637,0.242389,3.9
174.58,1.31377,-0.821214,3.9
174.59,1.31117,5.02692,3.9
174.6,1.30857,20.4344,3.9
174.61,1.30597,16.0481,3.9
174.62,1.30337,13.3792,3.9
174.63,1.30077,20.1655,3.9
174.64,1.29817,14.2909,3.9
174.65,1.29557,15.6897,3.9
174.66,1.29703,9.69726,3.9
174.67,1.29963,17.6507,3.9
174.68,1.30223,9.99919,3.9
174.69,1.30483,13.2213,3.9
174.7,1.30743,0.0871144,3.9
174.71,1.31003,11.6274,3.9
174.72,1.31263,13.5652,3.9
174.73,1.31523,8.10411,3.9
174.74,1.31783,5.55298,3.9
174.75,1.32043,12.7733,3.9
174.76,1.321,2.70296,3.9
174.77,1.321,11.8431,3.9
174.78,1.321,16.1599,3.9
174.79,1.321,8.16525,3.9
174.8,1.321,8.15667,3.9
174.81,1.321,6.86385,3.9
174.82,1.321,6.55363,3.9
174.83,1.321,9.36414,3.9
174.84,1.321,9.42477,3.9
174.85,1.321,0.464083,3.9
174.86,1.321,8.84959,3.9
174.87,1.321,4.07522,3.9
174.88,1.321,15.3997,3.9
174.89,1.321,17.5488,3.9
174.9,1.321,12.9052,3.9
174.91,1.321,4.49577,3.9
174.92,1.321,18.7687,3.9
174.93,1.321,14.1997,3.9
174.94,1.321,2.0297,3.9
174.95,1.321,15.0183,3.9
174.96,1.31897,3.29121,3.9
174.97,1.31637,6.8839,3.9
174.98,1.31377,14.0962,3.9
174.99,1.31117,9.13922,3.9
175,1.30857,3.13206,3.9
175.01,1.30597,9.91995,3.9
175.02,1.30337,13.3817,3.9
175.03,1.30077,14.464,3.9
175.04,1.29817,,3.9
175.05,1.29557,,3.9
175.06,1.295,,3.9
175.07,1.295,,3.9
175.08,1.295,,3.9
175.09,1.295,,3.9
175.1,1.295,22.0402,3.9
175.11,1.295,23.1225,3.9
175.12,1.295,24.2049,3.9
175.13,1.295,14.8214,3.9
175.14,1.295,5.5187,3.9
175.15,1.295,4.15717,3.9
175.16,1.295,4.81038,3.9
175.17,1.295,7.16625,3.9
175.18,1.295,6.28395,3.9
175.19,1.295,5.84164,3.9
175.2,1.295,8.38738,3.9
175.21,1.295,22.7663,3.9
175.22,1.295,15.8159,3.9
175.23,1.295,13.5697,3.9
175.24,1.295,11.5242,3.9
175.25,1.295,7.63507,3.9
175.26,1.29703,15.1566,3.9
175.27,1.29963,17.8527,3.9
175.28,1.30223,12.72,3.9
175.29,1.30483,8.51991,3.9
175.3,1.30743,22.4359,3.9
175.31,1.31003,20.5488,3.9
175.32,1.31263,15.8909,3.9
175.33,1.31523,5.43176,3.9
175.34,1.31783,3.23957,3.9
175.35,1.32043,10.987,3.9
175.36,1.321,9.80037,3.9
175.37,1.321,19.0735,3.9
175.38,1.321,9.4241,3.9
175.39,1.321,14.406,3.9
175.4,1.321,12.7698,3.9
175.41,1.321,5.90907,3.9
175.42,1.321,10.3409,3.9
175.43,1.321,12.3484,3.9
175.44,1.321,9.31488,3.9
175.45,1.321,9.65308,3.9
175.46,1.321,7.43714,3.9
175.47,1.321,9.42123,3.9
175.48,1.321,14.4912,3.9
175.49,1.321,8.06384,3.9
175.5,1.321,11.2945,3.9
175.51,1.321,21.23,3.9
175.52,1.321,7.77155,3.9
175.53,1.321,16.2231,3.9
175.54,1.321,5.86415,3.9
175.55,1.321,3.15886,3.9
175.56,1.321,5.23257,3.9
175.57,1.321,,3.9
175.58,1.321,,3.9
175.59,1.321,,3.9
175.6,1.321,,3.9
175.61,1.321,15.6011,3.9
175.62,1.321,17.6748,3.9
175.63,1.321,19.7485,3.9
175.64,1.321,15.9584,3.9
175.65,1.321,6.52072,3.9
175.66,1.321,17.6348,3.9
175.67,1.321,4.70561,3.9
175.68,1.321,16.6439,3.9
175.69,1.321,7.91864,3.9
175.7,1.321,11.4212,3.9
175.71,1.321,5.14502,3.9
175.72,1.321,5.51375,3.9
175.73,1.321,12.7892,3.9
175.74,1.321,7.57109,3.9
175.75,1.321,-0.616496,3.9
175.76,1.321,4.64036,3.9
175.77,1.321,5.34834,3.9
175.78,1.321,8.29553,3.9
175.79,1.321,5.70734,3.9
175.8,1.321,13.0997,3.9
175.81,1.321,8.64768,3.9
175.82,1.321,9.4919,3.9
175.83,1.321,23.5427,3.9
175.84,1.321,19.0664,3.9
175.85,1.321,19.2573,3.9
175.86,1.321,12.249,3.9
175.87,1.321,12.1267,3.9
175.88,1.321,17.058,3.9
175.89,1.321,13.6616,3.9
175.9,1.321,19.004,3.9
175.91,1.321,1.99927,3.9
175.92,1.321,4.48735,3.9
175.93,1.321,16.2775,3.9
175.94,1.321,17.4337,3.9
175.95,1.321,9.54059,3.9
175.96,1.321,1.67622,3.9
175.97,1.321,17.9864,3.9
175.98,1.321,16.2132,3.9
175.99,1.321,4.81852,3.9
176,1.321,6.90825,3.9
176.01,1.321,8.69124,3.9
176.02,1.321,3.3742,3.9
176.03,1.321,11.3677,3.9
176.04,1.321,11.159,3.9
176.05,1.321,9.9372,3.9
176.06,1.321,11.1295,3.9
176.07,1.321,12.7016,3.9
176.08,1.321,,3.9
176.09,1.321,,3.9
176.1,1.321,,3.9
176.11,1.321,,3.9
176.12,1.321,,3.9
176.13,1.321,22.1343,3.9
176.14,1.321,23.7064,3.9
176.15,1.321,25.2785,3.9
176.16,1.321,11.264,3.9
176.17,1.321,5.49316,3.9
176.18,1.321,6.32273,3.9
176.19,1.321,8.40826,3.9
176.2,1.321,10.1202,3.9
176.21,1.321,19.1795,3.9
176.22,1.321,13.898,3.9
176.23,1.321,7.05789,3.9
176.24,1.321,10.6928,3.9
176.25,1.321,12.7681,3.9
176.26,1.321,10.5476,3.9
176.27,1.321,4.13782,3.9
176.28,1.321,5.65159,3.9
176.29,1.321,8.83352,3.9
176.3,1.321,10.891,3.9
176.31,1.321,19.5704,3.9
176.32,1.321,14.1396,3.9
176.33,1.321,13.2178,3.9
176.34,1.321,4.35024,3.9
176.35,1.321,11.6136,3.9
176.36,1.321,3.67571,3.9
176.37,1.321,6.00011,3.9
176.38,1.321,10.6592,3.9
176.39,1.321,0.959613,3.9
176.4,1.321,9.89354,3.9
176.41,1.321,15.9252,3.9
176.42,1.321,15.2915,3.9
176.43,1.321,4.31496,3.9
176.44,1.321,6.76286,3.9
176.45,1.321,2.18213,3.9
176.46,1.31897,18.9469,3.9
176.47,1.31637,11.3094,3.9
176.48,1.31377,2.90365,3.9
176.49,1.31117,11.4157,3.9
176.5,1.30857,12.2567,3.9
176.51,1.30597,12.2763,3.9
176.52,1.30337,13.0454,3.9
176.53,1.30077,10.7554,3.9
176.54,1.29817,14.0425,3.9
176.55,1.29557,13.9244,3.9
176.56,1.29703,13.0659,3.9
176.57,1.29963,7.30228,3.9
176.58,1.30223,2.67485,3.9
176.59,1.30483,17.0386,3.9
176.6,1.30743,2.16631,3.9
176.61,1.31003,2.99482,3.9
176.62,1.31263,,3.9
176.63,1.31523,,3.9
176.64,1.31783,,3.9
176.65,1.32043,,3.9
176.66,1.31897,,3.9
176.67,1.31637,,3.9
176.68,1.31377,,3.9
176.69,1.31117,,3.9
176.7,1.30857,10.4515,3.9
176.71,1.30597,11.28,3.9
176.72,1.30337,12.1085,3.9
176.73,1.30077,7.19479,3.9
176.74,1.29817,3.7581,3.9
176.75,1.29557,3.1322,3.9
176.76,1.29703,13.4771,3.9
176.77,1.29963,15.0522,3.9
176.78,1.30223,2.18431,3.9
176.79,1.30483,12.0254,3.9
176.8,1.30743,10.9293,3.9
176.81,1.31003,11.2949,3.9
176.82,1.31263,7.77771,3.9
176.83,1.31523,11.4252,3.9
176.84,1.31783,10.7225,3.9
176.85,1.32043,8.20968,3.9
176.86,1.31897,3.78755,3.9
176.87,1.31637,6.50698,3.9
176.88,1.31377,3.47934,3.9
176.89,1.31117,11.4116,3.9
176.9,1.30857,5.07161,3.9
176.91,1.30597,18.3481,3.9
176.92,1.30337,1.81211,3.9
176.93,1.30077,7.04936,3.9
176.94,1.29817,6.13766,3.9
176.95,1.29557,4.41722,3.9
176.96,1.29703,6.8587,3.9
176.97,1.29963,22.3466,3.9
176.98,1.30223,11.2575,3.9
176.99,1.30483,12.9211,3.9
177,1.30743,11.433,3.9
177.01,1.31003,3.367,3.9
177.02,1.31263,0.793017,3.9
177.03,1.31523,16.6997,3.9
177.04,1.31783,13.7786,3.9
177.05,1.32043,2.87472,3.9
177.06,1.321,9.57258,3.9
177.07,1.321,11.8918,3.9
177.08,1.321,9.25788,3.9
177.09,1.321,23.2449,3.9
177.1,1.321,20.5488,3.9
177.11,1.321,7.68169,3.9
177.12,1.321,4.44374,3.9
177.13,1.321,2.95497,3.9
177.14,1.321,17.1689,3.9
177.15,1.321,11.6806,3.9
177.16,1.321,7.72245,3.9
177.17,1.321,5.57849,3.9
177.18,1.321,14.118,3.9
177.19,1.321,7.17555,3.9
177.2,1.321,14.8927,3.9
177.21,1.321,14.0987,3.9
177.22,1.321,13.3048,3.9
177.23,1.321,,3.9
177.24,1.321,,3.9
177.25,1.321,,3.9
177.26,1.321,,3.9
177.27,1.321,,3.9
177.28,1.321,8.54107,3.9
177.29,1.321,7.74712,3.9
177.3,1.321,10.3225,3.9
177.31,1.321,20.2946,3.9
177.32,1.321,7.06838,3.9
177.33,1.321,2.55422,3.9
177.34,1.321,12.5794,3.9
177.35,1.321,13.6142,3.9
177.36,1.31897,11.7951,3.9
177.37,1.31637,20.8251,3.9
177.38,1.31377,24.6331,3.9
177.39,1.31117,10.7187,3.9
177.4,1.30857,1.59249,3.9
177.41,1.30597,-0.34909,3.9
177.42,1.30337,12.121,3.9
177.43,1.30077,9.84386,3.9
177.44,1.29817,20.3342,3.9
177.45,1.29557,4.95491,3.9
177.46,1.295,1.80059,3.9
177.47,1.295,10.7669,3.9
177.48,1.295,17.6288,3.9
177.49,1.295,2.24246,3.9
177.5,1.295,4.31613,3.9
177.51,1.295,22.3429,3.9
177.52,1.295,6.74228,3.9
177.53,1.295,11.1151,3.9
177.54,1.295,12.3699,3.9
177.55,1.295,17.2672,3.9
177.56,1.295,14.2259,3.9
177.57,1.295,0.45561,3.9
177.58,1.295,-3.43228,3.9
177.59,1.295,10.7654,3.9
177.6,1.295,2.7709,3.9
177.61,1.295,-0.715111,3.9
177.62,1.295,16.9364,3.9
177.63,1.295,9.56876,3.9
177.64,1.295,15.6438,3.9
177.65,1.295,9.72827,3.9
177.66,1.29703,9.557,3.9
177.67,1.29963,15.4843,3.9
177.68,1.30223,10.7974,3.9
177.69,1.30483,14.3314,3.9
177.7,1.30743,10.593,3.9
177.71,1.31003,7.0931,3.9
177.72,1.31263,8.04703,3.9
177.73,1.31523,6.38635,3.9
177.74,1.31783,8.89311,3.9
177.75,1.32043,6.23442,3.9
177.76,1.31897,10.9218,3.9
177.77,1.31637,2.44672,3.9
177.78,1.31377,7.7107,3.9
177.79,1.31117,11.1803,3.9
177.8,1.30857,12.2726,3.9
177.81,1.30597,11.6488,3.9
177.82,1.30337,10.6239,3.9
177.83,1.30077,,3.9
177.84,1.29817,,3.9
177.85,1.29557,,3.9
177.86,1.29703,,3.9
177.87,1.29963,,3.9
177.88,1.30223,,3.9
177.89,1.30483,,3.9
177.9,1.30743,,3.9
177.91,1.31003,1.39995,3.9
177.92,1.31263,0.375057,3.9
177.93,1.31523,-0.649833,3.9
177.94,1.31783,5.87069,3.9
177.95,1.32043,6.32111,3.9
177.96,1.31897,10.3863,3.9
177.97,1.31637,11.2336,3.9
177.98,1.31377,6.33125,3.9
177.99,1.31117,8.37566,3.9
178,1.30857,10.091,3.9
178.01,1.30597,2.9903,3.9
178.02,1.30337,5.27359,3.9
178.03,1.30077,8.12221,3.9
178.04,1.29817,9.3877,3.9
178.05,1.29557,13.9416,3.9
178.06,1.295,9.5745,3.9
178.07,1.295,11.4658,3.9
178.08,1.295,9.53363,3.9
178.09,1.295,16.8034,3.9
178.1,1.295,19.1512,3.9
178.11,1.295,8.91382,3.9
178.12,1.295,9.09392,3.9
178.13,1.295,9.22301,3.9
178.14,1.295,3.62719,3.9
178.15,1.295,4.58257,3.9
178.16,1.29703,9.75497,3.9
178.17,1.29963,7.42273,3.9
178.18,1.30223,10.3985,3.9
178.19,1.30483,5.44146,3.9
178.2,1.30743,9.03826,3.9
178.21,1.31003,19.731,3.9
178.22,1.31263,8.08347,3.9
178.23,1.31523,12.3622,3.9
178.24,1.31783,14.3739,3.9
178.25,1.32043,7.65287,3.9
178.26,1.321,3.11275,3.9
178.27,1.321,2.90534,3.9
178.28,1.321,0.840074,3.9
178.29,1.321,13.2587,3.9
178.3,1.321,17.5971,3.9
178.31,1.321,10.6479,3.9
178.32,1.321,15.7356,3.9
178.33,1.321,-0.33819,3.9
178.34,1.321,3.48776,3.9
178.35,1.321,0.203703,3.9
178.36,1.321,12.4605,3.9
178.37,1.321,12.4605,3.9
178.38,1.321,,3.9
178.39,1.321,,3.9
178.4,1.321,,3.9
178.41,1.321,,3.9
178.42,1.321,,3.9
178.43,1.321,,3.9
178.44,1.321,12.4605,3.9
178.45,1.321,12.4605,3.9
178.46,1.321,12.4605,3.9
178.47,1.321,4.90054,3.9
178.48,1.321,15.2407,3.9
178.49,1.321,17.8527,3.9
178.5,1.321,14.1853,3.9
178.51,1.321,3.6473,3.9
178.52,1.321,7.09623,3.9
178.53,1.321,9.60683,3.9
178.54,1.321,5.25077,3.9
178.55,1.321,4.16513,3.9
178.56,1.321,4.88921,3.9
178.57,1.321,6.22511,3.9
178.58,1.321,2.351,3.9
178.59,1.321,9.3506,3.9
178.6,1.321,16.1265,3.9
178.61,1.321,5.84911,3.9
178.62,1.321,9.76446,3.9
178.63,1.321,9.70503,3.9
178.64,1.321,-0.396081,3.9
178.65,1.321,7.29566,3.9
178.66,1.321,3.79117,3.9
178.67,1.321,18.8592,3.9
178.68,1.321,14.1153,3.9
178.69,1.321,19.3585,3.9
178.7,1.321,18.5889,3.9
178.71,1.321,2.52357,3.9
178.72,1.321,6.45227,3.9
178.73,1.321,1.67622,3.9
178.74,1.321,4.40938,3.9
178.75,1.321,9.56031,3.9
178.76,1.321,4.23876,3.9
178.77,1.321,9.30376,3.9
178.78,1.321,6.23259,3.9
178.79,1.321,15.7879,3.9
178.8,1.321,18.0247,3.9
178.81,1.321,13.8562,3.9
178.82,1.321,15.0177,3.9
178.83,1.321,13.9421,3.9
178.84,1.321,12.7175,3.9
178.85,1.321,4.21857,3.9
178.86,1.321,17.3664,3.9
178.87,1.321,4.10847,3.9
178.88,1.321,3.45336,3.9
178.89,1.321,4.54931,3.9
178.9,1.321,10.4607,3.9
178.91,1.321,1.67622,3.9
178.92,1.321,4.32713,3.9
178.93,1.321,4.97739,3.9
178.94,1.321,2.38374,3.9
178.95,1.321,9.88242,3.9
178.96,1.31897,8.15917,3.9
178.97,1.31637,2.43642,3.9
178.98,1.31377,19.8619,3.9
178.99,1.31117,17.8527,3.9
179,1.30857,17.4243,3.9
179.01,1.30597,15.3588,3.9
179.02,1.30337,2.83883,3.9
179.03,1.30077,9.23549,3.9
179.04,1.29817,6.15901,3.9
179.05,1.29557,11.4046,3.9
179.06,1.29703,1.75477,3.9
179.07,1.29963,2.4407,3.9
179.08,1.30223,3.12664,3.9
179.09,1.30483,,3.9
179.1,1.30743,,3.9
179.11,1.31003,,3.9
179.12,1.31263,,3.9
179.13,1.31523,,3.9
179.14,1.31783,,3.9
179.15,1.32043,,3.9
179.16,1.321,,3.9
179.17,1.321,9.30004,3.9
179.18,1.321,9.98598,3.9
179.19,1.321,10.6014,3.9
179.2,1.321,5.76852,3.9
179.21,1.321,5.72034,3.9
179.22,1.321,6.49928,3.9
179.23,1.321,9.78099,3.9
179.24,1.321,7.01901,3.9
179.25,1.321,9.00323,3.9
179.26,1.321,6.06967,3.9
179.27,1.321,16.4762,3.9
179.28,1.321,8.5208,3.9
179.29,1.321,8.27172,3.9
179.3,1.321,19.4599,3.9
179.31,1.321,19.5025,3.9
179.32,1.321,4.98034,3.9
179.33,1.321,6.3581,3.9
179.34,1.321,-0.937913,3.9
179.35,1.321,0.147032,3.9
179.36,1.31897,17.8404,3.9
179.37,1.31637,18.0245,3.9
179.38,1.31377,6.86368,3.9
179.39,1.31117,10.7649,3.9
179.4,1.30857,12.3482,3.9
179.41,1.30597,9.58612,3.9
179.42,1.30337,15.1566,3.9
179.43,1.30077,11.5723,3.9
179.44,1.29817,15.2311,3.9
179.45,1.29557,21.172,3.9
179.46,1.295,16.1531,3.9
179.47,1.295,2.01715,3.9
179.48,1.295,0.524755,3.9
179.49,1.295,11.8615,3.9
179.5,1.295,23.3757,3.9
179.51,1.295,14.7205,3.9
179.52,1.295,-0.486643,3.9
179.53,1.295,3.12265,3.9
179.54,1.295,16.4844,3.9
179.55,1.295,17.0439,3.9
179.56,1.295,6.35452,3.9
179.57,1.295,10.4107,3.9
179.58,1.295,18.0698,3.9
179.59,1.295,6.16825,3.9
179.6,1.295,22.8152,3.9
179.61,1.295,18.3849,3.9
179.62,1.295,5.60571,3.9
179.63,1.295,12.9968,3.9
179.64,1.295,13.6884,3.9
179.65,1.295,13.5535,3.9
179.66,1.295,,3.9
179.67,1.295,,3.9
179.68,1.295,,3.9
179.69,1.295,,3.9
179.7,1.295,,3.9
179.71,1.295,12.7437,3.9
179.72,1.295,12.6087,3.9
179.73,1.295,12.4737,3.9
179.74,1.295,17.2139,3.9
179.75,1.295,22.5688,3.9
179.76,1.29703,9.34212,3.9
179.77,1.29963,7.69284,3.9
179.78,1.30223,14.6152,3.9
179.79,1.30483,3.87187,3.9
179.8,1.30743,11.1125,3.9
179.81,1.31003,17.2372,3.9
179.82,1.31263,8.83983,3.9
179.83,1.31523,8.55424,3.9
179.84,1.31783,6.54228,3.9
179.85,1.32043,-1.01986,3.9
179.86,1.321,1.20927,3.9
179.87,1.321,12.4849,3.9
179.88,1.321,16.7712,3.9
179.89,1.321,12.5955,3.9
179.9,1.321,5.23488,3.9
179.91,1.321,12.8337,3.9
179.92,1.321,-0.54451,3.9
179.93,1.321,14.5869,3.9
179.94,1.321,12.6797,3.9
179.95,1.321,20.7815,3.9
179.96,1.321,13.5538,3.9
179.97,1.321,10.2866,3.9
179.98,1.321,12.2993,3.9
179.99,1.321,6.95179,3.9
180,1.321,4.63758,3.9
180.01,1.321,3.59773,3.9
180.02,1.321,20.8056,3.9
180.03,1.321,8.79258,3.9
180.04,1.321,10.695,3.9
180.05,1.321,1.76379,3.9
180.06,1.321,5.76647,3.9
180.07,1.321,12.1608,3.9
180.08,1.321,8.52144,3.9
180.09,1.321,5.78844,3.9
180.1,1.321,11.5654,3.9
180.11,1.321,12.4605,3.9
180.12,1.321,20.3769,3.9
180.13,1.321,8.88815,3.9
180.14,1.321,18.6711,3.9
180.15,1.321,21.2083,3.9
180.16,1.321,6.56133,3.9
180.17,1.321,17.5228,3.9
180.18,1.321,3.02624,3.9
180.19,1.321,11.1814,3.9
180.2,1.321,19.4174,3.9
180.21,1.321,11.4662,3.9
180.22,1.321,0.0662126,3.9
180.23,1.321,5.35413,3.9
180.24,1.321,14.1789,3.9
180.25,1.321,14.7367,3.9
180.26,1.321,7.18862,3.9
180.27,1.321,7.57012,3.9
180.28,1.321,7.95162,3.9
180.29,1.321,,3.9
180.3,1.321,,3.9
180.31,1.321,,3.9
180.32,1.321,,3.9
180.33,1.321,,3.9
180.34,1.321,,3.9
180.35,1.321,,3.9
180.36,1.321,,3.9
180.37,1.321,,3.9
180.38,1.321,11.7666,3.9
180.39,1.321,12.1481,3.9
180.4,1.321,19.4292,3.9
180.41,1.321,10.4324,3.9
180.42,1.321,18.1846,3.9
180.43,1.321,13.486,3.9
180.44,1.321,14.7249,3.9
180.45,1.321,8.47603,3.9
180.46,1.321,8.20819,3.9
180.47,1.321,13.0008,3.9
180.48,1.321,8.18341,3.9
180.49,1.321,4.49534,3.9
180.5,1.321,5.69304,3.9
180.51,1.321,5.54437,3.9
180.52,1.321,2.61681,3.9
180.53,1.321,-0.613313,3.9
180.54,1.321,7.57054,3.9
180.55,1.321,16.3264,3.9
180.56,1.321,4.16725,3.9
180.57,1.321,10.3362,3.9
180.58,1.321,3.61849,3.9
180.59,1.321,14.36,3.9
180.6,1.321,21.6132,3.9
180.61,1.321,3.18483,3.9
180.62,1.321,14.0924,3.9
180.63,1.321,7.86514,3.9
180.64,1.321,7.00717,3.9
180.65,1.321,13.1938,3.9
180.66,1.31897,19.2574,3.9
180.67,1.31637,16.111,3.9
180.68,1.31377,5.49982,3.9
180.69,1.31117,2.07213,3.9
180.7,1.30857,0.523274,3.9
180.71,1.30597,1.62139,3.9
180.72,1.30337,-0.796286,3.9
180.73,1.30077,-0.987936,3.9
180.74,1.29817,3.51897,3.9
180.75,1.29557,17.6134,3.9
180.76,1.29703,-0.520891,3.9
180.77,1.29963,10.326,3.9
180.78,1.30223,8.21575,3.9
180.79,1.30483,18.3129,3.9
180.8,1.30743,1.71143,3.9
180.81,1.31003,16.9082,3.9
180.82,1.31263,4.78931,3.9
180.83,1.31523,17.0585,3.9
180.84,1.31783,1.70432,3.9
180.85,1.32043,2.13474,3.9
180.86,1.31897,3.89867,3.9
180.87,1.31637,11.0334,3.9
180.88,1.31377,4.3723,3.9
180.89,1.31117,18.4932,3.9
180.9,1.30857,5.18483,3.9
180.91,1.30597,17.2497,3.9
180.92,1.30337,16.8781,3.9
180.93,1.30077,4.58489,3.9
180.94,1.29817,15.2383,3.9
180.95,1.29557,10.4294,3.9
180.96,1.295,13.214,3.9
180.97,1.295,12.3284,3.9
180.98,1.295,,3.9
180.99,1.295,,3.9
181,1.295,,3.9
181.01,1.295,,3.9
181.02,1.295,,3.9
181.03,1.295,,3.9
181.04,1.295,,3.9
181.05,1.295,,3.9
181.06,1.29703,4.35813,3.9
181.07,1.29963,3.47254,3.9
181.08,1.30223,9.62752,3.9
181.09,1.30483,16.1575,3.9
181.1,1.30743,12.0523,3.9
181.11,1.31003,11.5981,3.9
181.12,1.31263,19.0453,3.9
181.13,1.31523,1.7859,3.9
181.14,1.31783,6.25616,3.9
181.15,1.32043,5.95179,3.9
181.16,1.321,0.913975,3.9
181.17,1.321,5.76971,3.9
181.18,1.321,10.5081,3.9
181.19,1.321,15.8574,3.9
181.2,1.321,14.3376,3.9
181.21,1.321,1.91963,3.9
181.22,1.321,9.42101,3.9
181.23,1.321,7.71085,3.9
181.24,1.321,25.5687,3.9
181.25,1.321,23.1017,3.9
181.26,1.31897,19.5896,3.9
181.27,1.31637,8.18036,3.9
181.28,1.31377,7.06838,3.9
181.29,1.31117,19.0269,3.9
181.3,1.30857,4.46279,3.9
181.31,1.30597,0.536631,3.9
181.32,1.30337,0.328177,3.9
181.33,1.30077,9.86215,3.9
181.34,1.29817,5.61942,3.9
181.35,1.29557,-0.350364,3.9
181.36,1.29703,9.30279,3.9
181.37,1.29963,4.18886,3.9
181.38,1.30223,5.87559,3.9
181.39,1.30483,1.82928,3.9
181.4,1.30743,4.45885,3.9
181.41,1.31003,8.00161,3.9
181.42,1.31263,6.7095,3.9
181.43,1.31523,8.12705,3.9
181.44,1.31783,17.7268,3.9
181.45,1.32043,18.6958,3.9
181.46,1.321,14.3829,3.9
181.47,1.321,4.3723,3.9
181.48,1.321,8.043,3.9
181.49,1.321,7.0612,3.9
181.5,1.321,2.70811,3.9
181.51,1.321,14.1654,3.9
181.52,1.321,15.1566,3.9
181.53,1.321,12.4605,3.9
181.54,1.321,12.4605,3.9
181.55,1.321,-0.72121,3.9
181.56,1.321,10.0506,3.9
181.57,1.321,11.5284,3.9
181.58,1.321,2.65331,3.9
181.59,1.321,9.06685,3.9
181.6,1.321,4.20869,3.9
181.61,1.321,9.54118,3.9
181.62,1.321,12.3149,3.9
181.63,1.321,20.5488,3.9
181.64,1.321,15.2136,3.9
181.65,1.321,16.0109,3.9
181.66,1.321,7.26025,3.9
181.67,1.321,7.50495,3.9
181.68,1.321,,3.9
181.69,1.321,,3.9
181.7,1.321,,3.9
181.71,1.321,,3.9
181.72,1.321,,3.9
181.73,1.321,,3.9
181.74,1.321,9.21786,3.9
181.75,1.321,9.46256,3.9
181.76,1.321,9.70726,3.9
181.77,1.321,13.8316,3.9
181.78,1.321,13.1346,3.9
181.79,1.321,12.8993,3.9
181.8,1.321,8.15182,3.9
181.81,1.321,14.7452,3.9
181.82,1.321,15.7431,3.9
181.83,1.321,4.1137,3.9
181.84,1.321,8.47706,3.9
181.85,1.321,1.2564,3.9
181.86,1.31897,14.6993,3.9
181.87,1.31637,5.13121,3.9
181.88,1.31377,11.1125,3.9
181.89,1.31117,13.0428,3.9
181.9,1.30857,16.1432,3.9
181.91,1.30597,12.1262,3.9
181.92,1.30337,10.7753,3.9
181.93,1.30077,2.99201,3.9
181.94,1.29817,21.0223,3.9
181.95,1.29557,0.728523,3.9
181.96,1.295,-3.06969,3.9
181.97,1.295,15.1126,3.9
181.98,1.295,5.85828,3.9
181.99,1.295,22.7722,3.9
182,1.295,11.0396,3.9
182.01,1.295,2.6199,3.9
182.02,1.295,5.06125,3.9
182.03,1.295,21.8119,3.9
182.04,1.295,4.14308,3.9
182.05,1.295,4.23737,3.9
182.06,1.295,8.01218,3.9
182.07,1.295,22.092,3.9
182.08,1.295,1.18687,3.9
182.09,1.295,1.14677,3.9
182.1,1.295,8.15779,3.9
182.11,1.295,16.0772,3.9
182.12,1.295,11.3018,3.9
182.13,1.295,4.31469,3.9
182.14,1.295,5.59768,3.9
182.15,1.295,2.50002,3.9
182.16,1.29703,3.11188,3.9
182.17,1.29963,7.57888,3.9
182.18,1.30223,17.863,3.9
182.19,1.30483,6.74851,3.9
182.2,1.30743,5.14103,3.9
182.21,1.31003,9.45418,3.9
182.22,1.31263,2.29849,3.9
182.23,1.31523,3.88024,3.9
182.24,1.31783,2.59582,3.9
182.25,1.32043,14.7858,3.9
182.26,1.31897,9.93938,3.9
182.27,1.31637,1.67622,3.9
182.28,1.31377,19.0969,3.9
182.29,1.31117,18.5245,3.9
182.3,1.30857,17.9521,3.9
182.31,1.30597,,3.9
182.32,1.30337,,3.9
182.33,1.30077,,3.9
182.34,1.29817,,3.9
182.35,1.29557,,3.9
182.36,1.29703,,3.9
182.37,1.29963,,3.9
182.38,1.30223,13.3729,3.9
182.39,1.30483,12.8005,3.9
182.4,1.30743,7.67097,3.9
182.41,1.31003,5.65165,3.9
182.42,1.31263,11.1778,3.9
182.43,1.31523,5.10994,3.9
182.44,1.31783,15.1687,3.9
182.45,1.32043,7.72414,3.9
182.46,1.321,1.67622,3.9
182.47,1.321,10.8148,3.9
182.48,1.321,10.0156,3.9
182.49,1.321,10.1885,3.9
182.5,1.321,3.59112,3.9
182.51,1.321,6.9375,3.9
182.52,1.321,4.90785,3.9
182.53,1.321,23.0216,3.9
182.54,1.321,-2.83286,3.9
182.55,1.321,6.04909,3.9
182.56,1.31897,4.65871,3.9
182.57,1.31637,6.78082,3.9
182.58,1.31377,2.3787,3.9
182.59,1.31117,22.7039,3.9
182.6,1.30857,21.0861,3.9
182.61,1.30597,11.3955,3.9
182.62,1.30337,6.45171,3.9
182.63,1.30077,15.4163,3.9
182.64,1.29817,12.0548,3.9
182.65,1.29557,13.5232,3.9
182.66,1.29703,13.8482,3.9
182.67,1.29963,14.3433,3.9
182.68,1.30223,13.473,3.9
182.69,1.30483,6.03968,3.9
182.7,1.30743,8.40843,3.9
182.71,1.31003,19.2281,3.9
182.72,1.31263,10.3958,3.9
182.73,1.31523,12.8732,3.9
182.74,1.31783,3.08826,3.9
182.75,1.32043,6.99882,3.9
182.76,1.31897,6.02381,3.9
182.77,1.31637,11.2928,3.9
182.78,1.31377,12.3327,3.9
182.79,1.31117,16.6375,3.9
182.8,1.30857,9.56493,3.9
182.81,1.30597,1.67801,3.9
182.82,1.30337,5.03291,3.9
182.83,1.30077,11.7921,3.9
182.84,1.29817,20.1999,3.9
182.85,1.29557,4.41124,3.9
182.86,1.29703,12.4909,3.9
182.87,1.29963,13.6975,3.9
182.88,1.30223,4.81409,3.9
182.89,1.30483,19.6302,3.9
182.9,1.30743,21.8079,3.9
182.91,1.31003,7.78643,3.9
182.92,1.31263,2.96466,3.9
182.93,1.31523,3.8323,3.9
182.94,1.31783,8.94754,3.9
182.95,1.32043,9.03761,3.9
182.96,1.31897,16.8815,3.9
182.97,1.31637,9.74298,3.9
182.98,1.31377,2.00773,3.9
182.99,1.31117,3.51158,3.9
183,1.30857,5.01544,3.9
183.01,1.30597,,3.9
183.02,1.30337,,3.9
183.03,1.30077,,3.9
183.04,1.29817,,3.9
183.05,1.29557,,3.9
183.06,1.295,,3.9
183.07,1.295,15.5424,3.9
183.08,1.295,17.0463,3.9
183.09,1.295,18.5501,3.9
183.1,1.295,9.15733,3.9
183.11,1.295,6.56685,3.9
183.12,1.295,6.3313,3.9
183.13,1.295,21.1688,3.9
183.14,1.295,9.97535,3.9
183.15,1.295,21.1183,3.9
183.16,1.29492,2.6825,3.9
183.17,1.29482,18.4675,3.9
183.18,1.29472,16.3736,3.9
183.19,1.29462,2.43417,3.9
183.2,1.29452,4.3723,3.9
183.21,1.29442,3.53025,3.9
183.22,1.29432,2.39707,3.9
183.23,1.29422,2.16931,3.9
183.24,1.29412,16.1237,3.9
183.25,1.29402,15.7814,3.9
183.26,1.29611,1.52683,3.9
183.27,1.29881,12.8548,3.9
183.28,1.30151,2.29206,3.9
183.29,1.30421,7.34793,3.9
183.3,1.30691,12.3427,3.9
183.31,1.30961,11.132,3.9
183.32,1.31231,-0.0778987,3.9
183.33,1.31501,14.2254,3.9
183.34,1.31771,22.6543,3.9
183.35,1.32041,6.53901,3.9
183.36,1.321,1.87671,3.9
183.37,1.321,21.4732,3.9
183.38,1.321,6.49833,3.9
183.39,1.321,-0.354207,3.9
183.4,1.321,8.40524,3.9
183.41,1.321,14.4078,3.9
183.42,1.321,15.9766,3.9
183.43,1.321,10.3462,3.9
183.44,1.321,14.5735,3.9
183.45,1.321,7.99128,3.9
183.46,1.321,4.3723,3.9
183.47,1.321,11.8999,3.9
183.48,1.321,4.46842,3.9
183.49,1.321,0.983842,3.9
183.5,1.321,12.8753,3.9
183.51,1.321,16.4605,3.9
183.52,1.321,14.6302,3.9
183.53,1.321,10.5201,3.9
183.54,1.321,8.9763,3.9
183.55,1.321,6.2679,3.9
183.56,1.321,3.18048,3.9
183.57,1.321,5.91907,3.9
183.58,1.321,2.10331,3.9
183.59,1.321,12.9637,3.9
183.6,1.321,23.2449,3.9
183.61,1.321,18.6933,3.9
183.62,1.321,6.89975,3.9
183.63,1.321,2.31449,3.9
183.64,1.321,15.8343,3.9
183.65,1.321,20.1254,3.9
183.66,1.321,13.8955,3.9
183.67,1.321,-0.860381,3.9
183.68,1.321,1.88537,3.9
183.69,1.321,11.9487,3.9
183.7,1.321,9.76433,3.9
183.71,1.321,9.64325,3.9
183.72,1.321,9.52216,3.9
183.73,1.321,,3.9
183.74,1.321,,3.9
183.75,1.321,,3.9
183.76,1.321,,3.9
183.77,1.321,,3.9
183.78,1.321,,3.9
183.79,1.321,8.67455,3.9
183.8,1.321,8.55347,3.9
183.81,1.321,8.43238,3.9
183.82,1.321,9.52654,3.9
183.83,1.321,14.3652,3.9
183.84,1.321,11.5013,3.9
183.85,1.321,12.178,3.9
183.86,1.31897,15.5024,3.9
183.87,1.31637,12.7133,3.9
183.88,1.31377,17.0862,3.9
183.89,1.31117,5.41211,3.9
183.9,1.30857,12.0603,3.9
183.91,1.30597,8.57336,3.9
183.92,1.30337,8.79232,3.9
183.93,1.30077,5.54493,3.9
183.94,1.29817,14.4033,3.9
183.95,1.29557,20.9583,3.9
183.96,1.29703,11.0145,3.9
183.97,1.29963,3.20947,3.9
183.98,1.30223,9.88827,3.9
183.99,1.30483,-1.01986,3.9
184,1.30743,9.75496,3.9
184.01,1.31003,7.33529,3.9
184.02,1.31263,1.62619,3.9
184.03,1.31523,9.54451,3.9
184.04,1.31783,13.1615,3.9
184.05,1.32043,18.8851,3.9
184.06,1.321,13.8086,3.9
184.07,1.321,11.2893,3.9
184.08,1.321,0.189764,3.9
184.09,1.321,11.8175,3.9
184.1,1.321,10.0421,3.9
184.11,1.321,10.6656,3.9
184.12,1.321,4.38274,3.9
184.13,1.321,6.72461,3.9
184.14,1.321,21.4017,3.9
184.15,1.321,23.2449,3.9
184.16,1.321,7.32309,3.9
184.17,1.321,6.79575,3.9
184.18,1.321,2.06052,3.9
184.19,1.321,12.0373,3.9
184.2,1.321,12.9236,3.9
184.21,1.321,4.77237,3.9
184.22,1.321,2.51834,3.9
184.23,1.321,3.64853,3.9
184.24,1.321,5.82468,3.9
184.25,1.321,12.3578,3.9
184.26,1.321,13.3472,3.9
184.27,1.321,6.45106,3.9
184.28,1.321,9.78316,3.9
184.29,1.321,5.4022,3.9
184.3,1.321,6.25034,3.9
184.31,1.321,9.51719,3.9
184.32,1.321,5.73384,3.9
184.33,1.321,3.0662,3.9
184.34,1.321,23.0718,3.9
184.35,1.321,12.7387,3.9
184.36,1.321,7.02398,3.9
184.37,1.321,5.50189,3.9
184.38,1.321,4.95547,3.9
184.39,1.321,4.40904,3.9
184.4,1.321,,3.9
184.41,1.321,,3.9
184.42,1.321,,3.9
184.43,1.321,,3.9
184.44,1.321,,3.9
184.45,1.321,,3.9
184.46,1.321,,3.9
184.47,1.321,0.0376214,3.9
184.48,1.321,-0.508806,3.9
184.49,1.321,2.83873,3.9
184.5,1.321,10.7926,3.9
184.51,1.321,15.0408,3.9
184.52,1.321,6.75733,3.9
184.53,1.321,1.40233,3.9
184.54,1.321,13.0875,3.9
184.55,1.321,14.741,3.9
184.56,1.321,11.9862,3.9
184.57,1.321,11.4163,3.9
184.58,1.321,19.6473,3.9
184.59,1.321,11.484,3.9
184.6,1.321,5.95872,3.9
184.61,1.321,7.42203,3.9
184.62,1.321,10.067,3.9
184.63,1.321,11.4757,3.9
184.64,1.321,4.49659,3.9
184.65,1.321,12.4898,3.9
184.66,1.321,6.28287,3.9
184.67,1.321,19.1661,3.9
184.68,1.321,6.95071,3.9
184.69,1.321,0.226031,3.9
184.7,1.321,4.1217,3.9
184.71,1.321,4.52496,3.9
184.72,1.321,17.7947,3.9
184.73,1.321,7.99475,3.9
184.74,1.321,10.0843,3.9
184.75,1.321,9.76446,3.9
184.76,1.321,8.19525,3.9
184.77,1.321,7.06838,3.9
184.78,1.321,12.3807,3.9
184.79,1.321,10.7666,3.9
184.8,1.321,7.75265,3.9
184.81,1.321,8.129,3.9
184.82,1.321,6.33492,3.9
184.83,1.321,5.12787,3.9
184.84,1.321,4.3723,3.9
184.85,1.321,10.441,3.9
184.86,1.321,22.9368,3.9
184.87,1.321,11.6583,3.9
184.88,1.321,1.39707,3.9
184.89,1.321,6.00481,3.9
184.9,1.321,7.0229,3.9
184.91,1.321,-0.124052,3.9
184.92,1.321,4.43205,3.9
184.93,1.321,11.8576,3.9
184.94,1.321,15.1182,3.9
184.95,1.321,4.3723,3.9
184.96,1.321,7.35374,3.9
184.97,1.321,21.0067,3.9
184.98,1.321,23.2449,3.9
184.99,1.321,23.1101,3.9
185,1.321,15.822,3.9
185.01,1.321,3.63913,3.9
185.02,1.321,19.5976,3.9
185.03,1.321,13.2791,3.9
185.04,1.321,21.2175,3.9
185.05,1.321,14.499,3.9
185.06,1.321,1.96052,3.9
185.07,1.321,6.21936,3.9
185.08,1.321,1.67622,3.9
185.09,1.321,1.67622,3.9
185.1,1.321,1.67622,3.9
185.11,1.321,,3.9
185.12,1.321,,3.9
185.13,1.321,,3.9
185.14,1.321,,3.9
185.15,1.321,,3.9
185.16,1.31897,,3.9
185.17,1.31637,,3.9
185.18,1.31377,1.67622,3.9
185.19,1.31117,1.67622,3.9
185.2,1.30857,1.67622,3.9
185.21,1.30597,0.701513,3.9
185.22,1.30337,4.51077,3.9
185.23,1.30077,2.96027,3.9
185.24,1.29817,13.1522,3.9
185.25,1.29557,7.33944,3.9
185.26,1.29703,12.8723,3.9
185.27,1.29963,8.66575,3.9
185.28,1.30223,10.6316,3.9
185.29,1.30483,14.3551,3.9
185.3,1.30743,16.2099,3.9
185.31,1.31003,13.813,3.9
185.32,1.31263,10.579,3.9
185.33,1.31523,9.59703,3.9
185.34,1.31783,6.23174,3.9
185.35,1.32043,11.5907,3.9
185.36,1.321,9.82195,3.9
185.37,1.321,17.5802,3.9
185.38,1.321,13.9965,3.9
185.39,1.321,6.06154,3.9
185.4,1.321,10.5051,3.9
185.41,1.321,11.4833,3.9
185.42,1.321,5.63846,3.9
185.43,1.321,20.4794,3.9
185.44,1.321,0.764873,3.9
185.45,1.321,23.1716,3.9
185.46,1.321,14.6852,3.9
185.47,1.321,11.1883,3.9
185.48,1.321,2.71969,3.9
185.49,1.321,20.9715,3.9
185.5,1.321,11.4395,3.9
185.51,1.321,22.0822,3.9
185.52,1.321,21.7105,3.9
185.53,1.321,10.6547,3.9
185.54,1.321,11.6913,3.9
185.55,1.321,23.5243,3.9
185.56,1.321,1.71062,3.9
185.57,1.321,19.4233,3.9
185.58,1.321,20.5593,3.9
185.59,1.321,1.03246,3.9
185.6,1.321,16.7123,3.9
185.61,1.321,2.90224,3.9
185.62,1.321,1.67622,3.9
185.63,1.321,6.58915,3.9
185.64,1.321,13.7352,3.9
185.65,1.321,9.9596,3.9
185.66,1.321,9.76446,3.9
185.67,1.321,14.4226,3.9
185.68,1.321,8.52229,3.9
185.69,1.321,3.65582,3.9
185.7,1.321,15.9048,3.9
185.71,1.321,3.28003,3.9
185.72,1.321,3.66868,3.9
185.73,1.321,2.50565,3.9
185.74,1.321,12.5876,3.9
185.75,1.321,6.22207,3.9
185.76,1.321,6.29552,3.9
185.77,1.321,,3.9
185.78,1.321,,3.9
185.79,1.321,,3.9
185.8,1.321,,3.9
185.81,1.321,,3.9
185.82,1.321,,3.9
185.83,1.321,,3.9
185.84,1.321,,3.9
185.85,1.321,6.95652,3.9
185.86,1.31889,7.02996,3.9
185.87,1.31619,9.50212,3.9
185.88,1.31349,7.06852,3.9
185.89,1.31079,6.34534,3.9
185.9,1.30809,12.3071,3.9
185.91,1.30539,7.46975,3.9
185.92,1.30269,2.94177,3.9
185.93,1.29999,6.05374,3.9
185.94,1.29729,10.8216,3.9
185.95,1.29459,11.2278,3.9
185.96,1.29408,12.8205,3.9
185.97,1.29418,11.528,3.9
185.98,1.29428,9.70296,3.9
185.99,1.29438,14.8088,3.9
186,1.29448,3.23786,3.9
186.01,1.29458,17.3028,3.9
186.02,1.29468,-0.696459,3.9
186.03,1.29478,5.10102,3.9
186.04,1.29488,10.0298,3.9
186.05,1.29498,12.2428,3.9
186.06,1.295,16.2154,3.9
186.07,1.295,22.5064,3.9
186.08,1.295,14.7694,3.9
186.09,1.295,4.74576,3.9
186.1,1.295,-0.267319,3.9
186.11,1.295,14.7437,3.9
186.12,1.295,5.52459,3.9
186.13,1.295,8.78851,3.9
186.14,1.295,4.30999,3.9
186.15,1.295,9.10788,3.9
186.16,1.29703,22.123,3.9
186.17,1.29963,8.10864,3.9
186.18,1.30223,5.41234,3.9
186.19,1.30483,12.4976,3.9
186.2,1.30743,7.66874,3.9
186.21,1.31003,0.230301,3.9
186.22,1.31263,-0.416891,3.9
186.23,1.31523,3.20402,3.9
186.24,1.31783,6.11419,3.9
186.25,1.32043,14.7586,3.9
186.26,1.321,19.6948,3.9
186.27,1.321,16.113,3.9
186.28,1.321,7.88113,3.9
186.29,1.321,-1.01986,3.9
186.3,1.321,2.96094,3.9
186.31,1.321,21.1278,3.9
186.32,1.321,12.7666,3.9
186.33,1.321,20.0116,3.9
186.34,1.321,15.8065,3.9
186.35,1.321,19.3191,3.9
186.36,1.321,2.21284,3.9
186.37,1.321,5.55779,3.9
186.38,1.321,1.77326,3.9
186.39,1.321,16.5695,3.9
186.4,1.321,17.7882,3.9
186.41,1.321,12.8035,3.9
186.42,1.321,9.81345,3.9
186.43,1.321,25.3458,3.9
186.44,1.321,16.9985,3.9
186.45,1.321,14.0389,3.9
186.46,1.321,12.6874,3.9
186.47,1.321,,3.9
186.48,1.321,,3.9
186.49,1.321,,3.9
186.5,1.321,,3.9
186.51,1.321,,3.9
186.52,1.321,4.5785,3.9
186.53,1.321,3.22702,3.9
186.54,1.321,1.87554,3.9
186.55,1.321,10.3231,3.9
186.56,1.321,12.4605,3.9
186.57,1.321,5.86578,3.9
186.58,1.321,21.615,3.9
186.59,1.321,4.48187,3.9
186.6,1.321,6.1964,3.9
186.61,1.321,2.64041,3.9
186.62,1.321,9.56647,3.9
186.63,1.321,17.4719,3.9
186.64,1.321,19.5316,3.9
186.65,1.321,15.7926,3.9
186.66,1.321,6.98918,3.9
186.67,1.321,15.5414,3.9
186.68,1.321,12.4605,3.9
186.69,1.321,10.3411,3.9
186.7,1.321,7.06838,3.9
186.71,1.321,11.1914,3.9
186.72,1.321,18.3857,3.9
186.73,1.321,14.1633,3.9
186.74,1.321,15.5296,3.9
186.75,1.321,17.5779,3.9
186.76,1.321,15.8664,3.9
186.77,1.321,13.2728,3.9
186.78,1.321,1.67622,3.9
186.79,1.321,1.67622,3.9
186.8,1.321,8.40474,3.9
186.81,1.321,22.9268,3.9
186.82,1.321,2.31976,3.9
186.83,1.321,18.5869,3.9
186.84,1.321,4.95649,3.9
186.85,1.321,9.30418,3.9
186.86,1.31897,0.64803,3.9
186.87,1.31637,-1.01986,3.9
186.88,1.31377,3.3371,3.9
186.89,1.31117,11.4299,3.9
186.9,1.30857,4.37562,3.9
186.91,1.30597,-1.01986,3.9
186.92,1.30337,6.12349,3.9
186.93,1.30077,14.4251,3.9
186.94,1.29817,2.72741,3.9
186.95,1.29557,4.96072,3.9
186.96,1.29703,9.13354,3.9
186.97,1.29963,16.5013,3.9
186.98,1.30223,11.0465,3.9
186.99,1.30483,7.13439,3.9
187,1.30743,10.4679,3.9
187.01,1.31003,1.1216,3.9
187.02,1.31263,5.70301,3.9
187.03,1.31523,-1.01986,3.9
187.04,1.31783,-0.670127,3.9
187.05,1.32043,3.92231,3.9
187.06,1.321,10.3682,3.9
187.07,1.321,2.04938,3.9
187.08,1.321,4.4101,3.9
187.09,1.321,9.64799,3.9
187.1,1.321,17.4737,3.9
187.11,1.321,4.5651,3.9
187.12,1.321,4.72356,3.9
187.13,1.321,6.29699,3.9
187.14,1.321,1.71206,3.9
187.15,1.321,2.38245,3.9
187.16,1.321,3.05283,3.9
187.17,1.321,,3.9
187.18,1.321,,3.9
187.19,1.321,,3.9
187.2,1.321,,3.9
187.21,1.321,,3.9
187.22,1.321,,3.9
187.23,1.321,,3.9
187.24,1.321,8.41592,3.9
187.25,1.321,9.0863,3.9
187.26,1.321,9.75669,3.9
187.27,1.321,14.1299,3.9
187.28,1.321,12.6441,3.9
187.29,1.321,8.2704,3.9
187.3,1.321,16.4897,3.9
187.31,1.321,3.42808,3.9
187.32,1.321,6.64184,3.9
187.33,1.321,9.46464,3.9
187.34,1.321,7.11605,3.9
187.35,1.321,10.4096,3.9
187.36,1.321,11.6479,3.9
187.37,1.321,4.99434,3.9
187.38,1.321,15.519,3.9
187.39,1.321,7.82533,3.9
187.4,1.321,9.11407,3.9
187.41,1.321,1.67622,3.9
187.42,1.321,4.5091,3.9
187.43,1.321,3.20823,3.9
187.44,1.321,1.52456,3.9
187.45,1.321,14.7152,3.9
187.46,1.321,12.5188,3.9
187.47,1.321,18.203,3.9
187.48,1.321,16.4541,3.9
187.49,1.321,13.3807,3.9
187.5,1.321,-2.9533,3.9
187.51,1.321,1.256,3.9
187.52,1.321,11.9035,3.9
187.53,1.321,24.3107,3.9
187.54,1.321,15.4763,3.9
187.55,1.321,14.8825,3.9
187.56,1.321,13.5824,3.9
187.57,1.321,18.4821,3.9
187.58,1.321,1.68554,3.9
187.59,1.321,14.3326,3.9
187.6,1.321,2.45166,3.9
187.61,1.321,9.6774,3.9
187.62,1.321,0.951165,3.9
187.63,1.321,7.97105,3.9
187.64,1.321,9.5547,3.9
187.65,1.321,1.3526,3.9
187.66,1.31897,18.3651,3.9
187.67,1.31637,13.5376,3.9
187.68,1.31377,5.92876,3.9
187.69,1.31117,20.3217,3.9
187.7,1.30857,7.27961,3.9
187.71,1.30597,5.78556,3.9
187.72,1.30337,5.30334,3.9
187.73,1.30077,9.21894,3.9
187.74,1.29817,5.34252,3.9
187.75,1.29557,2.69024,3.9
187.76,1.29703,1.67622,3.9
187.77,1.29963,5.99752,3.9
187.78,1.30223,10.8627,3.9
187.79,1.30483,18.2574,3.9
187.8,1.30743,22.5772,3.9
187.81,1.31003,17.1135,3.9
187.82,1.31263,8.99654,3.9
187.83,1.31523,9.44823,3.9
187.84,1.31783,8.63338,3.9
187.85,1.32043,7.81852,3.9
187.86,1.31897,,3.9
187.87,1.31637,,3.9
187.88,1.31377,,3.9
187.89,1.31117,,3.9
187.9,1.30857,,3.9
187.91,1.30597,2.92942,3.9
187.92,1.30337,2.11457,3.9
187.93,1.30077,5.86806,3.9
187.94,1.29817,6.98523,3.9
187.95,1.29557,11.8361,3.9
187.96,1.29703,8.97182,3.9
187.97,1.29963,8.68109,3.9
187.98,1.30223,9.17836,3.9
187.99,1.30483,11.3866,3.9
188,1.30743,15.4439,3.9
188.01,1.31003,19.6864,3.9
188.02,1.31263,6.86003,3.9
188.03,1.31523,15.0056,3.9
188.04,1.31783,16.3623,3.9
188.05,1.32043,9.78503,3.9
188.06,1.321,19.0839,3.9
188.07,1.321,12.7932,3.9
188.08,1.321,9.76446,3.9
188.09,1.321,23.2449,3.9
188.1,1.321,22.2352,3.9
188.11,1.321,10.3069,3.9
188.12,1.321,6.42085,3.9
188.13,1.321,3.38792,3.9
188.14,1.321,19.5225,3.9
188.15,1.321,20.9672,3.9
188.16,1.321,4.21205,3.9
188.17,1.321,20.1019,3.9
188.18,1.321,4.46429,3.9
188.19,1.321,10.4938,3.9
188.2,1.321,7.97854,3.9
188.21,1.321,11.0775,3.9
188.22,1.321,1.83598,3.9
188.23,1.321,14.9155,3.9
188.24,1.321,22.5371,3.9
188.25,1.321,9.14379,3.9
188.26,1.321,9.7963,3.9
188.27,1.321,7.89906,3.9
188.28,1.321,1.0131,3.9
188.29,1.321,3.20176,3.9
188.3,1.321,15.1566,3.9
188.31,1.321,8.78848,3.9
188.32,1.321,17.0726,3.9
188.33,1.321,20.3226,3.9
188.34,1.321,19.3291,3.9
188.35,1.321,14.7647,3.9
188.36,1.31897,13.5459,3.9
188.37,1.31637,2.27063,3.9
188.38,1.31377,8.98101,3.9
188.39,1.31117,6.78752,3.9
188.4,1.30857,8.62109,3.9
188.41,1.30597,13.3627,3.9
188.42,1.30337,5.44709,3.9
188.43,1.30077,7.74628,3.9
188.44,1.29817,8.62339,3.9
188.45,1.29557,8.47152,3.9
188.46,1.29703,8.43749,3.9
188.47,1.29963,6.09177,3.9
188.48,1.30223,12.5059,3.9
188.49,1.30483,1.74443,3.9
188.5,1.30743,2.01012,3.9
188.51,1.31003,2.27581,3.9
188.52,1.31263,,3.9
188.53,1.31523,,3.9
188.54,1.31783,,3.9
188.55,1.32043,,3.9
188.56,1.321,,3.9
188.57,1.321,3.86992,3.9
188.58,1.321,4.13561,3.9
188.59,1.321,5.99131,3.9
188.6,1.321,17.6741,3.9
188.61,1.321,4.97779,3.9
188.62,1.321,2.3419,3.9
188.63,1.321,7.94828,3.9
188.64,1.321,-0.81011,3.9
188.65,1.321,1.67622,3.9
188.66,1.321,3.39229,3.9
188.67,1.321,6.5362,3.9
188.68,1.321,17.291,3.9
188.69,1.321,14.1451,3.9
188.7,1.321,3.78215,3.9
188.71,1.321,5.73676,3.9
188.72,1.321,2.9149,3.9
188.73,1.321,13.1598,3.9
188.74,1.321,7.72778,3.9
188.75,1.321,3.39572,3.9
188.76,1.321,13.1539,3.9
188.77,1.321,21.3317,3.9
188.78,1.321,7.06838,3.9
188.79,1.321,9.65281,3.9
188.8,1.321,7.31978,3.9
188.81,1.321,13.1811,3.9
188.82,1.321,14.4558,3.9
188.83,1.321,10.0073,3.9
188.84,1.321,7.06838,3.9
188.85,1.321,4.50715,3.9
188.86,1.321,19.4376,3.9
188.87,1.321,3.20005,3.9
188.88,1.321,12.4635,3.9
188.89,1.321,6.63425,3.9
188.9,1.321,0.318326,3.9
188.91,1.321,3.40261,3.9
188.92,1.321,-0.475743,3.9
188.93,1.321,4.3723,3.9
188.94,1.321,4.3723,3.9
188.95,1.321,2.02554,3.9
188.96,1.321,21.1083,3.9
188.97,1.321,8.31539,3.9
188.98,1.321,5.13846,3.9
188.99,1.321,21.086,3.9
189,1.321,23.2449,3.9
189.01,1.321,14.9972,3.9
189.02,1.321,7.77784,3.9
189.03,1.321,2.3156,3.9
189.04,1.321,10.0373,3.9
189.05,1.321,10.0129,3.9
189.06,1.31897,13.1946,3.9
189.07,1.31637,9.75816,3.9
189.08,1.31377,16.845,3.9
189.09,1.31117,21.5737,3.9
189.1,1.30857,9.1451,3.9
189.11,1.30597,8.89446,3.9
189.12,1.30337,2.15774,3.9
189.13,1.30077,-1.01986,3.9
189.14,1.29817,17.0781,3.9
189.15,1.29557,15.3047,3.9
189.16,1.29703,13.5312,3.9
189.17,1.29963,,3.9
189.18,1.30223,,3.9
189.19,1.30483,,3.9
189.2,1.30743,,3.9
189.21,1.31003,4.6638,3.9
189.22,1.31263,2.89032,3.9
189.23,1.31523,1.11684,3.9
189.24,1.31783,11.3345,3.9
189.25,1.32043,10.2397,3.9
189.26,1.31897,1.67622,3.9
189.27,1.31637,14.2867,3.9
189.28,1.31377,-1.01986,3.9
189.29,1.31117,6.54203,3.9
189.3,1.30857,20.5488,3.9
189.31,1.30597,9.98691,3.9
189.32,1.30337,18.5977,3.9
189.33,1.30077,16.1438,3.9
189.34,1.29817,23.2449,3.9
189.35,1.29557,3.0273,3.9
189.36,1.29703,3.6517,3.9
189.37,1.29963,22.6061,3.9
189.38,1.30223,13.8109,3.9
189.39,1.30483,12.4605,3.9
189.4,1.30743,16.1276,3.9
189.41,1.31003,4.40004,3.9
189.42,1.31263,6.18006,3.9
189.43,1.31523,2.60728,3.9
189.44,1.31783,3.85723,3.9
189.45,1.32043,0.467795,3.9
189.46,1.321,4.93203,3.9
189.47,1.321,6.22347,3.9
189.48,1.321,17.2519,3.9
189.49,1.321,16.1754,3.9
189.5,1.321,7.41626,3.9
189.51,1.321,7.63705,3.9
189.52,1.321,11.9337,3.9
189.53,1.321,2.02694,3.9
189.54,1.321,3.85477,3.9
189.55,1.321,7.65231,3.9
189.56,1.321,11.105,3.9
189.57,1.321,15.1817,3.9
189.58,1.321,1.67622,3.9
189.59,1.321,4.3723,3.9
189.6,1.321,6.34987,3.9
189.61,1.321,7.18854,3.9
189.62,1.321,2.66773,3.9
189.63,1.321,15.1827,3.9
189.64,1.321,3.04096,3.9
189.65,1.321,21.9297,3.9
189.66,1.321,4.32909,3.9
189.67,1.321,20.6733,3.9
189.68,1.321,1.83337,3.9
189.69,1.321,9.40362,3.9
189.7,1.321,13.4149,3.9
189.71,1.321,16.6591,3.9
189.72,1.321,19.5298,3.9
189.73,1.321,19.9204,3.9
189.74,1.321,-0.666505,3.9
189.75,1.321,21.8938,3.9
189.76,1.31889,3.37639,3.9
189.77,1.31619,6.63362,3.9
189.78,1.31349,1.96442,3.9
189.79,1.31079,4.127,3.9
189.8,1.30809,18.8803,3.9
189.81,1.30539,3.62376,3.9
189.82,1.30269,6.58453,3.9
189.83,1.29999,15.8224,3.9
189.84,1.29729,16.4923,3.9
189.85,1.29459,14.7672,3.9
189.86,1.29611,,3.9
189.87,1.29881,,3.9
189.88,1.30151,,3.9
189.89,1.30421,,3.9
189.9,1.30691,,3.9
189.91,1.30961,,3.9
189.92,1.31231,2.69122,3.9
189.93,1.31501,0.966089,3.9
189.94,1.31771,-0.759045,3.9
189.95,1.32041,2.60199,3.9
189.96,1.31897,12.1587,3.9
189.97,1.31637,11.7632,3.9
189.98,1.31377,3.85029,3.9
189.99,1.31117,1.91944,3.9
190,1.30857,7.12214,3.9
190.01,1.30597,12.9049,3.9
190.02,1.30337,7.48049,3.9
190.03,1.30077,0.0998604,3.9
190.04,1.29817,11.1435,3.9
190.05,1.29557,1.02536,3.9
190.06,1.29703,10.0413,3.9
190.07,1.29963,1.9726,3.9
190.08,1.30223,18.9799,3.9
190.09,1.30483,5.38664,3.9
190.1,1.30743,6.00174,3.9
190.11,1.31003,5.10679,3.9
190.12,1.31263,3.41825,3.9
190.13,1.31523,4.64847,3.9
190.14,1.31783,6.60009,3.9
190.15,1.32043,17.0195,3.9
190.16,1.31897,24.7145,3.9
190.17,1.31637,6.47627,3.9
190.18,1.31377,11.2297,3.9
190.19,1.31117,16.5471,3.9
190.2,1.30857,18.4464,3.9
190.21,1.30597,10.9118,3.9
190.22,1.30337,4.95891,3.9
190.23,1.30077,22.969,3.9
190.24,1.29817,18.7869,3.9
190.25,1.29557,6.33806,3.9
190.26,1.295,10.1326,3.9
190.27,1.295,16.0884,3.9
190.28,1.295,11.0752,3.9
190.29,1.295,12.3462,3.9
190.3,1.295,13.2573,3.9
190.31,1.295,6.15676,3.9
190.32,1.295,4.3723,3.9
190.33,1.295,8.79094,3.9
190.34,1.295,21.0358,3.9
190.35,1.295,13.1896,3.9
190.36,1.29703,13.0334,3.9
190.37,1.29963,11.7646,3.9
190.38,1.30223,6.58181,3.9
190.39,1.30483,11.5065,3.9
190.4,1.30743,12.6579,3.9
190.41,1.31003,8.65641,3.9
190.42,1.31263,9.85514,3.9
190.43,1.31523,16.9009,3.9
190.44,1.31783,5.62201,3.9
190.45,1.32043,0.932404,3.9
190.46,1.321,3.83063,3.9
190.47,1.321,18.1658,3.9
190.48,1.321,10.0049,3.9
190.49,1.321,6.38974,3.9
190.5,1.321,10.398,3.9
190.51,1.321,-1.01986,3.9
190.52,1.321,-0.581148,3.9
190.53,1.321,1.53975,3.9
190.54,1.321,3.66064,3.9
190.55,1.321,,3.9
190.56,1.321,,3.9
190.57,1.321,,3.9
190.58,1.321,,3.9
190.59,1.321,,3.9
190.6,1.321,16.386,3.9
190.61,1.321,18.5069,3.9
190.62,1.321,19.9047,3.9
190.63,1.321,4.31715,3.9
190.64,1.321,20.0594,3.9
190.65,1.321,12.1923,3.9
190.66,1.321,2.20223,3.9
190.67,1.321,7.04701,3.9
190.68,1.321,1.72878,3.9
190.69,1.321,4.05347,3.9
190.7,1.321,17.4662,3.9
190.71,1.321,1.93657,3.9
190.72,1.321,9.15381,3.9
190.73,1.321,3.92222,3.9
190.74,1.321,20.8886,3.9
190.75,1.321,14.524,3.9
190.76,1.31897,17.147,3.9
190.77,1.31637,13.3611,3.9
190.78,1.31377,10.6093,3.9
190.79,1.31117,6.11749,3.9
190.8,1.30857,13.2751,3.9
190.81,1.30597,11.2888,3.9
190.82,1.30337,15.1566,3.9
190.83,1.30077,12.4785,3.9
190.84,1.29817,5.60516,3.9
190.85,1.29557,3.75678,3.9
190.86,1.29703,7.9109,3.9
190.87,1.29963,5.64172,3.9
190.88,1.30223,8.31501,3.9
190.89,1.30483,13.3949,3.9
190.9,1.30743,11.07,3.9
190.91,1.31003,0.526147,3.9
190.92,1.31263,13.2429,3.9
190.93,1.31523,12.331,3.9
190.94,1.31783,4.27083,3.9
190.95,1.32043,5.58466,3.9
190.96,1.321,16.8456,3.9
190.97,1.321,1.67622,3.9
190.98,1.321,-2.77072,3.9
190.99,1.321,20.9277,3.9
191,1.321,19.4004,3.9
191.01,1.321,7.93745,3.9
191.02,1.321,13.3568,3.9
191.03,1.321,2.32866,3.9
191.04,1.321,0.494049,3.9
191.05,1.321,2.61693,3.9
191.06,1.321,4.09265,3.9
191.07,1.321,22.0068,3.9
191.08,1.321,12.0381,3.9
191.09,1.321,2.94727,3.9
191.1,1.321,1.67622,3.9
191.11,1.321,1.67622,3.9
191.12,1.321,1.67622,3.9
191.13,1.321,12.2455,3.9
191.14,1.321,12.3495,3.9
191.15,1.321,7.06838,3.9
191.16,1.321,5.04907,3.9
191.17,1.321,4.23384,3.9
191.18,1.321,0.167849,3.9
191.19,1.321,8.93758,3.9
191.2,1.321,17.8527,3.9
191.21,1.321,15.8467,3.9
191.22,1.321,19.8152,3.9
191.23,1.321,18.1379,3.9
191.24,1.321,16.4607,3.9
191.25,1.321,,3.9
191.26,1.321,,3.9
191.27,1.321,,3.9
191.28,1.321,,3.9
191.29,1.321,,3.9
191.3,1.321,,3.9
191.31,1.321,4.71985,3.9
191.32,1.321,3.04259,3.9
191.33,1.321,1.86872,3.9
191.34,1.321,2.90731,3.9
191.35,1.321,16.8029,3.9
191.36,1.321,0.763519,3.9
191.37,1.321,6.05496,3.9
191.38,1.321,16.2593,3.9
191.39,1.321,5.42196,3.9
191.4,1.321,14.5862,3.9
191.41,1.321,3.68847,3.9
191.42,1.321,2.63603,3.9
191.43,1.321,7.62733,3.9
191.44,1.321,20.7105,3.9
191.45,1.321,12.4488,3.9
191.46,1.321,3.5664,3.9
191.47,1.321,12.0722,3.9
191.48,1.321,3.56601,3.9
191.49,1.321,13.8713,3.9
191.5,1.321,3.96326,3.9
191.51,1.321,7.51451,3.9
191.52,1.321,12.7981,3.9
191.53,1.321,3.51685,3.9
191.54,1.321,7.84992,3.9
191.55,1.321,17.8527,3.9
191.56,1.321,18.6771,3.9
191.57,1.321,7.04094,3.9
191.58,1.321,11.5788,3.9
191.59,1.321,1.67622,3.9
191.6,1.321,2.06751,3.9
191.61,1.321,3.31167,3.9
191.62,1.321,17.0467,3.9
191.63,1.321,-0.535282,3.9
191.64,1.321,13.1027,3.9
191.65,1.321,10.3884,3.9
191.66,1.31897,12.2304,3.9
191.67,1.31637,10.078,3.9
191.68,1.31377,12.6926,3.9
191.69,1.31117,17.3487,3.9
191.7,1.30857,9.62043,3.9
191.71,1.30597,19.5873,3.9
191.72,1.30337,15.6307,3.9
191.73,1.30077,12.3345,3.9
191.74,1.29817,0.352624,3.9
191.75,1.29557,4.8432,3.9
191.76,1.295,14.7812,3.9
191.77,1.295,11.1901,3.9
191.78,1.295,9.20869,3.9
191.79,1.295,9.48575,3.9
191.8,1.295,12.0232,3.9
191.81,1.295,11.8486,3.9
191.82,1.295,13.6749,3.9
191.83,1.295,12.4605,3.9
191.84,1.295,11.9445,3.9
191.85,1.295,11.2629,3.9
191.86,1.29703,,3.9
191.87,1.29963,,3.9
191.88,1.30223,,3.9
191.89,1.30483,,3.9
191.9,1.30743,,3.9
191.91,1.31003,,3.9
191.92,1.31263,,3.9
191.93,1.31523,,3.9
191.94,1.31783,5.12884,3.9
191.95,1.32043,4.44727,3.9
191.96,1.321,3.76571,3.9
191.97,1.321,6.30077,3.9
191.98,1.321,7.66239,3.9
191.99,1.321,16.7635,3.9
192,1.321,3.10306,3.9
192.01,1.321,21.2854,3.9
192.02,1.321,5.67127,3.9
192.03,1.321,6.94237,3.9
192.04,1.321,9.73514,3.9
192.05,1.321,14.8451,3.9
192.06,1.321,11.9893,3.9
192.07,1.321,4.3723,3.9
192.08,1.321,4.64884,3.9
192.09,1.321,6.91992,3.9
192.1,1.321,11.5666,3.9
192.11,1.321,8.26012,3.9
192.12,1.321,2.11275,3.9
192.13,1.321,9.76449,3.9
192.14,1.321,10.7919,3.9
192.15,1.321,14.6411,3.9
192.16,1.321,11.764,3.9
192.17,1.321,3.86866,3.9
192.18,1.321,6.49423,3.9
192.19,1.321,2.33449,3.9
192.2,1.321,3.6703,3.9
192.21,1.321,4.3723,3.9
192.22,1.321,16.0584,3.9
192.23,1.321,19.4346,3.9
192.24,1.321,10.9341,3.9
192.25,1.321,7.23371,3.9
192.26,1.321,4.17323,3.9
192.27,1.321,1.67622,3.9
192.28,1.321,1.67622,3.9
192.29,1.321,2.13882,3.9
192.3,1.321,3.35191,3.9
192.31,1.321,8.39246,3.9
192.32,1.321,16.5145,3.9
192.33,1.321,5.01618,3.9
192.34,1.321,7.07583,3.9
192.35,1.321,17.3936,3.9
192.36,1.31897,7.44375,3.9
192.37,1.31637,10.458,3.9
192.38,1.31377,6.81887,3.9
192.39,1.31117,0.602231,3.9
192.4,1.30857,8.77937,3.9
192.41,1.30597,9.67992,3.9
192.42,1.30337,3.655,3.9
192.43,1.30077,5.36272,3.9
192.44,1.29817,9.46089,3.9
192.45,1.29557,7.82526,3.9
192.46,1.29703,22.5762,3.9
192.47,1.29963,12.3091,3.9
192.48,1.30223,10.7107,3.9
192.49,1.30483,9.11236,3.9
192.5,1.30743,,3.9
192.51,1.31003,,3.9
192.52,1.31263,,3.9
192.53,1.31523,,3.9
192.54,1.31783,,3.9
192.55,1.32043,-0.477865,3.9
192.56,1.31895,-2.07624,3.9
192.57,1.31632,-3.67461,3.9
192.58,1.3137,7.74551,3.9
192.59,1.31107,9.62118,3.9
192.6,1.30844,9.76446,3.9
192.61,1.30582,7.29475,3.9
192.62,1.30319,7.06838,3.9
192.63,1.30057,20.702,3.9
192.64,1.29794,5.7777,3.9
192.65,1.29531,-0.226416,3.9
192.66,1.29727,4.83046,3.9
192.67,1.29984,2.24494,3.9
192.68,1.30242,3.97131,3.9
192.69,1.30499,2.07159,3.9
192.7,1.30756,9.89927,3.9
192.71,1.31014,21.0873,3.9
192.72,1.31271,9.65164,3.9
192.73,1.31529,10.4031,3.9
192.74,1.31786,20.7876,3.9
192.75,1.32044,4.68005,3.9
192.76,1.31889,15.3815,3.9
192.77,1.31619,12.2359,3.9
192.78,1.31349,5.73778,3.9
192.79,1.31079,1.67622,3.9
192.8,1.30809,14.3748,3.9
192.81,1.30539,14.2499,3.9
192.82,1.30269,8.63032,3.9
192.83,1.29999,5.98745,3.9
192.84,1.29729,6.31791,3.9
192.85,1.29459,18.3929,3.9
192.86,1.29408,3.76274,3.9
192.87,1.29418,8.92691,3.9
192.88,1.29428,11.2914,3.9
192.89,1.29438,11.9446,3.9
192.9,1.29448,5.1689,3.9
192.91,1.29458,6.16867,3.9
192.92,1.29468,3.45589,3.9
192.93,1.29478,6.69889,3.9
192.94,1.29488,14.1975,3.9
192.95,1.29498,19.1718,3.9
192.96,1.29703,0.660374,3.9
192.97,1.29963,6.70445,3.9
192.98,1.30223,22.3113,3.9
192.99,1.30483,18.3085,3.9
193,1.30743,16.2999,3.9
193.01,1.31003,1.67622,3.9
193.02,1.31263,-0.0784506,3.9
193.03,1.31523,15.4169,3.9
193.04,1.31783,0.725795,3.9
193.05,1.32043,21.7923,3.9
193.06,1.321,17.6737,3.9
193.07,1.321,1.99769,3.9
193.08,1.321,11.3595,3.9
193.09,1.321,6.4406,3.9
193.1,1.321,1.62354,3.9
193.11,1.321,11.1907,3.9
193.12,1.321,-0.549528,3.9
193.13,1.321,12.0337,3.9
193.14,1.321,11.1885,3.9
193.15,1.321,,3.9
193.16,1.31897,,3.9
193.17,1.31637,,3.9
193.18,1.31377,,3.9
193.19,1.31117,,3.9
193.2,1.30857,6.11731,3.9
193.21,1.30597,5.27211,3.9
193.22,1.30337,4.42691,3.9
193.23,1.30077,1.84916,3.9
193.24,1.29817,19.3006,3.9
193.25,1.29557,10.5051,3.9
193.26,1.29703,8.84482,3.9
193.27,1.29963,2.83928,3.9
193.28,1.30223,2.70771,3.9
193.29,1.30483,4.10821,3.9
193.3,1.30743,19.1546,3.9
193.31,1.31003,19.0931,3.9
193.32,1.31263,20.8947,3.9
193.33,1.31523,22.8748,3.9
193.34,1.31783,-1.01986,3.9
193.35,1.32043,2.28327,3.9
193.36,1.321,11.9614,3.9
193.37,1.321,12.9041,3.9
193.38,1.321,-0.169325,3.9
193.39,1.321,3.29032,3.9
193.4,1.321,-0.288724,3.9
193.41,1.321,11.3761,3.9
193.42,1.321,18.893,3.9
193.43,1.321,11.594,3.9
193.44,1.321,11.0174,3.9
193.45,1.321,1.94461,3.9
193.46,1.321,16.1655,3.9
193.47,1.321,3.74128,3.9
193.48,1.321,3.73066,3.9
193.49,1.321,4.29733,3.9
193.5,1.321,1.94209,3.9
193.51,1.321,20.7441,3.9
193.52,1.321,9.37256,3.9
193.53,1.321,3.58561,3.9
193.54,1.321,8.77842,3.9
193.55,1.321,11.7233,3.9
193.56,1.321,5.86745,3.9
193.57,1.321,4.55929,3.9
193.58,1.321,1.67622,3.9
193.59,1.321,8.05754,3.9
193.6,1.321,7.81348,3.9
193.61,1.321,1.6985,3.9
193.62,1.321,0.777998,3.9
193.63,1.321,15.5343,3.9
193.64,1.321,9.95042,3.9
193.65,1.321,19.0114,3.9
193.66,1.321,14.84,3.9
193.67,1.321,12.3696,3.9
193.68,1.321,13.2967,3.9
193.69,1.321,14.1284,3.9
193.7,1.321,17.5789,3.9
193.71,1.321,10.9384,3.9
193.72,1.321,17.8343,3.9
193.73,1.321,11.0818,3.9
193.74,1.321,7.56779,3.9
193.75,1.321,16.55,3.9
193.76,1.321,-0.110241,3.9
193.77,1.321,1.42298,3.9
193.78,1.321,3.72116,3.9
193.79,1.321,0.133389,3.9
193.8,1.321,13.3062,3.9
193.81,1.321,17.8527,3.9
193.82,1.321,17.8527,3.9
193.83,1.321,17.8527,3.9
193.84,1.321,,3.9
193.85,1.321,,3.9
193.86,1.321,,3.9
193.87,1.321,,3.9
193.88,1.321,,3.9
193.89,1.321,,3.9
193.9,1.321,,3.9
193.91,1.321,,3.9
193.92,1.321,17.8527,3.9
193.93,1.321,17.8527,3.9
193.94,1.321,14.996,3.9
193.95,1.321,-0.506777,3.9
193.96,1.321,22.929,3.9
193.97,1.321,0.408222,3.9
193.98,1.321,15.8488,3.9
193.99,1.321,12.7981,3.9
194,1.321,8.99755,3.9
194.01,1.321,15.1759,3.9
194.02,1.321,17.7387,3.9
194.03,1.321,22.2086,3.9
194.04,1.321,15.8252,3.9
194.05,1.321,4.87243,3.9
194.06,1.321,2.62326,3.9
194.07,1.321,2.40111,3.9
194.08,1.321,18.6121,3.9
194.09,1.321,23.2908,3.9
194.1,1.321,5.85878,3.9
194.11,1.321,4.67933,3.9
194.12,1.321,7.0723,3.9
194.13,1.321,3.39708,3.9
194.14,1.321,15.6658,3.9
194.15,1.321,-0.185572,3.9
194.16,1.31897,1.58141,3.9
194.17,1.31637,17.219,3.9
194.18,1.31377,8.99324,3.9
194.19,1.31117,10.6677,3.9
194.2,1.30857,1.67622,3.9
194.21,1.30597,7.09296,3.9
194.22,1.30337,5.71442,3.9
194.23,1.30077,7.12839,3.9
194.24,1.29817,17.5048,3.9
194.25,1.29557,2.98479,3.9
194.26,1.29703,5.25459,3.9
194.27,1.29963,10.162,3.9
194.28,1.30223,5.44269,3.9
194.29,1.30483,3.70232,3.9
194.3,1.30743,4.12173,3.9
194.31,1.31003,11.3076,3.9
194.32,1.31263,-0.105077,3.9
194.33,1.31523,9.137,3.9
194.34,1.31783,9.76446,3.9
194.35,1.32043,7.26875,3.9
194.36,1.31897,3.01918,3.9
194.37,1.31637,13.2929,3.9
194.38,1.31377,8.02246,3.9
194.39,1.31117,10.8644,3.9
194.4,1.30857,9.74845,3.9
194.41,1.30597,11.1046,3.9
194.42,1.30337,9.47409,3.9
194.43,1.30077,8.59344,3.9
194.44,1.29817,15.9652,3.9
194.45,1.29557,12.0473,3.9
194.46,1.29703,2.56433,3.9
194.47,1.29963,5.55863,3.9
194.48,1.30223,8.01049,3.9
194.49,1.30483,8.42717,3.9
194.5,1.30743,4.58144,3.9
194.51,1.31003,10.3388,3.9
194.52,1.31263,1.70215,3.9
194.53,1.31523,5.91821,3.9
194.54,1.31783,7.04827,3.9
194.55,1.32043,8.17834,3.9
194.56,1.321,,3.9
194.57,1.321,,3.9
194.58,1.321,,3.9
194.59,1.321,,3.9
194.6,1.321,,3.9
194.61,1.321,,3.9
194.62,1.321,,3.9
194.63,1.321,,3.9
194.64,1.321,18.3489,3.9
194.65,1.321,19.479,3.9
194.66,1.321,20.2618,3.9
194.67,1.321,15.0209,3.9
194.68,1.321,11.9847,3.9
194.69,1.321,0.355069,3.9
194.7,1.321,13.3558,3.9
194.71,1.321,16.47,3.9
194.72,1.321,6.38945,3.9
194.73,1.321,8.41373,3.9
194.74,1.321,10.6163,3.9
194.75,1.321,1.89598,3.9
194.76,1.321,8.95779,3.9
194.77,1.321,20.0385,3.9
194.78,1.321,2.97002,3.9
194.79,1.321,13.1568,3.9
194.8,1.321,10.6844,3.9
194.81,1.321,17.5005,3.9
194.82,1.321,16.317,3.9
194.83,1.321,15.2955,3.9
194.84,1.321,5.98862,3.9
194.85,1.321,8.27053,3.9
194.86,1.31889,8.84478,3.9
194.87,1.31619,12.4246,3.9
194.88,1.31349,18.7813,3.9
194.89,1.31079,13.3276,3.9
194.9,1.30809,6.51255,3.9
194.91,1.30539,19.7211,3.9
194.92,1.30269,8.05378,3.9
194.93,1.29999,11.8581,3.9
194.94,1.29729,13.3794,3.9
194.95,1.29459,7.377,3.9
194.96,1.29408,10.6868,3.9
194.97,1.29418,-1.01986,3.9
194.98,1.29428,4.3532,3.9
194.99,1.29438,2.70958,3.9
195,1.29448,6.9895,3.9
195.01,1.29458,4.52016,3.9
195.02,1.29468,12.4034,3.9
195.03,1.29478,1.86489,3.9
195.04,1.29488,6.85405,3.9
195.05,1.29498,-0.107797,3.9
195.06,1.29703,19.2416,3.9
195.07,1.29963,7.63216,3.9
195.08,1.30223,4.8132,3.9
195.09,1.30483,6.27013,3.9
195.1,1.30743,15.5412,3.9
195.11,1.31003,11.2443,3.9
195.12,1.31263,10.6827,3.9
195.13,1.31523,10.6333,3.9
195.14,1.31783,3.21937,3.9
195.15,1.32043,18.033,3.9
195.16,1.321,7.08899,3.9
195.17,1.321,12.1913,3.9
195.18,1.321,17.0764,3.9
195.19,1.321,16.287,3.9
195.2,1.321,4.16024,3.9
195.21,1.321,3.67555,3.9
195.22,1.321,3.19086,3.9
195.23,1.321,,3.9
195.24,1.321,,3.9
195.25,1.321,,3.9
195.26,1.321,,3.9
195.27,1.321,,3.9
195.28,1.321,,3.9
195.29,1.321,-0.201953,3.9
195.3,1.321,-0.68664,3.9
195.31,1.321,7.06644,3.9
195.32,1.321,4.65896,3.9
195.33,1.321,9.93891,3.9
195.34,1.321,12.0931,3.9
195.35,1.321,17.9959,3.9
195.36,1.321,8.92484,3.9
195.37,1.321,9.64501,3.9
195.38,1.321,14.9589,3.9
195.39,1.321,-3.6953,3.9
195.4,1.321,10.3709,3.9
195.41,1.321,13.8072,3.9
195.42,1.321,1.96419,3.9
195.43,1.321,12.3016,3.9
195.44,1.321,13.7665,3.9
195.45,1.321,22.537,3.9
195.46,1.321,11.6073,3.9
195.47,1.321,20.2295,3.9
195.48,1.321,23.2449,3.9
195.49,1.321,19.818,3.9
195.5,1.321,9.38906,3.9
195.51,1.321,6.73,3.9
195.52,1.321,3.03411,3.9
195.53,1.321,7.65229,3.9
195.54,1.321,16.6366,3.9
195.55,1.321,10.9765,3.9
195.56,1.321,1.5128,3.9
195.57,1.321,12.9615,3.9
195.58,1.321,7.51053,3.9
195.59,1.321,10.0012,3.9
195.6,1.321,21.7278,3.9
195.61,1.321,20.5488,3.9
195.62,1.321,19.1706,3.9
195.63,1.321,10.3662,3.9
195.64,1.321,8.3315,3.9
195.65,1.321,9.76446,3.9
195.66,1.31897,10.001,3.9
195.67,1.31637,7.93968,3.9
195.68,1.31377,1.0962,3.9
195.69,1.31117,0.0709702,3.9
195.7,1.30857,16.9492,3.9
195.71,1.30597,17.4835,3.9
195.72,1.30337,0.632976,3.9
195.73,1.30077,11.7807,3.9
195.74,1.29817,7.06838,3.9
195.75,1.29557,5.59099,3.9
195.76,1.29492,1.40123,3.9
195.77,1.29482,-0.0841668,3.9
195.78,1.29472,11.6092,3.9
195.79,1.29462,2.04329,3.9
195.8,1.29452,1.58534,3.9
195.81,1.29442,-0.884315,3.9
195.82,1.29432,6.06981,3.9
195.83,1.29422,3.61604,3.9
195.84,1.29412,3.42308,3.9
195.85,1.29402,8.63833,3.9
195.86,1.29611,3.45702,3.9
195.87,1.29881,8.79199,3.9
195.88,1.30151,12.4605,3.9
195.89,1.30421,4.81971,3.9
195.9,1.30691,5.3183,3.9
195.91,1.30961,18.7702,3.9
195.92,1.31231,18.7197,3.9
195.93,1.31501,12.3891,3.9
195.94,1.31771,12.1953,3.9
195.95,1.32041,12.0015,3.9
195.96,1.321,,3.9
195.97,1.321,,3.9
195.98,1.321,,3.9
195.99,1.321,,3.9
196,1.321,,3.9
196.01,1.321,,3.9
196.02,1.321,,3.9
196.03,1.321,,3.9
196.04,1.321,,3.9
196.05,1.321,10.0637,3.9
196.06,1.321,9.86988,3.9
196.07,1.321,10.1724,3.9
196.08,1.321,10.3613,3.9
196.09,1.321,7.81321,3.9
196.1,1.321,4.53586,3.9
196.11,1.321,3.57492,3.9
196.12,1.321,6.55964,3.9
196.13,1.321,5.91165,3.9
196.14,1.321,4.9107,3.9
196.15,1.321,8.30168,3.9
196.16,1.321,2.82055,3.9
196.17,1.321,8.41642,3.9
196.18,1.321,7.15952,3.9
196.19,1.321,6.56218,3.9
196.2,1.321,12.6623,3.9
196.21,1.321,12.8982,3.9
196.22,1.321,10.0145,3.9
196.23,1.321,5.57488,3.9
196.24,1.321,19.7694,3.9
196.25,1.321,4.8386,3.9
196.26,1.321,15.9921,3.9
196.27,1.321,12.5659,3.9
196.28,1.321,17.6268,3.9
196.29,1.321,7.36428,3.9
196.3,1.321,4.65581,3.9
196.31,1.321,-0.565796,3.9
196.32,1.321,4.9801,3.9
196.33,1.321,2.84455,3.9
196.34,1.321,4.56073,3.9
196.35,1.321,20.4242,3.9
196.36,1.321,-0.210703,3.9
196.37,1.321,13.6193,3.9
196.38,1.321,19.8061,3.9
196.39,1.321,8.88941,3.9
196.4,1.321,2.4261,3.9
196.41,1.321,12.2541,3.9
196.42,1.321,9.54738,3.9
196.43,1.321,6.15829,3.9
196.44,1.321,4.3723,3.9
196.45,1.321,9.53534,3.9
196.46,1.31897,10.2497,3.9
196.47,1.31637,12.665,3.9
196.48,1.31377,13.5206,3.9
196.49,1.31117,4.35205,3.9
196.5,1.30857,4.25941,3.9
196.51,1.30597,7.60807,3.9
196.52,1.30337,9.99316,3.9
196.53,1.30077,11.1378,3.9
196.54,1.29817,16.8344,3.9
196.55,1.29557,3.34306,3.9
196.56,1.29703,14.9355,3.9
196.57,1.29963,3.80014,3.9
196.58,1.30223,2.15397,3.9
196.59,1.30483,4.99011,3.9
196.6,1.30743,7.65376,3.9
196.61,1.31003,11.8953,3.9
196.62,1.31263,15.4439,3.9
196.63,1.31523,17.7475,3.9
196.64,1.31783,16.1692,3.9
196.65,1.32043,14.5909,3.9
196.66,1.321,,3.9
196.67,1.321,,3.9
196.68,1.321,,3.9
196.69,1.321,,3.9
196.7,1.321,,3.9
196.71,1.321,5.12124,3.9
196.72,1.321,3.54296,3.9
196.73,1.321,1.96468,3.9
196.74,1.321,5.91109,3.9
196.75,1.321,13.5701,3.9
196.76,1.321,-1.0059,3.9
196.77,1.321,11.2915,3.9
196.78,1.321,2.6857,3.9
196.79,1.321,1.67622,3.9
196.8,1.321,9.00912,3.9
196.81,1.321,6.36882,3.9
196.82,1.321,4.75216,3.9
196.83,1.321,9.00397,3.9
196.84,1.321,8.22308,3.9
196.85,1.321,4.52421,3.9
196.86,1.321,7.03367,3.9
196.87,1.321,11.5394,3.9
196.88,1.321,7.23627,3.9
196.89,1.321,21.6094,3.9
196.9,1.321,8.70796,3.9
196.91,1.321,6.51456,3.9
196.92,1.321,-2.75235,3.9
196.93,1.321,12.7888,3.9
196.94,1.321,16.2314,3.9
196.95,1.321,7.42674,3.9
196.96,1.321,4.59821,3.9
196.97,1.321,-0.706619,3.9
196.98,1.321,1.28977,3.9
196.99,1.321,19.9501,3.9
197,1.321,7.99482,3.9
197.01,1.321,2.20081,3.9
197.02,1.321,-0.335787,3.9
197.03,1.321,0.620634,3.9
197.04,1.321,3.86555,3.9
197.05,1.321,15.7788,3.9
197.06,1.321,7.55528,3.9
197.07,1.321,9.99363,3.9
197.08,1.321,4.42804,3.9
197.09,1.321,2.66922,3.9
197.1,1.321,21.1402,3.9
197.11,1.321,6.57773,3.9
197.12,1.321,13.1773,3.9
197.13,1.321,17.8527,3.9
197.14,1.321,16.7888,3.9
197.15,1.321,10.5947,3.9
197.16,1.321,18.7414,3.9
197.17,1.321,8.74743,3.9
197.18,1.321,10.0325,3.9
197.19,1.321,9.25087,3.9
197.2,1.321,18.1334,3.9
197.21,1.321,11.5121,3.9
197.22,1.321,7.96184,3.9
197.23,1.321,14.0948,3.9
197.24,1.321,19.8961,3.9
197.25,1.321,15.1566,3.9
197.26,1.31897,15.1566,3.9
197.27,1.31637,20.5488,3.9
197.28,1.31377,15.2381,3.9
197.29,1.31117,3.05199,3.9
197.3,1.30857,4.27485,3.9
197.31,1.30597,1.9756,3.9
197.32,1.30337,11.3392,3.9
197.33,1.30077,15.4775,3.9
197.34,1.29817,15.9691,3.9
197.35,1.29557,,3.9
197.36,1.295,,3.9
197.37,1.295,,3.9
197.38,1.295,,3.9
197.39,1.295,,3.9
197.4,1.295,,3.9
197.41,1.295,19.4103,3.9
197.42,1.295,19.9019,3.9
197.43,1.295,20.3935,3.9
197.44,1.295,20.5488,3.9
197.45,1.295,5.29772,3.9
197.46,1.29703,18.3453,3.9
197.47,1.29963,18.744,3.9
197.48,1.30223,4.02487,3.9
197.49,1.30483,13.864,3.9
197.5,1.30743,13.4739,3.9
197.51,1.31003,9.76446,3.9
197.52,1.31263,16.6751,3.9
197.53,1.31523,16.2731,3.9
197.54,1.31783,1.91205,3.9
197.55,1.32043,1.02586,3.9
197.56,1.321,4.81095,3.9
197.57,1.321,11.4709,3.9
197.58,1.321,17.7143,3.9
197.59,1.321,25.3671,3.9
197.6,1.321,23.4582,3.9
197.61,1.321,0.133656,3.9
197.62,1.321,-0.0811571,3.9
197.63,1.321,-0.701476,3.9
197.64,1.321,4.1811,3.9
197.65,1.321,2.93354,3.9
197.66,1.31897,8.92464,3.9
197.67,1.31637,20.6067,3.9
197.68,1.31377,13.8656,3.9
197.69,1.31117,14.9112,3.9
197.7,1.30857,1.09717,3.9
197.71,1.30597,19.4474,3.9
197.72,1.30337,11.2251,3.9
197.73,1.30077,5.61909,3.9
197.74,1.29817,20.8126,3.9
197.75,1.29557,15.5352,3.9
197.76,1.29703,10.4877,3.9
197.77,1.29963,0.198208,3.9
197.78,1.30223,7.49133,3.9
197.79,1.30483,8.1291,3.9
197.8,1.30743,11.5218,3.9
197.81,1.31003,11.6146,3.9
197.82,1.31263,2.06148,3.9
197.83,1.31523,2.96637,3.9
197.84,1.31783,14.3058,3.9
197.85,1.32043,22.7829,3.9
197.86,1.321,4.82528,3.9
197.87,1.321,8.51441,3.9
197.88,1.321,4.01682,3.9
197.89,1.321,8.98638,3.9
197.9,1.321,5.12563,3.9
197.91,1.321,13.2078,3.9
197.92,1.321,5.13022,3.9
197.93,1.321,3.15411,3.9
197.94,1.321,17.7679,3.9
197.95,1.321,22.6825,3.9
197.96,1.31897,18.6539,3.9
197.97,1.31637,2.83505,3.9
197.98,1.31377,4.2056,3.9
197.99,1.31117,5.57616,3.9
198,1.30857,,3.9
198.01,1.30597,,3.9
198.02,1.30337,,3.9
198.03,1.30077,,3.9
198.04,1.29817,,3.9
198.05,1.29557,,3.9
198.06,1.295,,3.9
198.07,1.295,,3.9
198.08,1.295,17.9112,3.9
198.09,1.295,19.2817,3.9
198.1,1.295,19.734,3.9
198.11,1.295,9.76446,3.9
198.12,1.295,9.76446,3.9
198.13,1.295,9.76446,3.9
198.14,1.295,9.2392,3.9
198.15,1.295,1.67622,3.9
198.16,1.29703,1.67622,3.9
198.17,1.29963,13.6269,3.9
198.18,1.30223,23.1661,3.9
198.19,1.30483,14.5088,3.9
198.2,1.30743,4.78674,3.9
198.21,1.31003,21.4149,3.9
198.22,1.31263,4.15267,3.9
198.23,1.31523,4.04353,3.9
198.24,1.31783,15.0413,3.9
198.25,1.32043,12.3818,3.9
198.26,1.31897,7.637,3.9
198.27,1.31637,5.70895,3.9
198.28,1.31377,7.8023,3.9
198.29,1.31117,9.13959,3.9
198.3,1.30857,2.07316,3.9
198.31,1.30597,15.8115,3.9
198.32,1.30337,20.0277,3.9
198.33,1.30077,13.0802,3.9
198.34,1.29817,16.1318,3.9
198.35,1.29557,6.20865,3.9
198.36,1.29703,18.7773,3.9
198.37,1.29963,10.9941,3.9
198.38,1.30223,6.04146,3.9
198.39,1.30483,3.89888,3.9
198.4,1.30743,16.7424,3.9
198.41,1.31003,12.4605,3.9
198.42,1.31263,11.1802,3.9
198.43,1.31523,10.9668,3.9
198.44,1.31783,13.5092,3.9
198.45,1.32043,10.871,3.9
198.46,1.321,2.51919,3.9
198.47,1.321,1.54073,3.9
198.48,1.321,8.05464,3.9
198.49,1.321,5.05924,3.9
198.5,1.321,9.13828,3.9
198.51,1.321,4.60931,3.9
198.52,1.321,3.24533,3.9
198.53,1.321,4.17569,3.9
198.54,1.321,1.549,3.9
198.55,1.321,-0.768772,3.9
198.56,1.321,2.61914,3.9
198.57,1.321,11.5061,3.9
198.58,1.321,1.82922,3.9
198.59,1.321,0.494415,3.9
198.6,1.321,-0.769967,3.9
198.61,1.321,4.35852,3.9
198.62,1.321,4.59264,3.9
198.63,1.321,13.2172,3.9
198.64,1.321,6.14021,3.9
198.65,1.321,3.37335,3.9
198.66,1.31897,-0.684535,3.9
198.67,1.31637,6.63741,3.9
198.68,1.31377,15.1566,3.9
198.69,1.31117,4.63953,3.9
198.7,1.30857,22.7151,3.9
198.71,1.30597,21.8137,3.9
198.72,1.30337,,3.9
198.73,1.30077,,3.9
198.74,1.29817,,3.9
198.75,1.29557,,3.9
198.76,1.29703,,3.9
198.77,1.29963,,3.9
198.78,1.30223,15.504,3.9
198.79,1.30483,14.6027,3.9
198.8,1.30743,13.7013,3.9
198.81,1.31003,11.216,3.9
198.82,1.31263,6.70959,3.9
198.83,1.31523,12.8521,3.9
198.84,1.31783,16.6397,3.9
198.85,1.32043,12.2973,3.9
198.86,1.31897,14.2325,3.9
198.87,1.31637,8.34533,3.9
198.88,1.31377,19.4667,3.9
198.89,1.31117,2.87627,3.9
198.9,1.30857,25.1838,3.9
198.91,1.30597,15.6165,3.9
198.92,1.30337,14.729,3.9
198.93,1.30077,24.8301,3.9
198.94,1.29817,15.4548,3.9
198.95,1.29557,20.0853,3.9
198.96,1.295,14.438,3.9
198.97,1.295,7.06838,3.9
198.98,1.295,22.57,3.9
198.99,1.295,8.67421,3.9
199,1.295,3.14011,3.9
199.01,1.295,7.51478,3.9
199.02,1.295,-0.168496,3.9
199.03,1.295,22.1801,3.9
199.04,1.295,13.607,3.9
199.05,1.295,19.6498,3.9
199.06,1.29492,19.8345,3.9
199.07,1.29482,15.3132,3.9
199.08,1.29472,15.838,3.9
199.09,1.29462,7.06881,3.9
199.1,1.29452,1.67622,3.9
199.11,1.29442,12.6611,3.9
199.12,1.29432,5.7185,3.9
199.13,1.29422,4.96546,3.9
199.14,1.29412,6.13206,3.9
199.15,1.29402,10.5214,3.9
199.16,1.29408,10.3289,3.9
199.17,1.29418,1.27636,3.9
199.18,1.29428,13.7254,3.9
199.19,1.29438,4.52242,3.9
199.2,1.29448,16.3699,3.9
199.21,1.29458,17.7618,3.9
199.22,1.29468,7.15401,3.9
199.23,1.29478,10.0251,3.9
199.24,1.29488,14.8812,3.9
199.25,1.29498,3.06164,3.9
199.26,1.29703,12.4605,3.9
199.27,1.29963,12.4605,3.9
199.28,1.30223,8.17953,3.9
199.29,1.30483,2.71786,3.9
199.3,1.30743,2.25883,3.9
199.31,1.31003,5.32953,3.9
199.32,1.31263,18.2933,3.9
199.33,1.31523,19.012,3.9
199.34,1.31783,7.29798,3.9
199.35,1.32043,-0.21953,3.9
199.36,1.321,1.84084,3.9
199.37,1.321,3.90121,3.9
199.38,1.321,,3.9
199.39,1.321,,3.9
199.4,1.321,,3.9
199.41,1.321,,3.9
199.42,1.321,,3.9
199.43,1.321,,3.9
199.44,1.321,,3.9
199.45,1.321,20.3842,3.9
199.46,1.321,22.4445,3.9
199.47,1.321,24.5049,3.9
199.48,1.321,13.9884,3.9
199.49,1.321,12.2129,3.9
199.5,1.321,9.8601,3.9
199.51,1.321,3.08122,3.9
199.52,1.321,17.3967,3.9
199.53,1.321,1.67622,3.9
199.54,1.321,6.0093,3.9
199.55,1.321,15.8802,3.9
199.56,1.321,0.225482,3.9
199.57,1.321,8.77184,3.9
199.58,1.321,12.1533,3.9
199.59,1.321,5.24168,3.9
199.6,1.321,13.2082,3.9
199.61,1.321,14.0342,3.9
199.62,1.321,14.8385,3.9
199.63,1.321,4.84101,3.9
199.64,1.321,10.4382,3.9
199.65,1.321,4.2665,3.9
199.66,1.321,-2.91574,3.9
199.67,1.321,14.5539,3.9
199.68,1.321,22.1567,3.9
199.69,1.321,22.4771,3.9
199.7,1.321,12.8356,3.9
199.71,1.321,8.61022,3.9
199.72,1.321,12.3244,3.9
199.73,1.321,7.06335,3.9
199.74,1.321,14.551,3.9
199.75,1.321,10.4937,3.9
199.76,1.321,6.1113,3.9
199.77,1.321,10.8467,3.9
199.78,1.321,2.18866,3.9
199.79,1.321,9.34109,3.9
199.8,1.321,17.2089,3.9
199.81,1.321,5.49343,3.9
199.82,1.321,6.54756,3.9
199.83,1.321,3.30079,3.9
199.84,1.321,10.7086,3.9
199.85,1.321,-0.741299,3.9
199.86,1.321,4.57258,3.9
199.87,1.321,17.5782,3.9
199.88,1.321,13.9943,3.9
199.89,1.321,14.2492,3.9
199.9,1.321,2.97369,3.9
199.91,1.321,5.63856,3.9
199.92,1.321,7.1978,3.9
199.93,1.321,13.3956,3.9
199.94,1.321,19.7356,3.9
199.95,1.321,6.94985,3.9
199.96,1.321,2.82559,3.9
199.97,1.321,12.1148,3.9
199.98,1.321,0.329883,3.9
199.99,1.321,8.35328,3.9
200,1.321,12.2934,3.9
200.01,1.321,12.4605,3.9
200.02,1.321,2.43049,3.9
200.03,1.321,7.9262,3.9
200.04,1.321,7.94063,3.9
200.05,1.321,2.87716,3.9
200.06,1.321,18.3917,3.9
200.07,1.321,15.8348,3.9
200.08,1.321,10.6291,3.9
200.09,1.321,3.79456,3.9
200.1,1.321,8.15379,3.9
200.11,1.321,7.76483,3.9
200.12,1.321,,3.9
200.13,1.321,,3.9
200.14,1.321,,3.9
200.15,1.321,,3.9
200.16,1.321,,3.9
200.17,1.321,,3.9
200.18,1.321,,3.9
200.19,1.321,,3.9
200.2,1.321,,3.9
200.21,1.321,,3.9
200.22,1.321,,3.9
200.23,1.321,,3.9
200.24,1.321,,3.9
200.25,1.321,2.31937,3.9
200.26,1.31889,1.93041,3.9
200.27,1.31619,8.27657,3.9
200.28,1.31349,18.7836,3.9
200.29,1.31079,20.529,3.9
200.3,1.30809,13.3895,3.9
200.31,1.30539,11.4091,3.9
200.32,1.30269,14.9113,3.9
200.33,1.29999,12.9235,3.9
200.34,1.29729,10.1668,3.9
200.35,1.29459,13.6838,3.9
200.36,1.29408,8.25067,3.9
200.37,1.29418,21.1232,3.9
200.38,1.29428,8.07453,3.9
200.39,1.29438,4.98264,3.9
200.4,1.29448,2.01736,3.9
200.41,1.29458,14.0466,3.9
200.42,1.29468,17.4868,3.9
200.43,1.29478,9.76446,3.9
200.44,1.29488,-0.42459,3.9
200.45,1.29498,9.95571,3.9
200.46,1.295,7.45184,3.9
200.47,1.295,17.5192,3.9
200.48,1.295,0.635428,3.9
200.49,1.295,10.3637,3.9
200.5,1.295,8.15866,3.9
200.51,1.295,15.1471,3.9
200.52,1.295,15.2764,3.9
200.53,1.295,7.88502,3.9
200.54,1.295,2.44941,3.9
200.55,1.295,7.46114,3.9
200.56,1.29492,7.17903,3.9
200.57,1.29482,8.03206,3.9
200.58,1.29472,7.06838,3.9
200.59,1.29462,1.3959,3.9
200.6,1.29452,1.52489,3.9
200.61,1.29442,4.3723,3.9
200.62,1.29432,11.0851,3.9
200.63,1.29422,17.285,3.9
200.64,1.29412,7.3314,3.9
200.65,1.29402,4.3723,3.9
200.66,1.29611,10.6018,3.9
200.67,1.29881,17.2378,3.9
200.68,1.30151,6.31996,3.9
200.69,1.30421,3.31991,3.9
200.7,1.30691,4.83005,3.9
200.71,1.30961,5.07926,3.9
200.72,1.31231,12.1552,3.9
200.73,1.31501,10.3361,3.9
200.74,1.31771,1.81791,3.9
200.75,1.32041,5.24035,3.9
200.76,1.321,9.81472,3.9
200.77,1.321,4.68927,3.9
200.78,1.321,4.96916,3.9
200.79,1.321,5.60538,3.9
200.8,1.321,,3.9
200.81,1.321,,3.9
200.82,1.321,,3.9
200.83,1.321,,3.9
200.84,1.321,,3.9
200.85,1.321,,3.9
200.86,1.321,,3.9
200.87,1.321,,3.9
200.88,1.321,11.3313,3.9
200.89,1.321,11.9675,3.9
200.9,1.321,11.283,3.9
200.91,1.321,6.54541,3.9
200.92,1.321,12.4707,3.9
200.93,1.321,12.1044,3.9
200.94,1.321,8.86648,3.9
200.95,1.321,1.98314,3.9
200.96,1.321,11.4301,3.9
200.97,1.321,18.5177,3.9
200.98,1.321,18.2792,3.9
200.99,1.321,12.0681,3.9
201,1.321,8.11437,3.9
201.01,1.321,9.20294,3.9
201.02,1.321,2.50249,3.9
201.03,1.321,14.5274,3.9
201.04,1.321,15.1566,3.9
201.05,1.321,13.9966,3.9
201.06,1.321,22.3374,3.9
201.07,1.321,1.67229,3.9
201.08,1.321,9.96696,3.9
201.09,1.321,18.738,3.9
201.1,1.321,23.2449,3.9
201.11,1.321,11.0924,3.9
201.12,1.321,5.34137,3.9
201.13,1.321,14.0235,3.9
201.14,1.321,12.0019,3.9
201.15,1.321,6.1393,3.9
201.16,1.321,11.4899,3.9
201.17,1.321,10.9541,3.9
201.18,1.321,11.4612,3.9
201.19,1.321,5.34502,3.9
201.2,1.321,3.71218,3.9
201.21,1.321,-0.473783,3.9
201.22,1.321,4.28829,3.9
201.23,1.321,6.61871,3.9
201.24,1.321,11.2275,3.9
201.25,1.321,15.292,3.9
201.26,1.31897,10.6156,3.9
201.27,1.31637,13.4822,3.9
201.28,1.31377,10.2944,3.9
201.29,1.31117,20.4761,3.9
201.3,1.30857,1.39865,3.9
201.31,1.30597,8.03674,3.9
201.32,1.30337,1.40873,3.9
201.33,1.30077,7.86402,3.9
201.34,1.29817,14.658,3.9
201.35,1.29557,22.9884,3.9
201.36,1.29703,18.6983,3.9
201.37,1.29963,0.903712,3.9
201.38,1.30223,4.95819,3.9
201.39,1.30483,5.69781,3.9
201.4,1.30743,,3.9
201.41,1.31003,,3.9
201.42,1.31263,,3.9
201.43,1.31523,,3.9
201.44,1.31783,,3.9
201.45,1.32043,,3.9
201.46,1.321,10.8751,3.9
201.47,1.321,11.6147,3.9
201.48,1.321,12.3544,3.9
201.49,1.321,13.5051,3.9
201.5,1.321,9.80068,3.9
201.51,1.321,7.32094,3.9
201.52,1.321,8.84195,3.9
201.53,1.321,9.76446,3.9
201.54,1.321,10.432,3.9
201.55,1.321,20.7996,3.9
201.56,1.321,20.4234,3.9
201.57,1.321,8.0682,3.9
201.58,1.321,3.3654,3.9
201.59,1.321,5.90024,3.9
201.6,1.321,3.34608,3.9
201.61,1.321,6.70716,3.9
201.62,1.321,3.37076,3.9
201.63,1.321,10.5012,3.9
201.64,1.321,3.38039,3.9
201.65,1.321,5.38369,3.9
201.66,1.321,9.96037,3.9
201.67,1.321,19.2537,3.9
201.68,1.321,3.45539,3.9
201.69,1.321,14.2913,3.9
201.7,1.321,21.7802,3.9
201.71,1.321,20.6376,3.9
201.72,1.321,0.903947,3.9
201.73,1.321,1.86599,3.9
201.74,1.321,18.7176,3.9
201.75,1.321,7.89028,3.9
201.76,1.321,7.06838,3.9
201.77,1.321,4.4418,3.9
201.78,1.321,1.67622,3.9
201.79,1.321,11.1987,3.9
201.8,1.321,5.42467,3.9
201.81,1.321,12.7798,3.9
201.82,1.321,11.1536,3.9
201.83,1.321,1.2989,3.9
201.84,1.321,-1.97729,3.9
201.85,1.321,9.38225,3.9
201.86,1.321,8.37071,3.9
201.87,1.321,1.67622,3.9
201.88,1.321,4.48256,3.9
201.89,1.321,4.48224,3.9
201.9,1.321,5.13877,3.9
201.91,1.321,0.250845,3.9
201.92,1.321,-0.584585,3.9
201.93,1.321,4.39186,3.9
201.94,1.321,17.5713,3.9
201.95,1.321,4.3723,3.9
201.96,1.321,12.78,3.9
201.97,1.321,13.4043,3.9
201.98,1.321,1.15967,3.9
201.99,1.321,-1.01986,3.9
202,1.321,19.8957,3.9
202.01,1.321,12.4588,3.9
202.02,1.321,8.25671,3.9
202.03,1.321,7.06838,3.9
202.04,1.321,7.06838,3.9
202.05,1.321,7.13981,3.9
202.06,1.321,11.1937,3.9
202.07,1.321,8.80155,3.9
202.08,1.321,10.5116,3.9
202.09,1.321,5.77086,3.9
202.1,1.321,4.53361,3.9
202.11,1.321,3.66402,3.9
202.12,1.321,0.446378,3.9
202.13,1.321,14.3472,3.9
202.14,1.321,8.77989,3.9
202.15,1.321,1.86794,3.9
202.16,1.321,4.06386,3.9
202.17,1.321,12.4605,3.9
202.18,1.321,12.6742,3.9
202.19,1.321,14.3549,3.9
202.2,1.321,22.0755,3.9
202.21,1.321,16.6974,3.9
202.22,1.321,12.9412,3.9
202.23,1.321,13.3142,3.9
202.24,1.321,5.28396,3.9
202.25,1.321,1.67622,3.9
202.26,1.321,12.4605,3.9
202.27,1.321,12.4605,3.9
202.28,1.321,8.9899,3.9
202.29,1.321,2.89489,3.9
202.3,1.321,3.76914,3.9
202.31,1.321,4.34869,3.9
202.32,1.321,6.98466,3.9
202.33,1.321,19.7231,3.9
202.34,1.321,12.7882,3.9
202.35,1.321,9.76446,3.9
202.36,1.321,10.3678,3.9
202.37,1.321,10.0118,3.9
202.38,1.321,18.3401,3.9
202.39,1.321,10.0778,3.9
202.4,1.321,1.53795,3.9
202.41,1.321,9.09567,3.9
202.42,1.321,22.0901,3.9
202.43,1.321,2.93681,3.9
202.44,1.321,2.63018,3.9
202.45,1.321,6.52579,3.9
202.46,1.321,4.00735,3.9
202.47,1.321,4.09499,3.9
202.48,1.321,1.78833,3.9
202.49,1.321,3.72728,3.9
202.5,1.321,2.57297,3.9
202.51,1.321,3.47714,3.9
202.52,1.321,15.7498,3.9
202.53,1.321,10.8901,3.9
202.54,1.321,10.9569,3.9
202.55,1.321,19.3683,3.9
202.56,1.31897,7.48081,3.9
202.57,1.31637,14.9573,3.9
202.58,1.31377,9.14585,3.9
202.59,1.31117,2.49556,3.9
202.6,1.30857,10.0593,3.9
202.61,1.30597,10.7874,3.9
202.62,1.30337,1.67622,3.9
202.63,1.30077,1.67622,3.9
202.64,1.29817,9.35054,3.9
202.65,1.29557,-0.790813,3.9
202.66,1.29703,4.95847,3.9
202.67,1.29963,13.4048,3.9
202.68,1.30223,4.88766,3.9
202.69,1.30483,10.991,3.9
202.7,1.30743,4.30586,3.9
202.71,1.31003,9.1507,3.9
202.72,1.31263,14.2899,3.9
202.73,1.31523,3.11454,3.9
202.74,1.31783,22.9784,3.9
202.75,1.32043,4.83239,3.9
202.76,1.321,11.054,3.9
202.77,1.321,3.65162,3.9
202.78,1.321,13.7335,3.9
202.79,1.321,10.4699,3.9
202.8,1.321,6.57794,3.9
202.81,1.321,22.4669,3.9
202.82,1.321,7.22355,3.9
202.83,1.321,-0.649034,3.9
202.84,1.321,10.5501,3.9
202.85,1.321,13.2862,3.9
202.86,1.321,12.5079,3.9
202.87,1.321,17.8527,3.9
202.88,1.321,16.7214,3.9
202.89,1.321,12.1032,3.9
202.9,1.321,2.91973,3.9
202.91,1.321,14.2426,3.9
202.92,1.321,11.5882,3.9
202.93,1.321,13.2282,3.9
202.94,1.321,8.17194,3.9
202.95,1.321,20.4675,3.9
202.96,1.31897,15.1768,3.9
202.97,1.31637,15.0732,3.9
202.98,1.31377,23.1258,3.9
202.99,1.31117,15.7691,3.9
203,1.30857,8.41237,3.9
203.01,1.30597,3.10014,3.9
203.02,1.30337,6.1215,3.9
203.03,1.30077,11.2263,3.9
203.04,1.29817,20.1264,3.9
203.05,1.29557,7.06838,3.9
203.06,1.29703,11.228,3.9
203.07,1.29963,13.1601,3.9
203.08,1.30223,4.19042,3.9
203.09,1.30483,5.97796,3.9
203.1,1.30743,14.4135,3.9
203.11,1.31003,7.16466,3.9
203.12,1.31263,17.5856,3.9
203.13,1.31523,5.50787,3.9
203.14,1.31783,10.8293,3.9
203.15,1.32043,-0.834825,3.9
203.16,1.321,11.5314,3.9
203.17,1.321,25.3976,3.9
203.18,1.321,0.340658,3.9
203.19,1.321,2.75606,3.9
203.2,1.321,8.04911,3.9
203.21,1.321,2.20898,3.9
203.22,1.321,0.422708,3.9
203.23,1.321,1.57087,3.9
203.24,1.321,20.5349,3.9
203.25,1.321,6.96794,3.9
203.26,1.321,11.1621,3.9
203.27,1.321,7.30235,3.9
203.28,1.321,0.133976,3.9
203.29,1.321,6.84024,3.9
203.3,1.321,6.8781,3.9
203.31,1.321,11.4071,3.9
203.32,1.321,9.32965,3.9
203.33,1.321,3.22487,3.9
203.34,1.321,7.60754,3.9
203.35,1.321,13.052,3.9
203.36,1.321,15.3583,3.9
203.37,1.321,21.4824,3.9
203.38,1.321,2.64375,3.9
203.39,1.321,18.4706,3.9
203.4,1.321,5.04262,3.9
203.41,1.321,9.76446,3.9
203.42,1.321,4.21382,3.9
203.43,1.321,1.582,3.9
203.44,1.321,1.85803,3.9
203.45,1.321,4.3723,3.9
203.46,1.321,4.3723,3.9
203.47,1.321,4.3723,3.9
203.48,1.321,4.3723,3.9
203.49,1.321,4.3723,3.9
203.5,1.321,20.5488,3.9
203.51,1.321,19.1659,3.9
203.52,1.321,15.6698,3.9
203.53,1.321,6.10827,3.9
203.54,1.321,11.2044,3.9
203.55,1.321,5.63182,3.9
203.56,1.31889,0.514461,3.9
203.57,1.31619,5.49201,3.9
203.58,1.31349,7.9189,3.9
203.59,1.31079,13.2944,3.9
203.6,1.30809,8.25079,3.9
203.61,1.30539,20.5488,3.9
203.62,1.30269,9.3656,3.9
203.63,1.29999,3.24401,3.9
203.64,1.29729,0.441898,3.9
203.65,1.29459,10.3914,3.9
203.66,1.29408,10.2699,3.9
203.67,1.29418,7.46115,3.9
203.68,1.29428,1.84066,3.9
203.69,1.29438,7.3553,3.9
203.7,1.29448,13.5028,3.9
203.71,1.29458,13.0676,3.9
203.72,1.29468,9.41928,3.9
203.73,1.29478,9.58178,3.9
203.74,1.29488,2.04113,3.9
203.75,1.29498,1.59542,3.9
203.76,1.295,5.65112,3.9
203.77,1.295,13.0952,3.9
203.78,1.295,12.6672,3.9
203.79,1.295,5.19985,3.9
203.8,1.295,9.39823,3.9
203.81,1.295,8.4274,3.9
203.82,1.295,11.0127,3.9
203.83,1.295,12.4605,3.9
203.84,1.295,15.2236,3.9
203.85,1.295,15.1277,3.9
203.86,1.29703,7.68729,3.9
203.87,1.29963,6.92287,3.9
203.88,1.30223,12.4605,3.9
203.89,1.30483,7.64098,3.9
203.9,1.30743,18.0917,3.9
203.91,1.31003,18.9015,3.9
203.92,1.31263,19.7112,3.9
203.93,1.31523,20.5209,3.9
203.94,1.31783,11.3562,3.9
203.95,1.32043,8.19971,3.9
203.96,1.321,10.3389,3.9
203.97,1.321,5.14219,3.9
203.98,1.321,10.8031,3.9
203.99,1.321,16.7004,3.9
204,1.321,14.1795,3.9
204.01,1.321,19.8264,3.9
204.02,1.321,12.2014,3.9
204.03,1.321,15.7326,3.9
204.04,1.321,4.40724,3.9
204.05,1.321,9.76446,3.9
204.06,1.321,12.056,3.9
204.07,1.321,15.1566,3.9
204.08,1.321,9.75932,3.9
204.09,1.321,8.96747,3.9
204.1,1.321,8.42118,3.9
204.11,1.321,8.80526,3.9
204.12,1.321,12.4313,3.9
204.13,1.321,16.4637,3.9
204.14,1.321,15.8719,3.9
204.15,1.321,12.8532,3.9
204.16,1.31889,10.4739,3.9
204.17,1.31619,4.8975,3.9
204.18,1.31349,8.62833,3.9
204.19,1.31079,20.9892,3.9
204.2,1.30809,8.99458,3.9
204.21,1.30539,12.7218,3.9
204.22,1.30269,4.56549,3.9
204.23,1.29999,2.79823,3.9
204.24,1.29729,8.78875,3.9
204.25,1.29459,1.01241,3.9
204.26,1.29611,5.17924,3.9
204.27,1.29881,9.15826,3.9
204.28,1.30151,12.1776,3.9
204.29,1.30421,19.8914,3.9
204.3,1.30691,18.4243,3.9
204.31,1.30961,9.94354,3.9
204.32,1.31231,4.3234,3.9
204.33,1.31501,16.1702,3.9
204.34,1.31771,0.019784,3.9
204.35,1.32041,14.5813,3.9
204.36,1.321,1.40716,3.9
204.37,1.321,-0.92449,3.9
204.38,1.321,-0.725658,3.9
204.39,1.321,-0.526826,3.9
204.4,1.321,,3.9
204.41,1.321,,3.9
204.42,1.321,,3.9
204.43,1.321,,3.9
204.44,1.321,,3.9
204.45,1.321,,3.9
204.46,1.321,,3.9
204.47,1.321,,3.9
204.48,1.321,1.26267,3.9
204.49,1.321,1.4615,3.9
204.5,1.321,1.66033,3.9
204.51,1.321,7.16689,3.9
204.52,1.321,9.85409,3.9
204.53,1.321,10.7041,3.9
204.54,1.321,2.48527,3.9
204.55,1.321,11.1038,3.9
204.56,1.321,13.6379,3.9
204.57,1.321,-0.32734,3.9
204.58,1.321,8.18812,3.9
204.59,1.321,12.0614,3.9
204.6,1.321,23.7738,3.9
204.61,1.321,7.98536,3.9
204.62,1.321,7.35814,3.9
204.63,1.321,1.02083,3.9
204.64,1.321,10.9297,3.9
204.65,1.321,18.214,3.9
204.66,1.31897,5.65242,3.9
204.67,1.31637,0.9918,3.9
204.68,1.31377,3.89222,3.9
204.69,1.31117,5.92514,3.9
204.7,1.30857,11.7784,3.9
204.71,1.30597,10.8253,3.9
204.72,1.30337,6.87018,3.9
204.73,1.30077,10.2704,3.9
204.74,1.29817,12.9378,3.9
204.75,1.29557,8.52212,3.9
204.76,1.295,3.36804,3.9
204.77,1.295,6.53349,3.9
204.78,1.295,12.0615,3.9
204.79,1.295,12.2356,3.9
204.8,1.295,2.98698,3.9
204.81,1.295,17.8281,3.9
204.82,1.295,16.444,3.9
204.83,1.295,12.7898,3.9
204.84,1.295,4.00596,3.9
204.85,1.295,1.80994,3.9
204.86,1.295,19.5442,3.9
204.87,1.295,1.41088,3.9
204.88,1.295,1.86922,3.9
204.89,1.295,12.4605,3.9
204.9,1.295,11.6775,3.9
204.91,1.295,5.64144,3.9
204.92,1.295,6.8001,3.9
204.93,1.295,7.31219,3.9
204.94,1.295,17.6067,3.9
204.95,1.295,12.4605,3.9
204.96,1.29703,24.5868,3.9
204.97,1.29963,23.5174,3.9
204.98,1.30223,5.48434,3.9
204.99,1.30483,6.39454,3.9
205,1.30743,22.8119,3.9
205.01,1.31003,-0.063654,3.9
205.02,1.31263,15.5916,3.9
205.03,1.31523,12.2404,3.9
205.04,1.31783,2.11154,3.9
205.05,1.32043,6.8822,3.9
205.06,1.31897,7.99824,3.9
205.07,1.31637,2.37562,3.9
205.08,1.31377,5.27157,3.9
205.09,1.31117,8.4715,3.9
205.1,1.30857,18.9984,3.9
205.11,1.30597,8.05302,3.9
205.12,1.30337,9.76446,3.9
205.13,1.30077,9.76446,3.9
205.14,1.29817,9.76446,3.9
205.15,1.29557,15.4766,3.9
205.16,1.29703,2.44915,3.9
205.17,1.29963,25.0024,3.9
205.18,1.30223,8.48827,3.9
205.19,1.30483,2.08707,3.9
205.2,1.30743,5.18641,3.9
205.21,1.31003,12.9733,3.9
205.22,1.31263,17.0986,3.9
205.23,1.31523,23.6037,3.9
205.24,1.31783,20.1935,3.9
205.25,1.32043,10.8392,3.9
205.26,1.321,8.41642,3.9
205.27,1.321,7.84215,3.9
205.28,1.321,2.44415,3.9
205.29,1.321,2.11534,3.9
205.3,1.321,10.6086,3.9
205.31,1.321,16.459,3.9
205.32,1.321,4.52438,3.9
205.33,1.321,14.8732,3.9
205.34,1.321,15.1566,3.9
205.35,1.321,4.7621,3.9
205.36,1.31897,19.8356,3.9
205.37,1.31637,12.7521,3.9
205.38,1.31377,15.8915,3.9
205.39,1.31117,0.722014,3.9
205.4,1.30857,16.6302,3.9
205.41,1.30597,1.32813,3.9
205.42,1.30337,18.0422,3.9
205.43,1.30077,16.6898,3.9
205.44,1.29817,14.0583,3.9
205.45,1.29557,20.0299,3.9
205.46,1.29703,16.6417,3.9
205.47,1.29963,4.56516,3.9
205.48,1.30223,16.1594,3.9
205.49,1.30483,21.7258,3.9
205.5,1.30743,11.8689,3.9
205.51,1.31003,7.28697,3.9
205.52,1.31263,4.3723,3.9
205.53,1.31523,7.21045,3.9
205.54,1.31783,4.13044,3.9
205.55,1.32043,1.67622,3.9
205.56,1.321,9.83275,3.9
205.57,1.321,13.1435,3.9
205.58,1.321,2.73301,3.9
205.59,1.321,2.04183,3.9
205.6,1.321,5.71251,3.9
205.61,1.321,9.76446,3.9
205.62,1.321,4.16606,3.9
205.63,1.321,3.30724,3.9
205.64,1.321,7.20504,3.9
205.65,1.321,1.0507,3.9
205.66,1.321,6.96547,3.9
205.67,1.321,15.8949,3.9
205.68,1.321,4.01794,3.9
205.69,1.321,6.68429,3.9
205.7,1.321,10.1096,3.9
205.71,1.321,18.9098,3.9
205.72,1.321,7.9895,3.9
205.73,1.321,9.99184,3.9
205.74,1.321,3.88792,3.9
205.75,1.321,16.1653,3.9
205.76,1.31897,4.85417,3.9
205.77,1.31637,8.12726,3.9
205.78,1.31377,11.4003,3.9
205.79,1.31117,9.11344,3.9
205.8,1.30857,4.78928,3.9
205.81,1.30597,2.25929,3.9
205.82,1.30337,13.25,3.9
205.83,1.30077,1.70727,3.9
205.84,1.29817,14.9537,3.9
205.85,1.29557,-0.902975,3.9
205.86,1.29703,18.8039,3.9
205.87,1.29963,13.1196,3.9
205.88,1.30223,3.4754,3.9
205.89,1.30483,6.05708,3.9
205.9,1.30743,4.83711,3.9
205.91,1.31003,18.7371,3.9
205.92,1.31263,15.8205,3.9
205.93,1.31523,14.6449,3.9
205.94,1.31783,21.4221,3.9
205.95,1.32043,11.208,3.9
205.96,1.321,9.5224,3.9
205.97,1.321,13.5923,3.9
205.98,1.321,1.53474,3.9
205.99,1.321,11.832,3.9
206,1.321,16.9,3.9
206.01,1.321,11.7216,3.9
206.02,1.321,7.81372,3.9
206.03,1.321,16.0548,3.9
206.04,1.321,20.5488,3.9
206.05,1.321,19.0874,3.9
206.06,1.31897,12.144,3.9
206.07,1.31637,8.40526,3.9
206.08,1.31377,4.3723,3.9
206.09,1.31117,-0.156134,3.9
206.1,1.30857,21.8669,3.9
206.11,1.30597,17.615,3.9
206.12,1.30337,6.27286,3.9
206.13,1.30077,23.8391,3.9
206.14,1.29817,0.702629,3.9
206.15,1.29557,2.21932,3.9
206.16,1.29703,17.1499,3.9
206.17,1.29963,14.9846,3.9
206.18,1.30223,7.77891,3.9
206.19,1.30483,2.19216,3.9
206.2,1.30743,7.15302,3.9
206.21,1.31003,18.8728,3.9
206.22,1.31263,3.48613,3.9
206.23,1.31523,2.85651,3.9
206.24,1.31783,12.63,3.9
206.25,1.32043,9.42706,3.9
206.26,1.321,18.404,3.9
206.27,1.321,16.5597,3.9
206.28,1.321,5.2977,3.9
206.29,1.321,11.2128,3.9
206.3,1.321,10.5061,3.9
206.31,1.321,5.4398,3.9
206.32,1.321,5.27716,3.9
206.33,1.321,5.98089,3.9
206.34,1.321,14.4334,3.9
